<?xml version = '1.0' encoding = 'UTF-8'?>
<Entity class="oracle.dbtools.crest.model.design.logical.Entity" directorySegmentName="seg_0" id="0C2908A6-99E8-29E4-EE72-80267E9B1279" name="Vuelo">
<createdBy>PC</createdBy>
<createdTime>2025-08-16 00:15:08 UTC</createdTime>
<ownerDesignName>S1_Modelamiento_DB_Ignacio_Caceres</ownerDesignName>
<engineerTo>
<item key="CBD5A2D1-DFD2-8995-9370-5FAFFD93C895" value="true"/>
</engineerTo>
<adequatelyNormalized>NO</adequatelyNormalized>
<expectedVolumes>0</expectedVolumes>
<fwdEngineeringStrategyName>Single Table</fwdEngineeringStrategyName>
<growthPercent>0</growthPercent>
<growthType>Year</growthType>
<maxVolumes>9999999</maxVolumes>
<minVolumes>0</minVolumes>
<normalForm>Third</normalForm>
<attributes itemClass="oracle.dbtools.crest.model.design.logical.Attribute">
<Attribute name="num_vuelo" id="04F63738-BEF9-822D-159F-87C72143BAEC">
<createdBy>PC</createdBy>
<createdTime>2025-08-16 00:15:57 UTC</createdTime>
<ownerDesignName>S1_Modelamiento_DB_Ignacio_Caceres</ownerDesignName>
<engineerTo>
<item key="CBD5A2D1-DFD2-8995-9370-5FAFFD93C895" value="true"/>
</engineerTo>
<useDomainConstraints>false</useDomainConstraints>
<use>1</use>
<logicalDatatype>LOGDT024</logicalDatatype>
<ownDataTypeParameters>,,</ownDataTypeParameters>
</Attribute>
<Attribute name="fecha_despegue" id="CA4B89BA-39CC-8DA0-9E93-895082B22CE2">
<createdBy>PC</createdBy>
<createdTime>2025-08-16 00:15:23 UTC</createdTime>
<ownerDesignName>S1_Modelamiento_DB_Ignacio_Caceres</ownerDesignName>
<engineerTo>
<item key="CBD5A2D1-DFD2-8995-9370-5FAFFD93C895" value="true"/>
</engineerTo>
<useDomainConstraints>false</useDomainConstraints>
<use>1</use>
<logicalDatatype>LOGDT007</logicalDatatype>
<ownDataTypeParameters>,,</ownDataTypeParameters>
</Attribute>
<Attribute name="fecha_llegada" id="A98B49AB-CB8E-B891-7E21-D58E8438B00B">
<createdBy>PC</createdBy>
<createdTime>2025-08-16 00:15:46 UTC</createdTime>
<ownerDesignName>S1_Modelamiento_DB_Ignacio_Caceres</ownerDesignName>
<engineerTo>
<item key="CBD5A2D1-DFD2-8995-9370-5FAFFD93C895" value="true"/>
</engineerTo>
<useDomainConstraints>false</useDomainConstraints>
<use>1</use>
<logicalDatatype>LOGDT007</logicalDatatype>
<ownDataTypeParameters>,,</ownDataTypeParameters>
</Attribute>
<Attribute name="hora_despegue" id="50FF83A5-B757-1314-3C52-E65674B21B6C">
<createdBy>PC</createdBy>
<createdTime>2025-08-16 00:16:20 UTC</createdTime>
<ownerDesignName>S1_Modelamiento_DB_Ignacio_Caceres</ownerDesignName>
<engineerTo>
<item key="CBD5A2D1-DFD2-8995-9370-5FAFFD93C895" value="true"/>
</engineerTo>
<useDomainConstraints>false</useDomainConstraints>
<use>1</use>
<logicalDatatype>LOGDT007</logicalDatatype>
<ownDataTypeParameters>,,</ownDataTypeParameters>
</Attribute>
</attributes>
<identifiers itemClass="oracle.dbtools.crest.model.design.logical.CandidateKey">
<identifier id="8AA24BAC-718A-E0A7-A171-E52C0C092628" name="Vuelo PK">
<createdBy>PC</createdBy>
<createdTime>2025-08-16 00:16:16 UTC</createdTime>
<ownerDesignName>S1_Modelamiento_DB_Ignacio_Caceres</ownerDesignName>
<engineerTo>
<item key="CBD5A2D1-DFD2-8995-9370-5FAFFD93C895" value="true"/>
</engineerTo>
<pk>true</pk>
<usedAttributes>
<attributeRef>04F63738-BEF9-822D-159F-87C72143BAEC</attributeRef>
</usedAttributes>
</identifier>
</identifiers>
</Entity>