<?xml version = '1.0' encoding = 'UTF-8'?>
<Entity class="oracle.dbtools.crest.model.design.logical.Entity" directorySegmentName="seg_0" id="4FE61C86-088A-7627-FF73-AEF5169F43F0" name="Reserva">
<createdBy>PC</createdBy>
<createdTime>2025-08-16 01:52:42 UTC</createdTime>
<ownerDesignName>S1_Modelamiento_DB_Ignacio_Caceres</ownerDesignName>
<engineerTo>
<item key="CBD5A2D1-DFD2-8995-9370-5FAFFD93C895" value="true"/>
</engineerTo>
<adequatelyNormalized>NO</adequatelyNormalized>
<expectedVolumes>0</expectedVolumes>
<fwdEngineeringStrategyName>Single Table</fwdEngineeringStrategyName>
<growthPercent>0</growthPercent>
<growthType>Year</growthType>
<maxVolumes>9999999</maxVolumes>
<minVolumes>0</minVolumes>
<normalForm>Third</normalForm>
<attributes itemClass="oracle.dbtools.crest.model.design.logical.Attribute">
<Attribute name="numero_reserva" id="6AE02B51-0541-9B3C-B015-E9A9F1B403E2">
<createdBy>PC</createdBy>
<createdTime>2025-08-16 01:52:51 UTC</createdTime>
<ownerDesignName>S1_Modelamiento_DB_Ignacio_Caceres</ownerDesignName>
<engineerTo>
<item key="CBD5A2D1-DFD2-8995-9370-5FAFFD93C895" value="true"/>
</engineerTo>
<useDomainConstraints>false</useDomainConstraints>
<use>1</use>
<logicalDatatype>LOGDT019</logicalDatatype>
<ownDataTypeParameters>,,</ownDataTypeParameters>
</Attribute>
<Attribute name="fecha_reserva" id="89E616A3-7CAA-6766-B706-1045D9BC991B">
<createdBy>PC</createdBy>
<createdTime>2025-08-16 01:53:13 UTC</createdTime>
<ownerDesignName>S1_Modelamiento_DB_Ignacio_Caceres</ownerDesignName>
<engineerTo>
<item key="CBD5A2D1-DFD2-8995-9370-5FAFFD93C895" value="true"/>
</engineerTo>
<useDomainConstraints>false</useDomainConstraints>
<use>1</use>
<logicalDatatype>LOGDT007</logicalDatatype>
<ownDataTypeParameters>,,</ownDataTypeParameters>
</Attribute>
<Attribute name="fecha_viaje" id="3B48D5E8-BF7F-B8AB-8727-06F565D43B25">
<createdBy>PC</createdBy>
<createdTime>2025-08-16 01:53:50 UTC</createdTime>
<ownerDesignName>S1_Modelamiento_DB_Ignacio_Caceres</ownerDesignName>
<engineerTo>
<item key="CBD5A2D1-DFD2-8995-9370-5FAFFD93C895" value="true"/>
</engineerTo>
<useDomainConstraints>false</useDomainConstraints>
<use>1</use>
<logicalDatatype>LOGDT007</logicalDatatype>
<ownDataTypeParameters>,,</ownDataTypeParameters>
</Attribute>
<Attribute name="estado_viaje" id="99E3652D-2680-5D2E-B399-BE60B9FF58E3">
<createdBy>PC</createdBy>
<createdTime>2025-08-16 01:54:00 UTC</createdTime>
<ownerDesignName>S1_Modelamiento_DB_Ignacio_Caceres</ownerDesignName>
<engineerTo>
<item key="CBD5A2D1-DFD2-8995-9370-5FAFFD93C895" value="true"/>
</engineerTo>
<useDomainConstraints>false</useDomainConstraints>
<use>1</use>
<logicalDatatype>LOGDT024</logicalDatatype>
<ownDataTypeParameters>,,</ownDataTypeParameters>
</Attribute>
<Attribute name="num_pasaporte" id="9320F630-22A8-04DC-2E84-53873ED80AB6">
<createdBy>PC</createdBy>
<createdTime>2025-08-16 01:57:46 UTC</createdTime>
<generatorID>835338F3-FCB2-41C1-4F95-6518B8C95E70</generatorID>
<ownerDesignName>S1_Modelamiento_DB_Ignacio_Caceres</ownerDesignName>
<engineerTo>
<item key="CBD5A2D1-DFD2-8995-9370-5FAFFD93C895" value="true"/>
</engineerTo>
<referedAttribute>C7225152-0D90-EC51-4154-82E361FD10A3</referedAttribute>
<use>0</use>
<ownDataTypeParameters>,,</ownDataTypeParameters>
</Attribute>
<Attribute name="rut" id="54ED8E8E-076F-0781-0E8A-E4C013C733B2">
<createdBy>PC</createdBy>
<createdTime>2025-08-16 01:58:07 UTC</createdTime>
<generatorID>5AB7B6D7-75E9-5974-9A00-6522A4DDEE43</generatorID>
<ownerDesignName>S1_Modelamiento_DB_Ignacio_Caceres</ownerDesignName>
<engineerTo>
<item key="CBD5A2D1-DFD2-8995-9370-5FAFFD93C895" value="true"/>
</engineerTo>
<referedAttribute>27F4D27D-9E5F-9A6B-C338-A2F50279DB44</referedAttribute>
<use>0</use>
<ownDataTypeParameters>,,</ownDataTypeParameters>
</Attribute>
<Attribute name="num_vuelo" id="DD73375B-46D4-2954-E965-1E34DD003B37">
<createdBy>PC</createdBy>
<createdTime>2025-08-16 01:58:56 UTC</createdTime>
<generatorID>92C32B08-7A53-4CFC-AB28-EB2EC40DFD75</generatorID>
<ownerDesignName>S1_Modelamiento_DB_Ignacio_Caceres</ownerDesignName>
<engineerTo>
<item key="CBD5A2D1-DFD2-8995-9370-5FAFFD93C895" value="true"/>
</engineerTo>
<referedAttribute>04F63738-BEF9-822D-159F-87C72143BAEC</referedAttribute>
<useDomainConstraints>false</useDomainConstraints>
<use>1</use>
<logicalDatatype>LOGDT024</logicalDatatype>
<ownDataTypeParameters>,,</ownDataTypeParameters>
</Attribute>
</attributes>
<identifiers itemClass="oracle.dbtools.crest.model.design.logical.CandidateKey">
<identifier id="7E0509A6-1CD1-F03E-E184-D14CB5E3488D" name="Reserva PK">
<createdBy>PC</createdBy>
<createdTime>2025-08-16 01:53:09 UTC</createdTime>
<ownerDesignName>S1_Modelamiento_DB_Ignacio_Caceres</ownerDesignName>
<engineerTo>
<item key="CBD5A2D1-DFD2-8995-9370-5FAFFD93C895" value="true"/>
</engineerTo>
<pk>true</pk>
<usedAttributes>
<attributeRef>6AE02B51-0541-9B3C-B015-E9A9F1B403E2</attributeRef>
</usedAttributes>
</identifier>
</identifiers>
</Entity>