<?xml version = '1.0' encoding = 'UTF-8'?>
<Entity class="oracle.dbtools.crest.model.design.logical.Entity" directorySegmentName="seg_0" id="5130789D-18F6-1ABC-BFD2-410BC7CA821F" name="Empleado">
<createdBy>PC</createdBy>
<createdTime>2025-08-16 00:07:55 UTC</createdTime>
<ownerDesignName>S1_Modelamiento_DB_Ignacio_Caceres</ownerDesignName>
<engineerTo>
<item key="CBD5A2D1-DFD2-8995-9370-5FAFFD93C895" value="true"/>
</engineerTo>
<adequatelyNormalized>NO</adequatelyNormalized>
<expectedVolumes>0</expectedVolumes>
<fwdEngineeringStrategyName>Single Table</fwdEngineeringStrategyName>
<growthPercent>0</growthPercent>
<growthType>Year</growthType>
<maxVolumes>9999999</maxVolumes>
<minVolumes>0</minVolumes>
<normalForm>Third</normalForm>
<attributes itemClass="oracle.dbtools.crest.model.design.logical.Attribute">
<Attribute name="rut" id="27F4D27D-9E5F-9A6B-C338-A2F50279DB44">
<createdBy>PC</createdBy>
<createdTime>2025-08-16 00:12:22 UTC</createdTime>
<ownerDesignName>S1_Modelamiento_DB_Ignacio_Caceres</ownerDesignName>
<engineerTo>
<item key="CBD5A2D1-DFD2-8995-9370-5FAFFD93C895" value="true"/>
</engineerTo>
<use>0</use>
<ownDataTypeParameters>,,</ownDataTypeParameters>
</Attribute>
<Attribute name="nombre" id="6FA596DF-993F-EB0A-F8C5-11286587BC39">
<createdBy>PC</createdBy>
<createdTime>2025-08-16 00:13:12 UTC</createdTime>
<ownerDesignName>S1_Modelamiento_DB_Ignacio_Caceres</ownerDesignName>
<engineerTo>
<item key="CBD5A2D1-DFD2-8995-9370-5FAFFD93C895" value="true"/>
</engineerTo>
<useDomainConstraints>false</useDomainConstraints>
<use>1</use>
<logicalDatatype>LOGDT024</logicalDatatype>
<ownDataTypeParameters>,,</ownDataTypeParameters>
</Attribute>
<Attribute name="direccion" id="4E30D407-EC98-1A69-FDD4-E37E526E5E19">
<createdBy>PC</createdBy>
<createdTime>2025-08-16 00:13:22 UTC</createdTime>
<ownerDesignName>S1_Modelamiento_DB_Ignacio_Caceres</ownerDesignName>
<engineerTo>
<item key="CBD5A2D1-DFD2-8995-9370-5FAFFD93C895" value="true"/>
</engineerTo>
<useDomainConstraints>false</useDomainConstraints>
<use>1</use>
<logicalDatatype>LOGDT024</logicalDatatype>
<ownDataTypeParameters>,,</ownDataTypeParameters>
</Attribute>
<Attribute name="sueldo" id="658E11F4-286D-23AA-9F68-18ADBC3DBBCF">
<createdBy>PC</createdBy>
<createdTime>2025-08-16 00:13:33 UTC</createdTime>
<ownerDesignName>S1_Modelamiento_DB_Ignacio_Caceres</ownerDesignName>
<engineerTo>
<item key="CBD5A2D1-DFD2-8995-9370-5FAFFD93C895" value="true"/>
</engineerTo>
<useDomainConstraints>false</useDomainConstraints>
<use>1</use>
<logicalDatatype>LOGDT019</logicalDatatype>
<ownDataTypeParameters>,,</ownDataTypeParameters>
</Attribute>
<Attribute name="inicio_contrato" id="BF369A28-69FD-1743-C3D9-3AE1E0E5EE3B">
<createdBy>PC</createdBy>
<createdTime>2025-08-16 00:13:55 UTC</createdTime>
<ownerDesignName>S1_Modelamiento_DB_Ignacio_Caceres</ownerDesignName>
<engineerTo>
<item key="CBD5A2D1-DFD2-8995-9370-5FAFFD93C895" value="true"/>
</engineerTo>
<useDomainConstraints>false</useDomainConstraints>
<use>1</use>
<logicalDatatype>LOGDT007</logicalDatatype>
<ownDataTypeParameters>,,</ownDataTypeParameters>
</Attribute>
<Attribute name="genero" id="326A2242-3582-7437-2446-C0172640A06F">
<createdBy>PC</createdBy>
<createdTime>2025-08-16 00:14:11 UTC</createdTime>
<ownerDesignName>S1_Modelamiento_DB_Ignacio_Caceres</ownerDesignName>
<engineerTo>
<item key="CBD5A2D1-DFD2-8995-9370-5FAFFD93C895" value="true"/>
</engineerTo>
<useDomainConstraints>false</useDomainConstraints>
<use>1</use>
<logicalDatatype>LOGDT024</logicalDatatype>
<ownDataTypeParameters>,,</ownDataTypeParameters>
</Attribute>
<Attribute name="fono" id="A9C2ADF9-5C4F-D423-865F-E63CEBCFEDBE">
<createdBy>PC</createdBy>
<createdTime>2025-08-16 00:14:26 UTC</createdTime>
<ownerDesignName>S1_Modelamiento_DB_Ignacio_Caceres</ownerDesignName>
<engineerTo>
<item key="CBD5A2D1-DFD2-8995-9370-5FAFFD93C895" value="true"/>
</engineerTo>
<nullsAllowed>true</nullsAllowed>
<useDomainConstraints>false</useDomainConstraints>
<use>1</use>
<logicalDatatype>LOGDT019</logicalDatatype>
<ownDataTypeParameters>,,</ownDataTypeParameters>
</Attribute>
</attributes>
<identifiers itemClass="oracle.dbtools.crest.model.design.logical.CandidateKey">
<identifier id="60AABDE8-2DEC-2F49-39D3-B06B33E59EE3" name="Empleado PK">
<createdBy>PC</createdBy>
<createdTime>2025-08-16 00:12:59 UTC</createdTime>
<ownerDesignName>S1_Modelamiento_DB_Ignacio_Caceres</ownerDesignName>
<engineerTo>
<item key="CBD5A2D1-DFD2-8995-9370-5FAFFD93C895" value="true"/>
</engineerTo>
<pk>true</pk>
<usedAttributes>
<attributeRef>27F4D27D-9E5F-9A6B-C338-A2F50279DB44</attributeRef>
</usedAttributes>
</identifier>
</identifiers>
</Entity>