<?xml version = '1.0' encoding = 'UTF-8'?>
<Entity class="oracle.dbtools.crest.model.design.logical.Entity" directorySegmentName="seg_0" id="E0291584-679F-2525-93AB-BB5B4711FACE" name="Pasajero">
<createdBy>PC</createdBy>
<createdTime>2025-08-16 00:17:20 UTC</createdTime>
<ownerDesignName>S1_Modelamiento_DB_Ignacio_Caceres</ownerDesignName>
<engineerTo>
<item key="CBD5A2D1-DFD2-8995-9370-5FAFFD93C895" value="true"/>
</engineerTo>
<adequatelyNormalized>NO</adequatelyNormalized>
<expectedVolumes>0</expectedVolumes>
<fwdEngineeringStrategyName>Single Table</fwdEngineeringStrategyName>
<growthPercent>0</growthPercent>
<growthType>Year</growthType>
<maxVolumes>9999999</maxVolumes>
<minVolumes>0</minVolumes>
<normalForm>Third</normalForm>
<attributes itemClass="oracle.dbtools.crest.model.design.logical.Attribute">
<Attribute name="num_pasaporte" id="C7225152-0D90-EC51-4154-82E361FD10A3">
<createdBy>PC</createdBy>
<createdTime>2025-08-16 00:17:33 UTC</createdTime>
<ownerDesignName>S1_Modelamiento_DB_Ignacio_Caceres</ownerDesignName>
<engineerTo>
<item key="CBD5A2D1-DFD2-8995-9370-5FAFFD93C895" value="true"/>
</engineerTo>
<use>0</use>
<ownDataTypeParameters>,,</ownDataTypeParameters>
</Attribute>
<Attribute name="nombre" id="DD96111B-0D89-6761-AD62-1875AE4CCE8D">
<createdBy>PC</createdBy>
<createdTime>2025-08-16 00:17:53 UTC</createdTime>
<ownerDesignName>S1_Modelamiento_DB_Ignacio_Caceres</ownerDesignName>
<engineerTo>
<item key="CBD5A2D1-DFD2-8995-9370-5FAFFD93C895" value="true"/>
</engineerTo>
<useDomainConstraints>false</useDomainConstraints>
<use>1</use>
<logicalDatatype>LOGDT024</logicalDatatype>
<ownDataTypeParameters>,,</ownDataTypeParameters>
</Attribute>
<Attribute name="nacimiento" id="1E35C1AB-B3D6-56F6-9BA0-7193478DBAFA">
<createdBy>PC</createdBy>
<createdTime>2025-08-16 00:18:04 UTC</createdTime>
<ownerDesignName>S1_Modelamiento_DB_Ignacio_Caceres</ownerDesignName>
<engineerTo>
<item key="CBD5A2D1-DFD2-8995-9370-5FAFFD93C895" value="true"/>
</engineerTo>
<use>0</use>
<ownDataTypeParameters>,,</ownDataTypeParameters>
</Attribute>
<Attribute name="nacionalidad" id="1256BC77-E50F-E864-ACFF-049ED89CB8A8">
<createdBy>PC</createdBy>
<createdTime>2025-08-16 00:18:12 UTC</createdTime>
<ownerDesignName>S1_Modelamiento_DB_Ignacio_Caceres</ownerDesignName>
<engineerTo>
<item key="CBD5A2D1-DFD2-8995-9370-5FAFFD93C895" value="true"/>
</engineerTo>
<useDomainConstraints>false</useDomainConstraints>
<use>1</use>
<logicalDatatype>LOGDT024</logicalDatatype>
<ownDataTypeParameters>,,</ownDataTypeParameters>
</Attribute>
<Attribute name="telefono" id="477EF1BC-4784-3366-BB5E-B2F36BD681C3">
<createdBy>PC</createdBy>
<createdTime>2025-08-16 00:18:23 UTC</createdTime>
<ownerDesignName>S1_Modelamiento_DB_Ignacio_Caceres</ownerDesignName>
<engineerTo>
<item key="CBD5A2D1-DFD2-8995-9370-5FAFFD93C895" value="true"/>
</engineerTo>
<nullsAllowed>true</nullsAllowed>
<useDomainConstraints>false</useDomainConstraints>
<use>1</use>
<logicalDatatype>LOGDT019</logicalDatatype>
<ownDataTypeParameters>,,</ownDataTypeParameters>
</Attribute>
<Attribute name="email" id="485B5D2E-F240-8D25-81F1-DC086929F4F7">
<createdBy>PC</createdBy>
<createdTime>2025-08-16 00:19:07 UTC</createdTime>
<ownerDesignName>S1_Modelamiento_DB_Ignacio_Caceres</ownerDesignName>
<engineerTo>
<item key="CBD5A2D1-DFD2-8995-9370-5FAFFD93C895" value="true"/>
</engineerTo>
<nullsAllowed>true</nullsAllowed>
<useDomainConstraints>false</useDomainConstraints>
<use>1</use>
<logicalDatatype>LOGDT024</logicalDatatype>
<ownDataTypeParameters>,,</ownDataTypeParameters>
</Attribute>
<Attribute name="rut" id="99DF90E6-E990-19C9-66EF-A4C31152BB55">
<createdBy>PC</createdBy>
<createdTime>2025-08-16 01:50:38 UTC</createdTime>
<generatorID>0CDD0479-665D-44D5-F8A4-509D9C357875</generatorID>
<ownerDesignName>S1_Modelamiento_DB_Ignacio_Caceres</ownerDesignName>
<engineerTo>
<item key="CBD5A2D1-DFD2-8995-9370-5FAFFD93C895" value="true"/>
</engineerTo>
<referedAttribute>27F4D27D-9E5F-9A6B-C338-A2F50279DB44</referedAttribute>
<use>0</use>
<ownDataTypeParameters>,,</ownDataTypeParameters>
</Attribute>
</attributes>
<identifiers itemClass="oracle.dbtools.crest.model.design.logical.CandidateKey">
<identifier id="3A49B059-E578-F5D7-3DE7-88446354DF3A" name="Pasajero PK">
<createdBy>PC</createdBy>
<createdTime>2025-08-16 00:17:49 UTC</createdTime>
<ownerDesignName>S1_Modelamiento_DB_Ignacio_Caceres</ownerDesignName>
<engineerTo>
<item key="CBD5A2D1-DFD2-8995-9370-5FAFFD93C895" value="true"/>
</engineerTo>
<pk>true</pk>
<usedAttributes>
<attributeRef>C7225152-0D90-EC51-4154-82E361FD10A3</attributeRef>
</usedAttributes>
</identifier>
</identifiers>
</Entity>