<?xml version = '1.0' encoding = 'UTF-8'?>
<Diagram class="oracle.dbtools.crest.swingui.logical.DPVLogical" name="Logical" id="0ACCCADE-C7B4-A5CA-8D17-95FF729D77EF">
<createdBy>PC</createdBy>
<modifiedBy>PC</modifiedBy>
<createdTime>2025-09-01 00:44:35 UTC</createdTime>
<autoRoute>false</autoRoute>
<boxInbox>true</boxInbox>
<showLegend>false</showLegend>
<showLabels>false</showLabels>
<showRelAttributes>false</showRelAttributes>
<gridEnabled>false</gridEnabled>
<showGrid>false</showGrid>
<diagramColor>-1</diagramColor>
<display>false</display>
<notation>2</notation>
<objectViews>
<OView class="oracle.dbtools.crest.swingui.logical.TVEntity" oid="1DAECA5E-2EC4-DBFD-CC22-F336F0539872" otype="Entity" vid="6148650E-C42F-63D7-81E3-7E17628DD7C5">
<hideElementsInCurrentOnly>false</hideElementsInCurrentOnly>
<bounds x="1322" y="578" width="220" height="110"/>
</OView>
<OView class="oracle.dbtools.crest.swingui.logical.TVEntity" oid="4376EB17-9E9F-992F-1B34-67B5E5ECB038" otype="Entity" vid="BE2140C3-4099-1BBE-2B7F-AA969EC4AA91">
<hideElementsInCurrentOnly>false</hideElementsInCurrentOnly>
<bounds x="29" y="147" width="232" height="110"/>
</OView>
<OView class="oracle.dbtools.crest.swingui.logical.TVEntity" oid="72216CEC-6AD5-BF35-AF42-178770173462" otype="Entity" vid="DEE45F65-D408-9AD8-C7BB-5DD2070733FE">
<hideElementsInCurrentOnly>false</hideElementsInCurrentOnly>
<bounds x="83" y="626" width="219" height="155"/>
</OView>
<OView class="oracle.dbtools.crest.swingui.logical.TVEntity" oid="73BD5B19-C838-F02D-7F50-94935941EE5B" otype="Entity" vid="6B9BE63C-1996-2A0C-5D26-0E8843757103">
<hideElementsInCurrentOnly>false</hideElementsInCurrentOnly>
<bounds x="1047" y="584" width="208" height="110"/>
</OView>
<OView class="oracle.dbtools.crest.swingui.logical.TVEntity" oid="A7B9A662-FE0E-C82E-7DA5-7D245AAFF317" otype="Entity" vid="F3A6E256-E160-AFCF-1BE5-62F724A96DAC">
<hideElementsInCurrentOnly>false</hideElementsInCurrentOnly>
<bounds x="415" y="540" width="229" height="110"/>
</OView>
<OView class="oracle.dbtools.crest.swingui.logical.TVEntity" oid="A8C63D13-64CC-E88D-D7FB-86005E5949D4" otype="Entity" vid="B9D091FF-F1E8-7D4D-D5B8-38C70E5D3115">
<hideElementsInCurrentOnly>false</hideElementsInCurrentOnly>
<bounds x="72" y="367" width="214" height="110"/>
</OView>
<OView class="oracle.dbtools.crest.swingui.logical.TVEntity" oid="A94B2A66-FA0B-8520-CA0B-5B01A26D8A43" otype="Entity" vid="7C7B2C91-0689-78F9-1A26-517E73F8028D">
<hideElementsInCurrentOnly>false</hideElementsInCurrentOnly>
<bounds x="564" y="74" width="446" height="229"/>
</OView>
<OView class="oracle.dbtools.crest.swingui.logical.TVEntity" oid="BBFF2CB6-260B-3CAB-FAB8-B7A0D4A42F0A" otype="Entity" vid="9BC64A9F-A4BA-146C-DD4F-582F1A2E4B54">
<hideElementsInCurrentOnly>false</hideElementsInCurrentOnly>
<bounds x="1037" y="452" width="515" height="252"/>
</OView>
<OView class="oracle.dbtools.crest.swingui.logical.TVEntity" oid="CB9B4A7F-7F57-B5EB-0A40-60601A6D6AFD" otype="Entity" vid="B5526036-3C18-D782-39B8-8DFE4827CFD2">
<hideElementsInCurrentOnly>false</hideElementsInCurrentOnly>
<bounds x="595" y="373" width="235" height="121"/>
</OView>
<OView class="oracle.dbtools.crest.swingui.logical.TVEntity" oid="DE751FDC-6B7D-B413-9DEB-8989CEA65CAC" otype="Entity" vid="49DB7D88-BC9D-7A89-5A7B-B62ECC6D0A19">
<hideElementsInCurrentOnly>false</hideElementsInCurrentOnly>
<bounds x="596" y="692" width="237" height="125"/>
</OView>
<OView class="oracle.dbtools.crest.swingui.logical.TVEntity" oid="EE244C03-4145-238F-6547-5C5568142AB8" otype="Entity" vid="CE980BB2-F422-BE9D-5460-221ADFB64158">
<hideElementsInCurrentOnly>false</hideElementsInCurrentOnly>
<bounds x="820" y="183" width="170" height="110"/>
</OView>
<OView class="oracle.dbtools.crest.swingui.logical.TVEntity" oid="F4672AE5-2206-2479-8B1D-0D11EB83A093" otype="Entity" vid="596CEDE1-263B-CED0-ED69-3F03C020C67B">
<hideElementsInCurrentOnly>false</hideElementsInCurrentOnly>
<bounds x="574" y="183" width="190" height="110"/>
</OView>
</objectViews>
<connectors>
<Connector class="oracle.dbtools.crest.swingui.logical.TVInheritanceRelation" oid="1F6C437A-D1C4-0737-4353-44972FB8DE18" otype="Hierarchy relation" vid_source="7C7B2C91-0689-78F9-1A26-517E73F8028D" vid_target="596CEDE1-263B-CED0-ED69-3F03C020C67B">
<hideElementsInCurrentOnly>false</hideElementsInCurrentOnly>
<backgroundColor>-65536</backgroundColor>
<lineWidth>1</lineWidth>
</Connector>
<Connector class="oracle.dbtools.crest.swingui.logical.TVRelation" oid="3C1BE29E-367F-9F5E-626B-9F3D23554430" otype="Relation" vid_source="B5526036-3C18-D782-39B8-8DFE4827CFD2" vid_target="F3A6E256-E160-AFCF-1BE5-62F724A96DAC">
<hideElementsInCurrentOnly>false</hideElementsInCurrentOnly>
<backgroundColor>-16777216</backgroundColor>
<lineWidth>1</lineWidth>
<points>
<point x="619" y="494"/>
<point x="619" y="540"/>
</points>
</Connector>
<Connector class="oracle.dbtools.crest.swingui.logical.TVRelation" oid="41FA1D2A-CEAD-7129-3320-44797127EA44" otype="Relation" vid_source="9BC64A9F-A4BA-146C-DD4F-582F1A2E4B54" vid_target="6148650E-C42F-63D7-81E3-7E17628DD7C5">
<hideElementsInCurrentOnly>false</hideElementsInCurrentOnly>
<backgroundColor>-16777216</backgroundColor>
<lineWidth>1</lineWidth>
<points>
<point x="1552" y="588"/>
<point x="1322" y="588"/>
</points>
</Connector>
<Connector class="oracle.dbtools.crest.swingui.logical.TVInheritanceRelation" oid="50F3DBB5-1E9C-D6FA-C4A2-1E0016A7138A" otype="Hierarchy relation" vid_source="9BC64A9F-A4BA-146C-DD4F-582F1A2E4B54" vid_target="6148650E-C42F-63D7-81E3-7E17628DD7C5">
<hideElementsInCurrentOnly>false</hideElementsInCurrentOnly>
<backgroundColor>-65536</backgroundColor>
<lineWidth>1</lineWidth>
</Connector>
<Connector class="oracle.dbtools.crest.swingui.logical.TVRelation" oid="525A5B98-676A-095B-7627-64AF823B01D7" otype="Relation" vid_source="B9D091FF-F1E8-7D4D-D5B8-38C70E5D3115" vid_target="DEE45F65-D408-9AD8-C7BB-5DD2070733FE">
<hideElementsInCurrentOnly>false</hideElementsInCurrentOnly>
<backgroundColor>-16777216</backgroundColor>
<lineWidth>1</lineWidth>
<points>
<point x="184" y="477"/>
<point x="184" y="626"/>
</points>
</Connector>
<Connector class="oracle.dbtools.crest.swingui.logical.TVInheritanceRelation" oid="70EC3B1F-6816-BAAD-2B01-2155B2BBC0A9" otype="Hierarchy relation" vid_source="7C7B2C91-0689-78F9-1A26-517E73F8028D" vid_target="CE980BB2-F422-BE9D-5460-221ADFB64158">
<hideElementsInCurrentOnly>false</hideElementsInCurrentOnly>
<backgroundColor>-65536</backgroundColor>
<lineWidth>1</lineWidth>
</Connector>
<Connector class="oracle.dbtools.crest.swingui.logical.TVInheritanceRelation" oid="7DD72F49-48FA-BA31-7D39-BABBCEB7EA55" otype="Hierarchy relation" vid_source="9BC64A9F-A4BA-146C-DD4F-582F1A2E4B54" vid_target="6B9BE63C-1996-2A0C-5D26-0E8843757103">
<hideElementsInCurrentOnly>false</hideElementsInCurrentOnly>
<backgroundColor>-65536</backgroundColor>
<lineWidth>1</lineWidth>
</Connector>
<Connector class="oracle.dbtools.crest.swingui.logical.TVRelation" oid="844F2B51-0DD0-3241-E679-268959E49888" otype="Relation" vid_source="BE2140C3-4099-1BBE-2B7F-AA969EC4AA91" vid_target="7C7B2C91-0689-78F9-1A26-517E73F8028D">
<hideElementsInCurrentOnly>false</hideElementsInCurrentOnly>
<backgroundColor>-16777216</backgroundColor>
<lineWidth>1</lineWidth>
<points>
<point x="261" y="202"/>
<point x="564" y="202"/>
</points>
</Connector>
<Connector class="oracle.dbtools.crest.swingui.logical.TVRelation" oid="A826F494-4A79-1AEB-82F0-B0F20B4A3AAC" otype="Relation" vid_source="F3A6E256-E160-AFCF-1BE5-62F724A96DAC" vid_target="49DB7D88-BC9D-7A89-5A7B-B62ECC6D0A19">
<hideElementsInCurrentOnly>false</hideElementsInCurrentOnly>
<backgroundColor>-16777216</backgroundColor>
<lineWidth>1</lineWidth>
<points>
<point x="620" y="650"/>
<point x="620" y="692"/>
</points>
</Connector>
<Connector class="oracle.dbtools.crest.swingui.logical.TVRelation" oid="B084B537-ACC0-BDD4-41FF-03ECFCCEDA5D" otype="Relation" vid_source="BE2140C3-4099-1BBE-2B7F-AA969EC4AA91" vid_target="B9D091FF-F1E8-7D4D-D5B8-38C70E5D3115">
<hideElementsInCurrentOnly>false</hideElementsInCurrentOnly>
<backgroundColor>-16777216</backgroundColor>
<lineWidth>1</lineWidth>
<points>
<point x="166" y="257"/>
<point x="166" y="367"/>
</points>
</Connector>
<Connector class="oracle.dbtools.crest.swingui.logical.TVRelation" oid="B18B6854-05A9-0FC5-4081-BC01F33E39FB" otype="Relation" vid_source="9BC64A9F-A4BA-146C-DD4F-582F1A2E4B54" vid_target="49DB7D88-BC9D-7A89-5A7B-B62ECC6D0A19">
<hideElementsInCurrentOnly>false</hideElementsInCurrentOnly>
<backgroundColor>-16777216</backgroundColor>
<lineWidth>1</lineWidth>
<points>
<point x="1037" y="698"/>
<point x="833" y="698"/>
</points>
</Connector>
<Connector class="oracle.dbtools.crest.swingui.logical.TVRelation" oid="BBBDC45D-50C0-D0B6-7025-57928DBD25DA" otype="Relation" vid_source="9BC64A9F-A4BA-146C-DD4F-582F1A2E4B54" vid_target="DEE45F65-D408-9AD8-C7BB-5DD2070733FE">
<hideElementsInCurrentOnly>false</hideElementsInCurrentOnly>
<backgroundColor>-16777216</backgroundColor>
<lineWidth>1</lineWidth>
<points>
<point x="1037" y="680"/>
<point x="302" y="680"/>
</points>
</Connector>
<Connector class="oracle.dbtools.crest.swingui.logical.TVRelation" oid="CE454151-8959-AAFE-9999-2F38A004AA27" otype="Relation" vid_source="9BC64A9F-A4BA-146C-DD4F-582F1A2E4B54" vid_target="6B9BE63C-1996-2A0C-5D26-0E8843757103">
<hideElementsInCurrentOnly>false</hideElementsInCurrentOnly>
<backgroundColor>-16777216</backgroundColor>
<lineWidth>1</lineWidth>
<points>
<point x="1552" y="609"/>
<point x="1047" y="609"/>
</points>
</Connector>
<Connector class="oracle.dbtools.crest.swingui.logical.TVRelation" oid="CE84A2B9-2582-6257-A15A-106B7B1C2D84" otype="Relation" vid_source="B5526036-3C18-D782-39B8-8DFE4827CFD2" vid_target="9BC64A9F-A4BA-146C-DD4F-582F1A2E4B54">
<hideElementsInCurrentOnly>false</hideElementsInCurrentOnly>
<backgroundColor>-16777216</backgroundColor>
<lineWidth>1</lineWidth>
<points>
<point x="830" y="488"/>
<point x="1037" y="488"/>
</points>
</Connector>
<Connector class="oracle.dbtools.crest.swingui.logical.TVRelation" oid="E6B8A994-00E6-1A20-55F8-E5C5E7570247" otype="Relation" vid_source="7C7B2C91-0689-78F9-1A26-517E73F8028D" vid_target="596CEDE1-263B-CED0-ED69-3F03C020C67B">
<hideElementsInCurrentOnly>false</hideElementsInCurrentOnly>
<backgroundColor>-16777216</backgroundColor>
<lineWidth>1</lineWidth>
<points>
<point x="1010" y="283"/>
<point x="574" y="283"/>
</points>
</Connector>
<Connector class="oracle.dbtools.crest.swingui.logical.TVRelation" oid="EABC17EA-1F13-C3D3-6E68-F5B7D39F87E5" otype="Relation" vid_source="7C7B2C91-0689-78F9-1A26-517E73F8028D" vid_target="CE980BB2-F422-BE9D-5460-221ADFB64158">
<hideElementsInCurrentOnly>false</hideElementsInCurrentOnly>
<backgroundColor>-16777216</backgroundColor>
<lineWidth>1</lineWidth>
<points>
<point x="1010" y="193"/>
<point x="820" y="193"/>
</points>
</Connector>
</connectors>
</Diagram>