<?xml version = '1.0' encoding = 'UTF-8'?>
<Relation class="oracle.dbtools.crest.model.design.logical.Relation" name="Relation_6" directorySegmentName="seg_0" id="321DD395-CA59-F5E0-FF48-FC33861266F7">
<createdBy>PC</createdBy>
<createdTime>2025-08-25 03:10:59 UTC</createdTime>
<ownerDesignName>Oracle_Clase_2</ownerDesignName>
<engineerTo>
<item key="4D531B62-56BC-5DFB-6C58-171E058C26F8" value="true"/>
</engineerTo>
<sourcePk>D2347729-FAE2-DA7C-784E-EF41D8D8457F</sourcePk>
<identifying>false</identifying>
<optionalSource>false</optionalSource>
<optionalTarget>false</optionalTarget>
<sourceCardinality>1</sourceCardinality>
<sourceEntity>EBAA2BAA-11FB-77F2-3D28-8A0E1A7B210A</sourceEntity>
<targetCardinalityString>*</targetCardinalityString>
<targetEntity>B9E274F6-DC93-8D14-005F-83788AAF02BD</targetEntity>
<transferable>true</transferable>
<deleteRule>NO ACTION</deleteRule>
</Relation>