<?xml version = '1.0' encoding = 'UTF-8'?>
<Relation class="oracle.dbtools.crest.model.design.logical.Relation" name="vuelo_reserva" directorySegmentName="seg_0" id="6C09A099-4479-25AA-34D1-92294711293F">
<createdBy>PC</createdBy>
<createdTime>2025-08-25 03:26:53 UTC</createdTime>
<ownerDesignName>Oracle_Clase_2</ownerDesignName>
<engineerTo>
<item key="4D531B62-56BC-5DFB-6C58-171E058C26F8" value="true"/>
</engineerTo>
<sourcePk>19C42680-E5A4-A1D5-1192-9D215D2395E5</sourcePk>
<identifying>false</identifying>
<optionalSource>false</optionalSource>
<optionalTarget>false</optionalTarget>
<sourceCardinality>1</sourceCardinality>
<sourceEntity>4F0422E4-17B6-E58D-2607-3E33C7244630</sourceEntity>
<targetCardinalityString>*</targetCardinalityString>
<targetEntity>FBB0A30F-F45E-C514-514D-CEA8CA6900B2</targetEntity>
<transferable>true</transferable>
<deleteRule>NO ACTION</deleteRule>
</Relation>