<?xml version = '1.0' encoding = 'UTF-8'?>
<Relation class="oracle.dbtools.crest.model.design.logical.Relation" name="pasajero_equipaje" directorySegmentName="seg_0" id="6F30E81D-F639-DE1F-0BCC-281A56F617FC">
<createdBy>PC</createdBy>
<createdTime>2025-08-25 03:28:22 UTC</createdTime>
<ownerDesignName>Oracle_Clase_2</ownerDesignName>
<engineerTo>
<item key="4D531B62-56BC-5DFB-6C58-171E058C26F8" value="true"/>
</engineerTo>
<sourcePk>3CA490EB-B55C-6A46-D3A6-6E1D1A29BF79</sourcePk>
<identifying>false</identifying>
<optionalSource>false</optionalSource>
<optionalTarget>false</optionalTarget>
<sourceCardinality>1</sourceCardinality>
<sourceEntity>3675163F-97CE-FE58-98A2-8C55E85FE8ED</sourceEntity>
<targetCardinalityString>*</targetCardinalityString>
<targetEntity>6915074A-8D59-615B-8F9F-8A54B584F801</targetEntity>
<transferable>true</transferable>
<deleteRule>NO ACTION</deleteRule>
</Relation>