<?xml version = '1.0' encoding = 'UTF-8'?>
<Relation class="oracle.dbtools.crest.model.design.logical.Relation" name="pasajero_reserva" directorySegmentName="seg_0" id="7CE86336-0129-D09A-113E-4DE687BC6E72">
<createdBy>PC</createdBy>
<createdTime>2025-08-25 03:26:16 UTC</createdTime>
<ownerDesignName>Oracle_Clase_2</ownerDesignName>
<engineerTo>
<item key="4D531B62-56BC-5DFB-6C58-171E058C26F8" value="true"/>
</engineerTo>
<sourcePk>3CA490EB-B55C-6A46-D3A6-6E1D1A29BF79</sourcePk>
<identifying>false</identifying>
<optionalSource>false</optionalSource>
<optionalTarget>false</optionalTarget>
<sourceCardinality>1</sourceCardinality>
<sourceEntity>3675163F-97CE-FE58-98A2-8C55E85FE8ED</sourceEntity>
<targetCardinalityString>*</targetCardinalityString>
<targetEntity>FBB0A30F-F45E-C514-514D-CEA8CA6900B2</targetEntity>
<transferable>true</transferable>
<deleteRule>NO ACTION</deleteRule>
</Relation>