<?xml version = '1.0' encoding = 'UTF-8'?>
<Relation class="oracle.dbtools.crest.model.design.logical.Relation" name="Relation_5" directorySegmentName="seg_0" id="A20CC685-1284-1B84-DD23-1562FE052992">
<createdBy>PC</createdBy>
<createdTime>2025-08-25 03:09:30 UTC</createdTime>
<ownerDesignName>Oracle_Clase_2</ownerDesignName>
<engineerTo>
<item key="4D531B62-56BC-5DFB-6C58-171E058C26F8" value="true"/>
</engineerTo>
<sourcePk>D2347729-FAE2-DA7C-784E-EF41D8D8457F</sourcePk>
<identifying>false</identifying>
<optionalSource>false</optionalSource>
<optionalTarget>false</optionalTarget>
<sourceCardinality>1</sourceCardinality>
<sourceEntity>EBAA2BAA-11FB-77F2-3D28-8A0E1A7B210A</sourceEntity>
<targetCardinalityString>*</targetCardinalityString>
<targetEntity>1276A41B-26D6-36EC-1952-96C79924D52C</targetEntity>
<transferable>true</transferable>
<deleteRule>NO ACTION</deleteRule>
</Relation>