<?xml version = '1.0' encoding = 'UTF-8'?>
<Relation class="oracle.dbtools.crest.model.design.logical.Relation" name="empleado_reserva" directorySegmentName="seg_0" id="AD4B23A0-5A2D-91E3-33FE-F6823E6002B5">
<createdBy>PC</createdBy>
<createdTime>2025-08-25 03:25:17 UTC</createdTime>
<ownerDesignName>Oracle_Clase_2</ownerDesignName>
<engineerTo>
<item key="4D531B62-56BC-5DFB-6C58-171E058C26F8" value="true"/>
</engineerTo>
<sourcePk>D2347729-FAE2-DA7C-784E-EF41D8D8457F</sourcePk>
<identifying>false</identifying>
<optionalSource>false</optionalSource>
<optionalTarget>false</optionalTarget>
<sourceCardinality>1</sourceCardinality>
<sourceEntity>EBAA2BAA-11FB-77F2-3D28-8A0E1A7B210A</sourceEntity>
<targetCardinalityString>*</targetCardinalityString>
<targetEntity>FBB0A30F-F45E-C514-514D-CEA8CA6900B2</targetEntity>
<transferable>true</transferable>
<deleteRule>NO ACTION</deleteRule>
</Relation>