<?xml version = '1.0' encoding = 'UTF-8'?>
<Relation class="oracle.dbtools.crest.model.design.logical.Relation" name="Relation_7" directorySegmentName="seg_0" id="FC03498F-A91C-23CC-5914-7D775FF6AFEF">
<createdBy>PC</createdBy>
<createdTime>2025-08-25 03:16:52 UTC</createdTime>
<ownerDesignName>Oracle_Clase_2</ownerDesignName>
<engineerTo>
<item key="4D531B62-56BC-5DFB-6C58-171E058C26F8" value="true"/>
</engineerTo>
<sourcePk>F12E6C10-87F0-EB87-761C-417B868EC22E</sourcePk>
<identifying>false</identifying>
<optionalSource>false</optionalSource>
<optionalTarget>false</optionalTarget>
<sourceCardinality>1</sourceCardinality>
<sourceEntity>825AB069-F6D8-F444-B6C0-7BA0AC3B12F7</sourceEntity>
<targetCardinalityString>*</targetCardinalityString>
<targetEntity>4F0422E4-17B6-E58D-2607-3E33C7244630</targetEntity>
<transferable>true</transferable>
<deleteRule>NO ACTION</deleteRule>
</Relation>