<?xml version = '1.0' encoding = 'UTF-8'?>
<relationalModel class="oracle.dbtools.crest.model.design.relational.RelationalDesign" name="Relational_1" id="53CD6102-65B3-6BCE-A8A0-C789C4E54FB8" mainViewID="05B68402-C90F-79D5-B7D9-40CD695D0D16">
<createdBy>PC</createdBy>
<createdTime>2025-09-01 01:33:39 UTC</createdTime>
<ownerDesignName>S1_Exp3_Ignacio_Caceres</ownerDesignName>
<shouldBeOpen>false</shouldBeOpen>
<selectedRDBMSSite>32076570-2523-435C-2E92-BF29817DFF70</selectedRDBMSSite>
</relationalModel>