<?xml version = '1.0' encoding = 'UTF-8'?>
<Relation class="oracle.dbtools.crest.model.design.logical.Relation" name="empleado_pasajero" directorySegmentName="seg_0" id="0CDD0479-665D-44D5-F8A4-509D9C357875">
<createdBy>PC</createdBy>
<createdTime>2025-08-16 01:50:38 UTC</createdTime>
<ownerDesignName>S1_Modelamiento_DB_Ignacio_Caceres</ownerDesignName>
<engineerTo>
<item key="CBD5A2D1-DFD2-8995-9370-5FAFFD93C895" value="true"/>
</engineerTo>
<sourcePk>60AABDE8-2DEC-2F49-39D3-B06B33E59EE3</sourcePk>
<identifying>false</identifying>
<optionalSource>true</optionalSource>
<optionalTarget>false</optionalTarget>
<sourceCardinality>1</sourceCardinality>
<sourceEntity>5130789D-18F6-1ABC-BFD2-410BC7CA821F</sourceEntity>
<targetCardinalityString>*</targetCardinalityString>
<targetEntity>E0291584-679F-2525-93AB-BB5B4711FACE</targetEntity>
<transferable>true</transferable>
<deleteRule>NO ACTION</deleteRule>
</Relation>