<?xml version = '1.0' encoding = 'UTF-8'?>
<Relation class="oracle.dbtools.crest.model.design.logical.Relation" name="pasajero_reserva" directorySegmentName="seg_0" id="835338F3-FCB2-41C1-4F95-6518B8C95E70">
<createdBy>PC</createdBy>
<createdTime>2025-08-16 01:57:46 UTC</createdTime>
<ownerDesignName>S1_Modelamiento_DB_Ignacio_Caceres</ownerDesignName>
<engineerTo>
<item key="CBD5A2D1-DFD2-8995-9370-5FAFFD93C895" value="true"/>
</engineerTo>
<sourcePk>3A49B059-E578-F5D7-3DE7-88446354DF3A</sourcePk>
<identifying>false</identifying>
<optionalSource>true</optionalSource>
<optionalTarget>false</optionalTarget>
<sourceCardinality>1</sourceCardinality>
<sourceEntity>E0291584-679F-2525-93AB-BB5B4711FACE</sourceEntity>
<targetCardinalityString>*</targetCardinalityString>
<targetEntity>4FE61C86-088A-7627-FF73-AEF5169F43F0</targetEntity>
<transferable>true</transferable>
<deleteRule>NO ACTION</deleteRule>
</Relation>