<?xml version = '1.0' encoding = 'UTF-8'?>
<Relation class="oracle.dbtools.crest.model.design.logical.Relation" name="vuelo_reserva" directorySegmentName="seg_0" id="92C32B08-7A53-4CFC-AB28-EB2EC40DFD75">
<createdBy>PC</createdBy>
<createdTime>2025-08-16 01:58:56 UTC</createdTime>
<ownerDesignName>S1_Modelamiento_DB_Ignacio_Caceres</ownerDesignName>
<engineerTo>
<item key="CBD5A2D1-DFD2-8995-9370-5FAFFD93C895" value="true"/>
</engineerTo>
<sourcePk>8AA24BAC-718A-E0A7-A171-E52C0C092628</sourcePk>
<identifying>false</identifying>
<optionalSource>true</optionalSource>
<optionalTarget>false</optionalTarget>
<sourceCardinality>1</sourceCardinality>
<sourceEntity>0C2908A6-99E8-29E4-EE72-80267E9B1279</sourceEntity>
<targetCardinalityString>*</targetCardinalityString>
<targetEntity>4FE61C86-088A-7627-FF73-AEF5169F43F0</targetEntity>
<transferable>true</transferable>
<deleteRule>NO ACTION</deleteRule>
</Relation>