<?xml version = '1.0' encoding = 'UTF-8'?>
<FKIndexAssociation class="oracle.dbtools.crest.model.design.relational.FKIndexAssociation" directorySegmentName="seg_0" id="02AD429C-EBF1-3F9B-666D-3C2804AFE7AC" containerWithKeyObject="FABA97BC-52CA-F870-628C-A45EA7FE7D76" localFKIndex="ED3C41C3-219D-536E-0B3D-99DD69034417" name="ANEXO_RESIDENTE_FK">
<createdBy>PC</createdBy>
<createdTime>2025-09-01 02:54:04 UTC</createdTime>
<generatorID>B18B6854-05A9-0FC5-4081-BC01F33E39FB</generatorID>
<ownerDesignName>S1_Exp3_Ignacio_Caceres</ownerDesignName>
<referredTableLongName>RESIDENTE</referredTableLongName>
<deleteRule>NO ACTION</deleteRule>
<referredTableID>19135CA5-FE61-4FF1-CB6E-D843A11BFC72</referredTableID>
<keyObject>7F7CEA03-44A1-DC26-7417-77634468A9AF</keyObject>
<referredKeyID>7F7CEA03-44A1-DC26-7417-77634468A9AF</referredKeyID>
<mandatory>true</mandatory>
<refColNames>rut_residente</refColNames>
<transferable>true</transferable>
<rely>false</rely>
<columnDependencyConstraintGenerateInDDL>true</columnDependencyConstraintGenerateInDDL>
</FKIndexAssociation>