<?xml version = '1.0' encoding = 'UTF-8'?>
<FKIndexAssociation class="oracle.dbtools.crest.model.design.relational.FKIndexAssociation" directorySegmentName="seg_0" id="03FB9649-115B-9FA3-E8A2-4039DA8E6E6E" containerWithKeyObject="FABA97BC-52CA-F870-628C-A45EA7FE7D76" localFKIndex="A87F4E56-27CC-7F1D-3385-5582C944313B" name="ANEXO_CONTRATO_FK">
<createdBy>PC</createdBy>
<createdTime>2025-09-01 02:54:04 UTC</createdTime>
<generatorID>A826F494-4A79-1AEB-82F0-B0F20B4A3AAC</generatorID>
<ownerDesignName>S1_Exp3_Ignacio_Caceres</ownerDesignName>
<referredTableLongName>CONTRATO</referredTableLongName>
<deleteRule>NO ACTION</deleteRule>
<referredTableID>EB7CA0C8-D913-EC91-3491-1DE17290F10C</referredTableID>
<keyObject>C389EA48-41A8-A354-CCDE-A0621CFC5D7E</keyObject>
<referredKeyID>C389EA48-41A8-A354-CCDE-A0621CFC5D7E</referredKeyID>
<mandatory>true</mandatory>
<refColNames>numero_contrato</refColNames>
<transferable>true</transferable>
<rely>false</rely>
<columnDependencyConstraintGenerateInDDL>true</columnDependencyConstraintGenerateInDDL>
</FKIndexAssociation>