<?xml version = '1.0' encoding = 'UTF-8'?>
<FKIndexAssociation class="oracle.dbtools.crest.model.design.relational.FKIndexAssociation" directorySegmentName="seg_0" id="0890BAE9-BDCA-C0C1-BD52-569952DE27C3" containerWithKeyObject="F9862BA9-6D7A-BF27-2E13-738392006722" localFKIndex="E2178F8E-685E-7B06-1041-608ED6C8CDC5" name="TEMPORAL_RESIDENTE_FK">
<createdBy>PC</createdBy>
<createdTime>2025-09-01 02:54:04 UTC</createdTime>
<generatorID>DC871C46-E3A1-B089-0283-FC74F9F766B3</generatorID>
<ownerDesignName>S1_Exp3_Ignacio_Caceres</ownerDesignName>
<referredTableLongName>RESIDENTE</referredTableLongName>
<arc>E53D5A6C-709C-7144-15BC-15BC7A93DD97</arc>
<deleteRule>NO ACTION</deleteRule>
<referredTableID>19135CA5-FE61-4FF1-CB6E-D843A11BFC72</referredTableID>
<keyObject>7F7CEA03-44A1-DC26-7417-77634468A9AF</keyObject>
<referredKeyID>7F7CEA03-44A1-DC26-7417-77634468A9AF</referredKeyID>
<mandatory>true</mandatory>
<refColNames>rut_residente</refColNames>
<transferable>true</transferable>
<rely>false</rely>
<columnDependencyConstraintGenerateInDDL>true</columnDependencyConstraintGenerateInDDL>
</FKIndexAssociation>