<?xml version = '1.0' encoding = 'UTF-8'?>
<FKIndexAssociation class="oracle.dbtools.crest.model.design.relational.FKIndexAssociation" directorySegmentName="seg_0" id="29FC6F43-9E17-CDBB-311C-9595D238958A" containerWithKeyObject="EB7CA0C8-D913-EC91-3491-1DE17290F10C" localFKIndex="FDBD0A51-1BCE-BCEC-A8C5-B871CF90E2C3" name="CONTRATO_APODERADO_FK">
<createdBy>PC</createdBy>
<createdTime>2025-09-01 02:54:04 UTC</createdTime>
<generatorID>3C1BE29E-367F-9F5E-626B-9F3D23554430</generatorID>
<ownerDesignName>S1_Exp3_Ignacio_Caceres</ownerDesignName>
<referredTableLongName>APODERADO</referredTableLongName>
<deleteRule>NO ACTION</deleteRule>
<referredTableID>94B5E590-122F-6074-74D2-B010AE4EAD3B</referredTableID>
<keyObject>8DB68C7D-6F39-CBB8-D2C7-9CF65390C4BC</keyObject>
<referredKeyID>8DB68C7D-6F39-CBB8-D2C7-9CF65390C4BC</referredKeyID>
<mandatory>true</mandatory>
<refColNames>rut_apoderado</refColNames>
<transferable>true</transferable>
<rely>false</rely>
<columnDependencyConstraintGenerateInDDL>true</columnDependencyConstraintGenerateInDDL>
</FKIndexAssociation>