<?xml version = '1.0' encoding = 'UTF-8'?>
<FKIndexAssociation class="oracle.dbtools.crest.model.design.relational.FKIndexAssociation" directorySegmentName="seg_0" id="32242DC7-08A7-F077-1BD5-C76163ADC534" containerWithKeyObject="19135CA5-FE61-4FF1-CB6E-D843A11BFC72" localFKIndex="5E6A41F8-98D2-8A99-9736-D7EF04400964" name="RESIDENTE_TEMPORAL_FK">
<createdBy>PC</createdBy>
<createdTime>2025-09-01 03:00:52 UTC</createdTime>
<generatorID>006A1233-4922-7476-6BB3-B223A0C60D89</generatorID>
<ownerDesignName>S1_Exp3_Ignacio_Caceres</ownerDesignName>
<referredTableLongName>TEMPORAL</referredTableLongName>
<deleteRule>NO ACTION</deleteRule>
<referredTableID>F9862BA9-6D7A-BF27-2E13-738392006722</referredTableID>
<keyObject>3411A57E-D43F-6654-7025-6AF4977AEA04</keyObject>
<referredKeyID>3411A57E-D43F-6654-7025-6AF4977AEA04</referredKeyID>
<mandatory>true</mandatory>
<transferable>true</transferable>
<rely>false</rely>
<columnDependencyConstraintGenerateInDDL>true</columnDependencyConstraintGenerateInDDL>
</FKIndexAssociation>