<?xml version = '1.0' encoding = 'UTF-8'?>
<FKIndexAssociation class="oracle.dbtools.crest.model.design.relational.FKIndexAssociation" directorySegmentName="seg_0" id="3D91C240-CA30-6B9F-2AFB-A43E5FAF3D0A" containerWithKeyObject="6374E314-474E-0E62-EBAB-7C2334820D50" localFKIndex="35389103-316F-73A0-00E8-866E46A293E3" name="ASIGNACION_HABITACION_RESIDENTE_FK">
<createdBy>PC</createdBy>
<createdTime>2025-09-01 02:54:04 UTC</createdTime>
<generatorID>BBBDC45D-50C0-D0B6-7025-57928DBD25DA</generatorID>
<ownerDesignName>S1_Exp3_Ignacio_Caceres</ownerDesignName>
<referredTableLongName>RESIDENTE</referredTableLongName>
<deleteRule>NO ACTION</deleteRule>
<referredTableID>19135CA5-FE61-4FF1-CB6E-D843A11BFC72</referredTableID>
<keyObject>7F7CEA03-44A1-DC26-7417-77634468A9AF</keyObject>
<referredKeyID>7F7CEA03-44A1-DC26-7417-77634468A9AF</referredKeyID>
<mandatory>true</mandatory>
<refColNames>rut_residente</refColNames>
<transferable>true</transferable>
<rely>false</rely>
<columnDependencyConstraintGenerateInDDL>true</columnDependencyConstraintGenerateInDDL>
</FKIndexAssociation>