<?xml version = '1.0' encoding = 'UTF-8'?>
<FKIndexAssociation class="oracle.dbtools.crest.model.design.relational.FKIndexAssociation" directorySegmentName="seg_0" id="4F1FE0D2-D626-685D-D109-60F0E859864E" containerWithKeyObject="9C76DB05-0699-D164-F8FD-DE3EA6218C6D" localFKIndex="2B9CAE91-7559-E85A-9240-588990B9E014" name="MEDICO_MEDICO_FK">
<createdBy>PC</createdBy>
<createdTime>2025-09-01 02:54:04 UTC</createdTime>
<generatorID>F2917F5C-45F7-AE83-DF77-5D917061820B</generatorID>
<ownerDesignName>S1_Exp3_Ignacio_Caceres</ownerDesignName>
<referredTableLongName>MEDICO</referredTableLongName>
<deleteRule>NO ACTION</deleteRule>
<referredTableID>9C76DB05-0699-D164-F8FD-DE3EA6218C6D</referredTableID>
<keyObject>8886240C-69F7-EF7B-ABAE-09B87EC3BBFC</keyObject>
<referredKeyID>8886240C-69F7-EF7B-ABAE-09B87EC3BBFC</referredKeyID>
<mandatory>true</mandatory>
<refColNames>PERSONAL_rut,PERSONAL_rut1</refColNames>
<transferable>true</transferable>
<rely>false</rely>
<columnDependencyConstraintGenerateInDDL>true</columnDependencyConstraintGenerateInDDL>
</FKIndexAssociation>