<?xml version = '1.0' encoding = 'UTF-8'?>
<FKIndexAssociation class="oracle.dbtools.crest.model.design.relational.FKIndexAssociation" directorySegmentName="seg_0" id="57E7520A-194C-43F0-C289-4F8DAFAA4269" containerWithKeyObject="6374E314-474E-0E62-EBAB-7C2334820D50" localFKIndex="CEC8091C-D8FB-E984-62D5-15F18237182E" name="ASIGNACION_HABITACION_HABITACIÓN_FK">
<createdBy>PC</createdBy>
<createdTime>2025-09-01 02:54:04 UTC</createdTime>
<generatorID>525A5B98-676A-095B-7627-64AF823B01D7</generatorID>
<ownerDesignName>S1_Exp3_Ignacio_Caceres</ownerDesignName>
<referredTableLongName>HABITACIÓN</referredTableLongName>
<deleteRule>NO ACTION</deleteRule>
<referredTableID>639B1B9E-2CAF-A01B-2933-A51DC37F15C3</referredTableID>
<keyObject>D9A7CBBE-C22D-DD6C-9132-1AFE2D95064D</keyObject>
<referredKeyID>D9A7CBBE-C22D-DD6C-9132-1AFE2D95064D</referredKeyID>
<mandatory>true</mandatory>
<refColNames>numero,RESIDENCIA_nombre_residencia</refColNames>
<transferable>true</transferable>
<rely>false</rely>
<columnDependencyConstraintGenerateInDDL>true</columnDependencyConstraintGenerateInDDL>
</FKIndexAssociation>