<?xml version = '1.0' encoding = 'UTF-8'?>
<FKIndexAssociation class="oracle.dbtools.crest.model.design.relational.FKIndexAssociation" directorySegmentName="seg_0" id="59ED67EF-E9DD-6F50-9090-B3B235610105" containerWithKeyObject="F9862BA9-6D7A-BF27-2E13-738392006722" localFKIndex="7E212C0C-36AB-BE20-A1A5-900F0E2F458C" name="TEMPORAL_RESIDENTE_FKv1">
<createdBy>PC</createdBy>
<createdTime>2025-09-01 02:54:04 UTC</createdTime>
<generatorID>006A1233-4922-7476-6BB3-B223A0C60D89</generatorID>
<ownerDesignName>S1_Exp3_Ignacio_Caceres</ownerDesignName>
<referredTableLongName>RESIDENTE</referredTableLongName>
<deleteRule>NO ACTION</deleteRule>
<referredTableID>19135CA5-FE61-4FF1-CB6E-D843A11BFC72</referredTableID>
<keyObject>7F7CEA03-44A1-DC26-7417-77634468A9AF</keyObject>
<referredKeyID>7F7CEA03-44A1-DC26-7417-77634468A9AF</referredKeyID>
<mandatory>true</mandatory>
<refColNames>rut_residente</refColNames>
<transferable>true</transferable>
<rely>false</rely>
<columnDependencyConstraintGenerateInDDL>true</columnDependencyConstraintGenerateInDDL>
</FKIndexAssociation>