<?xml version = '1.0' encoding = 'UTF-8'?>
<FKIndexAssociation class="oracle.dbtools.crest.model.design.relational.FKIndexAssociation" directorySegmentName="seg_0" id="6E172212-A564-1CDF-3B8C-4ABC33B61B34" containerWithKeyObject="639B1B9E-2CAF-A01B-2933-A51DC37F15C3" localFKIndex="61407E6F-A1E6-835A-319E-53B0FA671242" name="HABITACIÓN_RESIDENCIA_FK">
<createdBy>PC</createdBy>
<createdTime>2025-09-01 02:54:04 UTC</createdTime>
<generatorID>B084B537-ACC0-BDD4-41FF-03ECFCCEDA5D</generatorID>
<ownerDesignName>S1_Exp3_Ignacio_Caceres</ownerDesignName>
<referredTableLongName>RESIDENCIA</referredTableLongName>
<deleteRule>NO ACTION</deleteRule>
<referredTableID>37DB33EC-CBA2-4170-610E-E5D9157417A7</referredTableID>
<keyObject>F4505495-3373-BAC7-5BFB-571CABD84D3E</keyObject>
<referredKeyID>F4505495-3373-BAC7-5BFB-571CABD84D3E</referredKeyID>
<mandatory>true</mandatory>
<refColNames>nombre_residencia</refColNames>
<transferable>true</transferable>
<rely>false</rely>
<columnDependencyConstraintGenerateInDDL>true</columnDependencyConstraintGenerateInDDL>
</FKIndexAssociation>