<?xml version = '1.0' encoding = 'UTF-8'?>
<FKIndexAssociation class="oracle.dbtools.crest.model.design.relational.FKIndexAssociation" directorySegmentName="seg_0" id="7FE5D476-0A8B-9C4B-A269-A35A0044EBC9" containerWithKeyObject="19135CA5-FE61-4FF1-CB6E-D843A11BFC72" localFKIndex="C9B0FDBC-0D45-86E8-317F-0A4A6A70E5EA" name="RESIDENTE_APODERADO_FK">
<createdBy>PC</createdBy>
<createdTime>2025-09-01 02:54:04 UTC</createdTime>
<generatorID>CE84A2B9-2582-6257-A15A-106B7B1C2D84</generatorID>
<ownerDesignName>S1_Exp3_Ignacio_Caceres</ownerDesignName>
<referredTableLongName>APODERADO</referredTableLongName>
<deleteRule>NO ACTION</deleteRule>
<referredTableID>94B5E590-122F-6074-74D2-B010AE4EAD3B</referredTableID>
<keyObject>8DB68C7D-6F39-CBB8-D2C7-9CF65390C4BC</keyObject>
<referredKeyID>8DB68C7D-6F39-CBB8-D2C7-9CF65390C4BC</referredKeyID>
<mandatory>true</mandatory>
<refColNames>rut_apoderado</refColNames>
<transferable>true</transferable>
<rely>false</rely>
<columnDependencyConstraintGenerateInDDL>true</columnDependencyConstraintGenerateInDDL>
</FKIndexAssociation>