<?xml version = '1.0' encoding = 'UTF-8'?>
<FKIndexAssociation class="oracle.dbtools.crest.model.design.relational.FKIndexAssociation" directorySegmentName="seg_0" id="9770E353-3869-844E-E904-4BB3CC22DE34" containerWithKeyObject="9C76DB05-0699-D164-F8FD-DE3EA6218C6D" localFKIndex="C51C4640-C4D2-6CFB-AD13-0D104137103A" name="MEDICO_PERSONAL_FKv2">
<createdBy>PC</createdBy>
<createdTime>2025-09-01 02:54:04 UTC</createdTime>
<generatorID>875E89AB-A8C9-B5F9-AEA9-AF92949E4292</generatorID>
<ownerDesignName>S1_Exp3_Ignacio_Caceres</ownerDesignName>
<referredTableLongName>PERSONAL</referredTableLongName>
<deleteRule>NO ACTION</deleteRule>
<referredTableID>F5B82A39-3F2F-567B-313B-64C4138FE859</referredTableID>
<keyObject>38C8B5CD-2CA6-4652-2D81-E9C4F61367CE</keyObject>
<referredKeyID>38C8B5CD-2CA6-4652-2D81-E9C4F61367CE</referredKeyID>
<mandatory>true</mandatory>
<refColNames>rut</refColNames>
<transferable>true</transferable>
<rely>false</rely>
<columnDependencyConstraintGenerateInDDL>true</columnDependencyConstraintGenerateInDDL>
</FKIndexAssociation>