<?xml version = '1.0' encoding = 'UTF-8'?>
<FKIndexAssociation class="oracle.dbtools.crest.model.design.relational.FKIndexAssociation" directorySegmentName="seg_0" id="9C992B99-6A6F-9B83-46FA-40FD4F7D4BBE" containerWithKeyObject="3D4D4897-616A-1B1E-2AB3-B80986C23C38" localFKIndex="DE9F2FE6-3B33-60A6-FFCF-B56800DF3B4C" name="PERMANENTE_RESIDENTE_FKv1">
<createdBy>PC</createdBy>
<createdTime>2025-09-01 02:54:04 UTC</createdTime>
<generatorID>E2DC8218-DAFB-53EF-241B-EBE342A3E55A</generatorID>
<ownerDesignName>S1_Exp3_Ignacio_Caceres</ownerDesignName>
<referredTableLongName>RESIDENTE</referredTableLongName>
<deleteRule>NO ACTION</deleteRule>
<referredTableID>19135CA5-FE61-4FF1-CB6E-D843A11BFC72</referredTableID>
<keyObject>7F7CEA03-44A1-DC26-7417-77634468A9AF</keyObject>
<referredKeyID>7F7CEA03-44A1-DC26-7417-77634468A9AF</referredKeyID>
<mandatory>true</mandatory>
<refColNames>rut_residente</refColNames>
<transferable>true</transferable>
<rely>false</rely>
<columnDependencyConstraintGenerateInDDL>true</columnDependencyConstraintGenerateInDDL>
</FKIndexAssociation>