<?xml version = '1.0' encoding = 'UTF-8'?>
<FKIndexAssociation class="oracle.dbtools.crest.model.design.relational.FKIndexAssociation" directorySegmentName="seg_0" id="9FEF84F6-085E-D7DE-A3B1-F2CC30EC19F4" containerWithKeyObject="F5B82A39-3F2F-567B-313B-64C4138FE859" localFKIndex="B786131F-AAB9-A61B-4086-172F5B538216" name="PERSONAL_CUIDADOR_FK">
<createdBy>PC</createdBy>
<createdTime>2025-09-01 03:00:52 UTC</createdTime>
<generatorID>CD3E32F6-56AC-8CFC-7338-69147FF28954</generatorID>
<ownerDesignName>S1_Exp3_Ignacio_Caceres</ownerDesignName>
<referredTableLongName>CUIDADOR</referredTableLongName>
<deleteRule>NO ACTION</deleteRule>
<referredTableID>24710329-7098-71CB-8C94-F078A8A8AAC4</referredTableID>
<keyObject>40BA1F24-1C4E-6194-F253-365A9E3F973C</keyObject>
<referredKeyID>40BA1F24-1C4E-6194-F253-365A9E3F973C</referredKeyID>
<mandatory>true</mandatory>
<refColNames>PERSONAL_rut</refColNames>
<transferable>true</transferable>
<rely>false</rely>
<columnDependencyConstraintGenerateInDDL>true</columnDependencyConstraintGenerateInDDL>
</FKIndexAssociation>