<?xml version = '1.0' encoding = 'UTF-8'?>
<FKIndexAssociation class="oracle.dbtools.crest.model.design.relational.FKIndexAssociation" directorySegmentName="seg_0" id="A54F5527-FB38-CD9A-19B8-A5013D158C91" containerWithKeyObject="19135CA5-FE61-4FF1-CB6E-D843A11BFC72" localFKIndex="359128C2-51AA-81FC-3409-A1E03EF8C7B7" name="RESIDENTE_PERMANENTE_FK">
<createdBy>PC</createdBy>
<createdTime>2025-09-01 03:00:52 UTC</createdTime>
<generatorID>E2DC8218-DAFB-53EF-241B-EBE342A3E55A</generatorID>
<ownerDesignName>S1_Exp3_Ignacio_Caceres</ownerDesignName>
<referredTableLongName>PERMANENTE</referredTableLongName>
<deleteRule>NO ACTION</deleteRule>
<referredTableID>3D4D4897-616A-1B1E-2AB3-B80986C23C38</referredTableID>
<keyObject>D7546FD0-F9AA-BF2C-4009-D79069FD9D3C</keyObject>
<referredKeyID>D7546FD0-F9AA-BF2C-4009-D79069FD9D3C</referredKeyID>
<mandatory>true</mandatory>
<transferable>true</transferable>
<rely>false</rely>
<columnDependencyConstraintGenerateInDDL>true</columnDependencyConstraintGenerateInDDL>
</FKIndexAssociation>