<?xml version = '1.0' encoding = 'UTF-8'?>
<FKIndexAssociation class="oracle.dbtools.crest.model.design.relational.FKIndexAssociation" directorySegmentName="seg_0" id="AD91DCD4-A844-C782-1550-F1CAE0C0E1C0" containerWithKeyObject="9C76DB05-0699-D164-F8FD-DE3EA6218C6D" localFKIndex="8F638E1D-B41B-27B8-899A-17E1824D982D" name="MEDICO_PERSONAL_FK">
<createdBy>PC</createdBy>
<createdTime>2025-09-01 02:54:04 UTC</createdTime>
<generatorID>36A7E353-6B51-36FE-26D7-357A49293B31</generatorID>
<ownerDesignName>S1_Exp3_Ignacio_Caceres</ownerDesignName>
<referredTableLongName>PERSONAL</referredTableLongName>
<arc>8A9D3B32-F6ED-F185-7C85-04924B52B818</arc>
<deleteRule>NO ACTION</deleteRule>
<referredTableID>F5B82A39-3F2F-567B-313B-64C4138FE859</referredTableID>
<keyObject>38C8B5CD-2CA6-4652-2D81-E9C4F61367CE</keyObject>
<referredKeyID>38C8B5CD-2CA6-4652-2D81-E9C4F61367CE</referredKeyID>
<mandatory>true</mandatory>
<refColNames>rut</refColNames>
<transferable>true</transferable>
<rely>false</rely>
<columnDependencyConstraintGenerateInDDL>true</columnDependencyConstraintGenerateInDDL>
</FKIndexAssociation>