<?xml version = '1.0' encoding = 'UTF-8'?>
<FKIndexAssociation class="oracle.dbtools.crest.model.design.relational.FKIndexAssociation" directorySegmentName="seg_0" id="D5B54EC0-3FC4-FF50-8409-141A5B90F585" containerWithKeyObject="F5B82A39-3F2F-567B-313B-64C4138FE859" localFKIndex="3AF89439-2B40-D86D-F021-5C317C404FC8" name="PERSONAL_MEDICO_FK">
<createdBy>PC</createdBy>
<createdTime>2025-09-01 03:00:52 UTC</createdTime>
<generatorID>875E89AB-A8C9-B5F9-AEA9-AF92949E4292</generatorID>
<ownerDesignName>S1_Exp3_Ignacio_Caceres</ownerDesignName>
<referredTableLongName>MEDICO</referredTableLongName>
<deleteRule>NO ACTION</deleteRule>
<referredTableID>9C76DB05-0699-D164-F8FD-DE3EA6218C6D</referredTableID>
<keyObject>8886240C-69F7-EF7B-ABAE-09B87EC3BBFC</keyObject>
<referredKeyID>8886240C-69F7-EF7B-ABAE-09B87EC3BBFC</referredKeyID>
<mandatory>true</mandatory>
<refColNames>PERSONAL_rut,PERSONAL_rut1</refColNames>
<transferable>true</transferable>
<rely>false</rely>
<columnDependencyConstraintGenerateInDDL>true</columnDependencyConstraintGenerateInDDL>
</FKIndexAssociation>