<?xml version = '1.0' encoding = 'UTF-8'?>
<FKIndexAssociation class="oracle.dbtools.crest.model.design.relational.FKIndexAssociation" directorySegmentName="seg_0" id="E36B57C8-6906-AEFE-6607-E624DA599474" containerWithKeyObject="F5B82A39-3F2F-567B-313B-64C4138FE859" localFKIndex="6E8A0BFD-98E0-42A8-3F89-65279244E737" name="PERSONAL_RESIDENCIA_FK">
<createdBy>PC</createdBy>
<createdTime>2025-09-01 02:54:04 UTC</createdTime>
<generatorID>844F2B51-0DD0-3241-E679-268959E49888</generatorID>
<ownerDesignName>S1_Exp3_Ignacio_Caceres</ownerDesignName>
<referredTableLongName>RESIDENCIA</referredTableLongName>
<deleteRule>NO ACTION</deleteRule>
<referredTableID>37DB33EC-CBA2-4170-610E-E5D9157417A7</referredTableID>
<keyObject>F4505495-3373-BAC7-5BFB-571CABD84D3E</keyObject>
<referredKeyID>F4505495-3373-BAC7-5BFB-571CABD84D3E</referredKeyID>
<mandatory>true</mandatory>
<refColNames>nombre_residencia</refColNames>
<transferable>true</transferable>
<rely>false</rely>
<columnDependencyConstraintGenerateInDDL>true</columnDependencyConstraintGenerateInDDL>
</FKIndexAssociation>