<?xml version = '1.0' encoding = 'UTF-8'?>
<FKIndexAssociation class="oracle.dbtools.crest.model.design.relational.FKIndexAssociation" directorySegmentName="seg_0" id="F4CD2A66-9088-F16A-FAB3-48F3996DE17F" containerWithKeyObject="24710329-7098-71CB-8C94-F078A8A8AAC4" localFKIndex="7E5BD8DC-CC07-220F-3AB0-37DD2819DFD2" name="CUIDADOR_PERSONAL_FKv2">
<createdBy>PC</createdBy>
<createdTime>2025-09-01 02:54:04 UTC</createdTime>
<generatorID>CD3E32F6-56AC-8CFC-7338-69147FF28954</generatorID>
<ownerDesignName>S1_Exp3_Ignacio_Caceres</ownerDesignName>
<referredTableLongName>PERSONAL</referredTableLongName>
<deleteRule>NO ACTION</deleteRule>
<referredTableID>F5B82A39-3F2F-567B-313B-64C4138FE859</referredTableID>
<keyObject>38C8B5CD-2CA6-4652-2D81-E9C4F61367CE</keyObject>
<referredKeyID>38C8B5CD-2CA6-4652-2D81-E9C4F61367CE</referredKeyID>
<mandatory>true</mandatory>
<refColNames>rut</refColNames>
<transferable>true</transferable>
<rely>false</rely>
<columnDependencyConstraintGenerateInDDL>true</columnDependencyConstraintGenerateInDDL>
</FKIndexAssociation>