<?xml version = '1.0' encoding = 'UTF-8'?>
<FKIndexAssociation class="oracle.dbtools.crest.model.design.relational.FKIndexAssociation" directorySegmentName="seg_0" id="F7C50118-7C8F-5516-56A9-F20020D48DD2" containerWithKeyObject="24710329-7098-71CB-8C94-F078A8A8AAC4" localFKIndex="F0B2EDA1-58EC-1541-CB7F-4221714D857B" name="CUIDADOR_PERSONAL_FK">
<createdBy>PC</createdBy>
<createdTime>2025-09-01 02:54:04 UTC</createdTime>
<generatorID>C9241BAA-B35A-093E-C7B5-CA172443A80A</generatorID>
<ownerDesignName>S1_Exp3_Ignacio_Caceres</ownerDesignName>
<referredTableLongName>PERSONAL</referredTableLongName>
<arc>8A9D3B32-F6ED-F185-7C85-04924B52B818</arc>
<deleteRule>NO ACTION</deleteRule>
<referredTableID>F5B82A39-3F2F-567B-313B-64C4138FE859</referredTableID>
<keyObject>38C8B5CD-2CA6-4652-2D81-E9C4F61367CE</keyObject>
<referredKeyID>38C8B5CD-2CA6-4652-2D81-E9C4F61367CE</referredKeyID>
<mandatory>true</mandatory>
<refColNames>rut</refColNames>
<transferable>true</transferable>
<rely>false</rely>
<columnDependencyConstraintGenerateInDDL>true</columnDependencyConstraintGenerateInDDL>
</FKIndexAssociation>