<?xml version = '1.0' encoding = 'UTF-8'?>
<FKIndexAssociation class="oracle.dbtools.crest.model.design.relational.FKIndexAssociation" directorySegmentName="seg_0" id="015998D5-6FF9-74E8-8777-B1518C3E8CE7" containerWithKeyObject="1489A344-3231-7979-56AE-9AD3AE0A0D49" localFKIndex="58AF7C1E-1500-9A05-4E05-2F904AFACC3C" name="FK_MEDICO_MEDICO">
<createdBy>PC</createdBy>
<createdTime>2025-09-14 01:03:42 UTC</createdTime>
<generatorID>C49B1EA8-13BB-146C-DC3A-52BAA62A61E7</generatorID>
<ownerDesignName>Sumativa_2</ownerDesignName>
<referredTableLongName>MEDICO</referredTableLongName>
<deleteRule>NO ACTION</deleteRule>
<referredTableID>1489A344-3231-7979-56AE-9AD3AE0A0D49</referredTableID>
<keyObject>DA665B8D-F5D8-8A53-AA59-AD06B0D40AB1</keyObject>
<referredKeyID>DA665B8D-F5D8-8A53-AA59-AD06B0D40AB1</referredKeyID>
<mandatory>true</mandatory>
<refColNames>id_medico</refColNames>
<transferable>true</transferable>
<rely>false</rely>
<columnDependencyConstraintGenerateInDDL>true</columnDependencyConstraintGenerateInDDL>
</FKIndexAssociation>