<?xml version = '1.0' encoding = 'UTF-8'?>
<FKIndexAssociation class="oracle.dbtools.crest.model.design.relational.FKIndexAssociation" directorySegmentName="seg_0" id="599B71D0-3BC2-C16C-4BB2-202D2770FCEB" containerWithKeyObject="18CB851B-4740-3D9F-4770-6D96D0A04FD9" localFKIndex="160A2D14-A4AE-14E7-A550-312143835D04" name="FK_PACIENTE_COMUNA">
<createdBy>PC</createdBy>
<createdTime>2025-09-14 00:55:44 UTC</createdTime>
<generatorID>EDACBA4D-F884-3C1A-758E-8BBE8CF0C134</generatorID>
<ownerDesignName>Sumativa_2</ownerDesignName>
<referredTableLongName>COMUNA</referredTableLongName>
<deleteRule>NO ACTION</deleteRule>
<referredTableID>48A1382C-CD1D-F1BA-651B-77E2C7DDA9F2</referredTableID>
<keyObject>636D32E3-3AE3-0897-5E37-6D1BD67F1907</keyObject>
<referredKeyID>636D32E3-3AE3-0897-5E37-6D1BD67F1907</referredKeyID>
<mandatory>true</mandatory>
<refColNames>id_comuna</refColNames>
<transferable>true</transferable>
<rely>false</rely>
<columnDependencyConstraintGenerateInDDL>true</columnDependencyConstraintGenerateInDDL>
</FKIndexAssociation>