<?xml version = '1.0' encoding = 'UTF-8'?>
<FKIndexAssociation class="oracle.dbtools.crest.model.design.relational.FKIndexAssociation" directorySegmentName="seg_0" id="8AC26D8E-E870-8B7C-77CD-39A8E3D7C00F" containerWithKeyObject="48A1382C-CD1D-F1BA-651B-77E2C7DDA9F2" localFKIndex="7FDB3ACA-E079-DC61-2454-A9A344D4B992" name="FK_COMUNA_REGION">
<createdBy>PC</createdBy>
<createdTime>2025-09-14 00:55:44 UTC</createdTime>
<generatorID>CD0CB01C-5C1C-E83E-EE6D-9AC7B2D154DA</generatorID>
<ownerDesignName>Sumativa_2</ownerDesignName>
<referredTableLongName>REGION</referredTableLongName>
<deleteRule>NO ACTION</deleteRule>
<referredTableID>7448D21A-E86D-5354-210E-F6D12202A9D9</referredTableID>
<keyObject>5722D6C1-C728-8780-A6C7-4DDA4264A9E5</keyObject>
<referredKeyID>5722D6C1-C728-8780-A6C7-4DDA4264A9E5</referredKeyID>
<mandatory>true</mandatory>
<refColNames>id_region</refColNames>
<transferable>true</transferable>
<rely>false</rely>
<columnDependencyConstraintGenerateInDDL>true</columnDependencyConstraintGenerateInDDL>
</FKIndexAssociation>