<?xml version = '1.0' encoding = 'UTF-8'?>
<FKIndexAssociation class="oracle.dbtools.crest.model.design.relational.FKIndexAssociation" directorySegmentName="seg_0" id="8CCC49C3-45D8-230A-29D1-7E633CC859AF" containerWithKeyObject="1489A344-3231-7979-56AE-9AD3AE0A0D49" localFKIndex="FC68A5A7-9147-E0E2-175F-1882243737D0" name="FK_MEDICO_INSTITUCION_SALUD">
<createdBy>PC</createdBy>
<createdTime>2025-09-14 00:55:44 UTC</createdTime>
<generatorID>554EDC65-3E15-1985-6A62-07055833BC46</generatorID>
<ownerDesignName>Sumativa_2</ownerDesignName>
<referredTableLongName>INSTITUCION_SALUD</referredTableLongName>
<deleteRule>NO ACTION</deleteRule>
<referredTableID>8A8F204B-157A-60FC-1E2A-15B105D8D09C</referredTableID>
<keyObject>9FA3C3CA-2070-7D9E-205C-C2A09E7CD03C</keyObject>
<referredKeyID>9FA3C3CA-2070-7D9E-205C-C2A09E7CD03C</referredKeyID>
<mandatory>true</mandatory>
<refColNames>id_institucion_salud</refColNames>
<transferable>true</transferable>
<rely>false</rely>
<columnDependencyConstraintGenerateInDDL>true</columnDependencyConstraintGenerateInDDL>
</FKIndexAssociation>