<?xml version = '1.0' encoding = 'UTF-8'?>
<FKIndexAssociation class="oracle.dbtools.crest.model.design.relational.FKIndexAssociation" directorySegmentName="seg_0" id="9C00A51D-10DA-E560-AE35-C9D11FDF4EBB" containerWithKeyObject="7E8F9E00-9ACD-D982-4908-8FB04DB0D514" localFKIndex="48142892-0F83-E184-E2E1-39DC0648BB09" name="FK_ATENCION_MEDICA_MEDICO">
<createdBy>PC</createdBy>
<createdTime>2025-09-14 00:55:44 UTC</createdTime>
<generatorID>B8FA951E-5A51-2A43-F4D0-BC8DA334A183</generatorID>
<ownerDesignName>Sumativa_2</ownerDesignName>
<referredTableLongName>MEDICO</referredTableLongName>
<deleteRule>NO ACTION</deleteRule>
<referredTableID>1489A344-3231-7979-56AE-9AD3AE0A0D49</referredTableID>
<keyObject>DA665B8D-F5D8-8A53-AA59-AD06B0D40AB1</keyObject>
<referredKeyID>DA665B8D-F5D8-8A53-AA59-AD06B0D40AB1</referredKeyID>
<mandatory>true</mandatory>
<refColNames>id_medico</refColNames>
<transferable>true</transferable>
<rely>false</rely>
<columnDependencyConstraintGenerateInDDL>true</columnDependencyConstraintGenerateInDDL>
</FKIndexAssociation>