<?xml version = '1.0' encoding = 'UTF-8'?>
<FKIndexAssociation class="oracle.dbtools.crest.model.design.relational.FKIndexAssociation" directorySegmentName="seg_0" id="E4D15CF3-B65D-040A-4529-FF51A9A852F4" containerWithKeyObject="1489A344-3231-7979-56AE-9AD3AE0A0D49" localFKIndex="3E9C7131-7E07-2184-FB2C-F88AC99C4CF7" name="FK_MEDICO_ESPECIALIDAD">
<createdBy>PC</createdBy>
<createdTime>2025-09-14 00:55:44 UTC</createdTime>
<generatorID>C13A4F12-8909-043D-5963-4E3068193917</generatorID>
<ownerDesignName>Sumativa_2</ownerDesignName>
<referredTableLongName>ESPECIALIDAD</referredTableLongName>
<deleteRule>NO ACTION</deleteRule>
<referredTableID>B65C0F74-F105-3865-6B75-221E13D1058B</referredTableID>
<keyObject>F15BA378-B96D-10B1-82B4-98A99A0FEC08</keyObject>
<referredKeyID>F15BA378-B96D-10B1-82B4-98A99A0FEC08</referredKeyID>
<mandatory>true</mandatory>
<refColNames>id_especialidad</refColNames>
<transferable>true</transferable>
<rely>false</rely>
<columnDependencyConstraintGenerateInDDL>true</columnDependencyConstraintGenerateInDDL>
</FKIndexAssociation>