<?xml version = '1.0' encoding = 'UTF-8'?>
<FKIndexAssociation class="oracle.dbtools.crest.model.design.relational.FKIndexAssociation" directorySegmentName="seg_0" id="E921D2A6-EEB5-9605-93EA-6B6AE7E82ED0" containerWithKeyObject="7E8F9E00-9ACD-D982-4908-8FB04DB0D514" localFKIndex="78968007-85E6-CE73-BF93-70E2A17CDB58" name="FK_ATENCION_MEDICA_PACIENTE">
<createdBy>PC</createdBy>
<createdTime>2025-09-14 00:55:44 UTC</createdTime>
<generatorID>A3F07829-1403-3F3F-1C89-D6AFB82C3DC4</generatorID>
<ownerDesignName>Sumativa_2</ownerDesignName>
<referredTableLongName>PACIENTE</referredTableLongName>
<deleteRule>NO ACTION</deleteRule>
<referredTableID>18CB851B-4740-3D9F-4770-6D96D0A04FD9</referredTableID>
<keyObject>8CA53EB3-6843-84E7-1D9D-E65501CCB32D</keyObject>
<referredKeyID>8CA53EB3-6843-84E7-1D9D-E65501CCB32D</referredKeyID>
<mandatory>true</mandatory>
<refColNames>id_paciente</refColNames>
<transferable>true</transferable>
<rely>false</rely>
<columnDependencyConstraintGenerateInDDL>true</columnDependencyConstraintGenerateInDDL>
</FKIndexAssociation>