<?xml version = '1.0' encoding = 'UTF-8'?>
<FKIndexAssociation class="oracle.dbtools.crest.model.design.relational.FKIndexAssociation" directorySegmentName="seg_0" id="F2FA791E-D4DB-93ED-E875-B6F3814EAF14" containerWithKeyObject="1489A344-3231-7979-56AE-9AD3AE0A0D49" localFKIndex="6B9FC410-B934-8B12-81E0-740EF41FC7CD" name="FK_MEDICO_AFP">
<createdBy>PC</createdBy>
<createdTime>2025-09-14 00:55:44 UTC</createdTime>
<generatorID>3CBBD06D-B990-A85D-7805-085E4D0BC824</generatorID>
<ownerDesignName>Sumativa_2</ownerDesignName>
<referredTableLongName>AFP</referredTableLongName>
<deleteRule>NO ACTION</deleteRule>
<referredTableID>66153E7F-B4F2-BB2A-A4FB-321DBE4920E1</referredTableID>
<keyObject>CE73A278-F24A-F1E4-0B7E-46A435E329C1</keyObject>
<referredKeyID>CE73A278-F24A-F1E4-0B7E-46A435E329C1</referredKeyID>
<mandatory>true</mandatory>
<refColNames>id_afp</refColNames>
<transferable>true</transferable>
<rely>false</rely>
<columnDependencyConstraintGenerateInDDL>true</columnDependencyConstraintGenerateInDDL>
</FKIndexAssociation>