<?xml version = '1.0' encoding = 'UTF-8'?>
<FKIndexAssociation class="oracle.dbtools.crest.model.design.relational.FKIndexAssociation" directorySegmentName="seg_0" id="F77B4A70-B383-5982-4711-60CE913D6727" containerWithKeyObject="93BC6268-A936-7CD6-2759-C2AB3E7193BB" localFKIndex="FC15DB4B-684C-AC4B-B023-CD14BC693D48" name="FK_PAGO_ATENCION_ATENCION_MEDICA">
<createdBy>PC</createdBy>
<createdTime>2025-09-14 00:55:44 UTC</createdTime>
<generatorID>BDBD2D3A-C4B6-232C-CB05-25E2D5544D62</generatorID>
<ownerDesignName>Sumativa_2</ownerDesignName>
<referredTableLongName>ATENCION_MEDICA</referredTableLongName>
<deleteRule>NO ACTION</deleteRule>
<referredTableID>7E8F9E00-9ACD-D982-4908-8FB04DB0D514</referredTableID>
<keyObject>3AE7AEE7-C6C7-8661-8B82-8E13B0C55DB5</keyObject>
<referredKeyID>3AE7AEE7-C6C7-8661-8B82-8E13B0C55DB5</referredKeyID>
<mandatory>true</mandatory>
<refColNames>id_atencion</refColNames>
<transferable>true</transferable>
<rely>false</rely>
<columnDependencyConstraintGenerateInDDL>true</columnDependencyConstraintGenerateInDDL>
</FKIndexAssociation>