<?xml version = '1.0' encoding = 'UTF-8'?>
<Diagram class="oracle.dbtools.crest.swingui.relational.DPVRelational" name="Relational_1" id="05B68402-C90F-79D5-B7D9-40CD695D0D16">
<createdBy>PC</createdBy>
<modifiedBy>PC</modifiedBy>
<createdTime>2025-09-01 02:54:04 UTC</createdTime>
<autoRoute>false</autoRoute>
<boxInbox>true</boxInbox>
<showLegend>false</showLegend>
<showLabels>false</showLabels>
<showRelAttributes>false</showRelAttributes>
<gridEnabled>false</gridEnabled>
<showGrid>false</showGrid>
<diagramColor>-1</diagramColor>
<display>false</display>
<notation>1</notation>
<objectViews>
<OView class="oracle.dbtools.crest.swingui.relational.TVTable" oid="19135CA5-FE61-4FF1-CB6E-D843A11BFC72" otype="Table" vid="3DDA2A42-FD0D-3A74-8506-DC7BDC5A04FC">
<hideElementsInCurrentOnly>false</hideElementsInCurrentOnly>
<bounds x="1037" y="452" width="515" height="252"/>
</OView>
<OView class="oracle.dbtools.crest.swingui.relational.TVTable" oid="24710329-7098-71CB-8C94-F078A8A8AAC4" otype="Table" vid="9B6719DF-3782-49C1-608A-A88037713B4B">
<hideElementsInCurrentOnly>false</hideElementsInCurrentOnly>
<bounds x="830" y="183" width="170" height="110"/>
</OView>
<OView class="oracle.dbtools.crest.swingui.relational.TVTable" oid="37DB33EC-CBA2-4170-610E-E5D9157417A7" otype="Table" vid="162BFC3B-9432-96B2-4FF4-9BB2BD56B456">
<hideElementsInCurrentOnly>false</hideElementsInCurrentOnly>
<bounds x="29" y="147" width="232" height="110"/>
</OView>
<OView class="oracle.dbtools.crest.swingui.relational.TVTable" oid="3D4D4897-616A-1B1E-2AB3-B80986C23C38" otype="Table" vid="9C14A430-A8F7-3A86-9DC4-D3004C25FF93">
<hideElementsInCurrentOnly>false</hideElementsInCurrentOnly>
<bounds x="1320" y="584" width="216" height="110"/>
</OView>
<OView class="oracle.dbtools.crest.swingui.relational.TVTable" oid="6374E314-474E-0E62-EBAB-7C2334820D50" otype="Table" vid="2579A839-D144-0464-67EB-C76CF1D4ECFB">
<hideElementsInCurrentOnly>false</hideElementsInCurrentOnly>
<bounds x="83" y="626" width="219" height="155"/>
</OView>
<OView class="oracle.dbtools.crest.swingui.relational.TVTable" oid="639B1B9E-2CAF-A01B-2933-A51DC37F15C3" otype="Table" vid="CAEAA816-196C-3F04-F671-03409C3883FF">
<hideElementsInCurrentOnly>false</hideElementsInCurrentOnly>
<bounds x="72" y="367" width="214" height="110"/>
</OView>
<OView class="oracle.dbtools.crest.swingui.relational.TVTable" oid="94B5E590-122F-6074-74D2-B010AE4EAD3B" otype="Table" vid="843119F4-3207-80FC-5D6A-63CF93FE6F97">
<hideElementsInCurrentOnly>false</hideElementsInCurrentOnly>
<bounds x="595" y="373" width="235" height="121"/>
</OView>
<OView class="oracle.dbtools.crest.swingui.relational.TVTable" oid="9C76DB05-0699-D164-F8FD-DE3EA6218C6D" otype="Table" vid="2BD467F3-63C3-A223-711C-52AEA61AE163">
<hideElementsInCurrentOnly>false</hideElementsInCurrentOnly>
<bounds x="571" y="183" width="199" height="110"/>
</OView>
<OView class="oracle.dbtools.crest.swingui.relational.TVTable" oid="EB7CA0C8-D913-EC91-3491-1DE17290F10C" otype="Table" vid="56A33569-C6A0-9097-A90C-D4B0808FCCB6">
<hideElementsInCurrentOnly>false</hideElementsInCurrentOnly>
<bounds x="415" y="540" width="229" height="110"/>
</OView>
<OView class="oracle.dbtools.crest.swingui.relational.TVTable" oid="F5B82A39-3F2F-567B-313B-64C4138FE859" otype="Table" vid="E574BCF8-AAF2-8D1F-1B6D-9DE369058035">
<hideElementsInCurrentOnly>false</hideElementsInCurrentOnly>
<bounds x="564" y="74" width="446" height="229"/>
</OView>
<OView class="oracle.dbtools.crest.swingui.relational.TVTable" oid="F9862BA9-6D7A-BF27-2E13-738392006722" otype="Table" vid="0A56CAFD-B692-B7E5-ECF5-F78FD9DA1629">
<hideElementsInCurrentOnly>false</hideElementsInCurrentOnly>
<bounds x="1047" y="584" width="233" height="110"/>
</OView>
<OView class="oracle.dbtools.crest.swingui.relational.TVTable" oid="FABA97BC-52CA-F870-628C-A45EA7FE7D76" otype="Table" vid="B5CB10BC-B458-0E53-2555-E4690DF3BBCD">
<hideElementsInCurrentOnly>false</hideElementsInCurrentOnly>
<bounds x="596" y="692" width="237" height="125"/>
</OView>
</objectViews>
<connectors>
<Connector class="oracle.dbtools.crest.swingui.relational.TVFKRelation" oid="02AD429C-EBF1-3F9B-666D-3C2804AFE7AC" otype="FKIndexAssociation" vid_source="3DDA2A42-FD0D-3A74-8506-DC7BDC5A04FC" vid_target="B5CB10BC-B458-0E53-2555-E4690DF3BBCD">
<hideElementsInCurrentOnly>false</hideElementsInCurrentOnly>
<backgroundColor>-16777216</backgroundColor>
<lineWidth>1</lineWidth>
<points>
<point x="1037" y="698"/>
<point x="833" y="698"/>
</points>
</Connector>
<Connector class="oracle.dbtools.crest.swingui.relational.TVFKRelation" oid="03FB9649-115B-9FA3-E8A2-4039DA8E6E6E" otype="FKIndexAssociation" vid_source="56A33569-C6A0-9097-A90C-D4B0808FCCB6" vid_target="B5CB10BC-B458-0E53-2555-E4690DF3BBCD">
<hideElementsInCurrentOnly>false</hideElementsInCurrentOnly>
<backgroundColor>-16777216</backgroundColor>
<lineWidth>1</lineWidth>
<points>
<point x="620" y="650"/>
<point x="620" y="692"/>
</points>
</Connector>
<Connector class="oracle.dbtools.crest.swingui.relational.TVFKRelation" oid="0890BAE9-BDCA-C0C1-BD52-569952DE27C3" otype="FKIndexAssociation" vid_source="3DDA2A42-FD0D-3A74-8506-DC7BDC5A04FC" vid_target="0A56CAFD-B692-B7E5-ECF5-F78FD9DA1629">
<hideElementsInCurrentOnly>false</hideElementsInCurrentOnly>
<backgroundColor>-16777216</backgroundColor>
<lineWidth>1</lineWidth>
<points>
<point x="1552" y="639"/>
<point x="1047" y="639"/>
</points>
</Connector>
<Connector class="oracle.dbtools.crest.swingui.relational.TVFKRelation" oid="1802492B-A98B-72B7-E60A-C1831F0FEFEE" otype="FKIndexAssociation" vid_source="3DDA2A42-FD0D-3A74-8506-DC7BDC5A04FC" vid_target="9C14A430-A8F7-3A86-9DC4-D3004C25FF93">
<hideElementsInCurrentOnly>false</hideElementsInCurrentOnly>
<backgroundColor>-16777216</backgroundColor>
<lineWidth>1</lineWidth>
<points>
<point x="1552" y="654"/>
<point x="1320" y="654"/>
</points>
</Connector>
<Connector class="oracle.dbtools.crest.swingui.relational.TVFKRelation" oid="29FC6F43-9E17-CDBB-311C-9595D238958A" otype="FKIndexAssociation" vid_source="843119F4-3207-80FC-5D6A-63CF93FE6F97" vid_target="56A33569-C6A0-9097-A90C-D4B0808FCCB6">
<hideElementsInCurrentOnly>false</hideElementsInCurrentOnly>
<backgroundColor>-16777216</backgroundColor>
<lineWidth>1</lineWidth>
<points>
<point x="619" y="494"/>
<point x="619" y="540"/>
</points>
</Connector>
<Connector class="oracle.dbtools.crest.swingui.relational.TVFKRelation" oid="32242DC7-08A7-F077-1BD5-C76163ADC534" otype="FKIndexAssociation" vid_source="0A56CAFD-B692-B7E5-ECF5-F78FD9DA1629" vid_target="3DDA2A42-FD0D-3A74-8506-DC7BDC5A04FC">
<hideElementsInCurrentOnly>false</hideElementsInCurrentOnly>
<backgroundColor>-16777216</backgroundColor>
<lineWidth>1</lineWidth>
<points>
<point x="1280" y="669"/>
<point x="1037" y="669"/>
</points>
</Connector>
<Connector class="oracle.dbtools.crest.swingui.relational.TVFKRelation" oid="3D91C240-CA30-6B9F-2AFB-A43E5FAF3D0A" otype="FKIndexAssociation" vid_source="3DDA2A42-FD0D-3A74-8506-DC7BDC5A04FC" vid_target="2579A839-D144-0464-67EB-C76CF1D4ECFB">
<hideElementsInCurrentOnly>false</hideElementsInCurrentOnly>
<backgroundColor>-16777216</backgroundColor>
<lineWidth>1</lineWidth>
<points>
<point x="1037" y="680"/>
<point x="302" y="680"/>
</points>
</Connector>
<Connector class="oracle.dbtools.crest.swingui.relational.TVFKRelation" oid="4F1FE0D2-D626-685D-D109-60F0E859864E" otype="FKIndexAssociation" vid_source="2BD467F3-63C3-A223-711C-52AEA61AE163" vid_target="2BD467F3-63C3-A223-711C-52AEA61AE163">
<hideElementsInCurrentOnly>false</hideElementsInCurrentOnly>
<backgroundColor>-16777216</backgroundColor>
<lineWidth>1</lineWidth>
<points>
<point x="770" y="247"/>
<point x="845" y="247"/>
<point x="845" y="368"/>
<point x="688" y="368"/>
<point x="688" y="293"/>
</points>
</Connector>
<Connector class="oracle.dbtools.crest.swingui.relational.TVFKRelation" oid="57E7520A-194C-43F0-C289-4F8DAFAA4269" otype="FKIndexAssociation" vid_source="CAEAA816-196C-3F04-F671-03409C3883FF" vid_target="2579A839-D144-0464-67EB-C76CF1D4ECFB">
<hideElementsInCurrentOnly>false</hideElementsInCurrentOnly>
<backgroundColor>-16777216</backgroundColor>
<lineWidth>1</lineWidth>
<points>
<point x="184" y="477"/>
<point x="184" y="626"/>
</points>
</Connector>
<Connector class="oracle.dbtools.crest.swingui.relational.TVFKRelation" oid="59ED67EF-E9DD-6F50-9090-B3B235610105" otype="FKIndexAssociation" vid_source="3DDA2A42-FD0D-3A74-8506-DC7BDC5A04FC" vid_target="0A56CAFD-B692-B7E5-ECF5-F78FD9DA1629">
<hideElementsInCurrentOnly>false</hideElementsInCurrentOnly>
<backgroundColor>-16777216</backgroundColor>
<lineWidth>1</lineWidth>
<points>
<point x="1552" y="669"/>
<point x="1047" y="669"/>
</points>
</Connector>
<Connector class="oracle.dbtools.crest.swingui.relational.TVFKRelation" oid="6E172212-A564-1CDF-3B8C-4ABC33B61B34" otype="FKIndexAssociation" vid_source="162BFC3B-9432-96B2-4FF4-9BB2BD56B456" vid_target="CAEAA816-196C-3F04-F671-03409C3883FF">
<hideElementsInCurrentOnly>false</hideElementsInCurrentOnly>
<backgroundColor>-16777216</backgroundColor>
<lineWidth>1</lineWidth>
<points>
<point x="166" y="257"/>
<point x="166" y="367"/>
</points>
</Connector>
<Connector class="oracle.dbtools.crest.swingui.relational.TVFKRelation" oid="7FE5D476-0A8B-9C4B-A269-A35A0044EBC9" otype="FKIndexAssociation" vid_source="843119F4-3207-80FC-5D6A-63CF93FE6F97" vid_target="3DDA2A42-FD0D-3A74-8506-DC7BDC5A04FC">
<hideElementsInCurrentOnly>false</hideElementsInCurrentOnly>
<backgroundColor>-16777216</backgroundColor>
<lineWidth>1</lineWidth>
<points>
<point x="830" y="488"/>
<point x="1037" y="488"/>
</points>
</Connector>
<Connector class="oracle.dbtools.crest.swingui.relational.TVFKRelation" oid="9770E353-3869-844E-E904-4BB3CC22DE34" otype="FKIndexAssociation" vid_source="E574BCF8-AAF2-8D1F-1B6D-9DE369058035" vid_target="2BD467F3-63C3-A223-711C-52AEA61AE163">
<hideElementsInCurrentOnly>false</hideElementsInCurrentOnly>
<backgroundColor>-16777216</backgroundColor>
<lineWidth>1</lineWidth>
<points>
<point x="770" y="303"/>
<point x="571" y="268"/>
</points>
</Connector>
<Connector class="oracle.dbtools.crest.swingui.relational.TVFKRelation" oid="9C992B99-6A6F-9B83-46FA-40FD4F7D4BBE" otype="FKIndexAssociation" vid_source="3DDA2A42-FD0D-3A74-8506-DC7BDC5A04FC" vid_target="9C14A430-A8F7-3A86-9DC4-D3004C25FF93">
<hideElementsInCurrentOnly>false</hideElementsInCurrentOnly>
<backgroundColor>-16777216</backgroundColor>
<lineWidth>1</lineWidth>
<points>
<point x="1552" y="624"/>
<point x="1320" y="624"/>
</points>
</Connector>
<Connector class="oracle.dbtools.crest.swingui.relational.TVFKRelation" oid="9FEF84F6-085E-D7DE-A3B1-F2CC30EC19F4" otype="FKIndexAssociation" vid_source="9B6719DF-3782-49C1-608A-A88037713B4B" vid_target="E574BCF8-AAF2-8D1F-1B6D-9DE369058035">
<hideElementsInCurrentOnly>false</hideElementsInCurrentOnly>
<backgroundColor>-16777216</backgroundColor>
<lineWidth>1</lineWidth>
<points>
<point x="1000" y="208"/>
<point x="830" y="303"/>
</points>
</Connector>
<Connector class="oracle.dbtools.crest.swingui.relational.TVFKRelation" oid="A54F5527-FB38-CD9A-19B8-A5013D158C91" otype="FKIndexAssociation" vid_source="9C14A430-A8F7-3A86-9DC4-D3004C25FF93" vid_target="3DDA2A42-FD0D-3A74-8506-DC7BDC5A04FC">
<hideElementsInCurrentOnly>false</hideElementsInCurrentOnly>
<backgroundColor>-16777216</backgroundColor>
<lineWidth>1</lineWidth>
<points>
<point x="1536" y="624"/>
<point x="1320" y="704"/>
</points>
</Connector>
<Connector class="oracle.dbtools.crest.swingui.relational.TVFKRelation" oid="AD91DCD4-A844-C782-1550-F1CAE0C0E1C0" otype="FKIndexAssociation" vid_source="E574BCF8-AAF2-8D1F-1B6D-9DE369058035" vid_target="2BD467F3-63C3-A223-711C-52AEA61AE163">
<hideElementsInCurrentOnly>false</hideElementsInCurrentOnly>
<backgroundColor>-16777216</backgroundColor>
<lineWidth>1</lineWidth>
<points>
<point x="1010" y="238"/>
<point x="571" y="238"/>
</points>
</Connector>
<Connector class="oracle.dbtools.crest.swingui.relational.TVFKRelation" oid="D5B54EC0-3FC4-FF50-8409-141A5B90F585" otype="FKIndexAssociation" vid_source="2BD467F3-63C3-A223-711C-52AEA61AE163" vid_target="E574BCF8-AAF2-8D1F-1B6D-9DE369058035">
<hideElementsInCurrentOnly>false</hideElementsInCurrentOnly>
<backgroundColor>-16777216</backgroundColor>
<lineWidth>1</lineWidth>
<points>
<point x="770" y="293"/>
<point x="564" y="268"/>
</points>
</Connector>
<Connector class="oracle.dbtools.crest.swingui.relational.TVFKRelation" oid="E36B57C8-6906-AEFE-6607-E624DA599474" otype="FKIndexAssociation" vid_source="162BFC3B-9432-96B2-4FF4-9BB2BD56B456" vid_target="E574BCF8-AAF2-8D1F-1B6D-9DE369058035">
<hideElementsInCurrentOnly>false</hideElementsInCurrentOnly>
<backgroundColor>-16777216</backgroundColor>
<lineWidth>1</lineWidth>
<points>
<point x="261" y="202"/>
<point x="564" y="202"/>
</points>
</Connector>
<Connector class="oracle.dbtools.crest.swingui.relational.TVFKRelation" oid="F4CD2A66-9088-F16A-FAB3-48F3996DE17F" otype="FKIndexAssociation" vid_source="E574BCF8-AAF2-8D1F-1B6D-9DE369058035" vid_target="9B6719DF-3782-49C1-608A-A88037713B4B">
<hideElementsInCurrentOnly>false</hideElementsInCurrentOnly>
<backgroundColor>-16777216</backgroundColor>
<lineWidth>1</lineWidth>
<points>
<point x="1010" y="208"/>
<point x="830" y="208"/>
</points>
</Connector>
<Connector class="oracle.dbtools.crest.swingui.relational.TVFKRelation" oid="F7C50118-7C8F-5516-56A9-F20020D48DD2" otype="FKIndexAssociation" vid_source="E574BCF8-AAF2-8D1F-1B6D-9DE369058035" vid_target="9B6719DF-3782-49C1-608A-A88037713B4B">
<hideElementsInCurrentOnly>false</hideElementsInCurrentOnly>
<backgroundColor>-16777216</backgroundColor>
<lineWidth>1</lineWidth>
<points>
<point x="1010" y="253"/>
<point x="830" y="253"/>
</points>
</Connector>
</connectors>
<arcs>
<Arc class="oracle.dbtools.crest.swingui.relational.TVFKArc" oid="8A9D3B32-F6ED-F185-7C85-04924B52B818" otype="FKArc" vid="45DBAE60-C625-C106-99DA-9687FCA323B4">
<hideElementsInCurrentOnly>false</hideElementsInCurrentOnly>
<bounds x="544" y="54" width="486" height="269"/>
</Arc>
<Arc class="oracle.dbtools.crest.swingui.relational.TVFKArc" oid="E53D5A6C-709C-7144-15BC-15BC7A93DD97" otype="FKArc" vid="DE54CA39-6CA5-07EF-A282-1D3436AF9BA4">
<hideElementsInCurrentOnly>false</hideElementsInCurrentOnly>
<bounds x="1017" y="432" width="555" height="292"/>
</Arc>
</arcs>
</Diagram>