<?xml version = '1.0' encoding = 'UTF-8'?>
<Relation class="oracle.dbtools.crest.model.design.logical.Relation" name="afp_medico" directorySegmentName="seg_0" id="3CBBD06D-B990-A85D-7805-085E4D0BC824">
<createdBy>PC</createdBy>
<createdTime>2025-09-14 00:11:06 UTC</createdTime>
<ownerDesignName>Sumativa_2</ownerDesignName>
<engineerTo>
<item key="F0BC168A-4CE0-D099-23CD-3793BCF69626" value="true"/>
</engineerTo>
<sourcePk>40BE40BC-7FE5-3730-A1AB-0046301DBDDC</sourcePk>
<identifying>false</identifying>
<optionalSource>true</optionalSource>
<optionalTarget>false</optionalTarget>
<sourceCardinality>1</sourceCardinality>
<sourceEntity>E1DE09EE-DBCD-46E1-3DE4-4D3421B05C7C</sourceEntity>
<targetCardinalityString>*</targetCardinalityString>
<targetEntity>880089A6-2CA9-3369-F486-CD52F914D43F</targetEntity>
<transferable>true</transferable>
<deleteRule>NO ACTION</deleteRule>
</Relation>