<?xml version = '1.0' encoding = 'UTF-8'?>
<Relation class="oracle.dbtools.crest.model.design.logical.Relation" name="institucionsalud_medico" directorySegmentName="seg_0" id="554EDC65-3E15-1985-6A62-07055833BC46">
<createdBy>PC</createdBy>
<createdTime>2025-09-14 00:13:16 UTC</createdTime>
<ownerDesignName>Sumativa_2</ownerDesignName>
<engineerTo>
<item key="F0BC168A-4CE0-D099-23CD-3793BCF69626" value="true"/>
</engineerTo>
<sourcePk>827FC61D-09B0-A54F-E2D4-F49956267E17</sourcePk>
<identifying>false</identifying>
<optionalSource>true</optionalSource>
<optionalTarget>false</optionalTarget>
<sourceCardinality>1</sourceCardinality>
<sourceEntity>53CC6A41-3DB4-76BF-0F97-73C4C8813B3E</sourceEntity>
<targetCardinalityString>*</targetCardinalityString>
<targetEntity>880089A6-2CA9-3369-F486-CD52F914D43F</targetEntity>
<transferable>true</transferable>
<deleteRule>NO ACTION</deleteRule>
</Relation>