<?xml version = '1.0' encoding = 'UTF-8'?>
<Relation class="oracle.dbtools.crest.model.design.logical.Relation" name="paciente_atencionmedica" directorySegmentName="seg_0" id="A3F07829-1403-3F3F-1C89-D6AFB82C3DC4">
<createdBy>PC</createdBy>
<createdTime>2025-09-14 00:20:22 UTC</createdTime>
<ownerDesignName>Sumativa_2</ownerDesignName>
<engineerTo>
<item key="F0BC168A-4CE0-D099-23CD-3793BCF69626" value="true"/>
</engineerTo>
<sourcePk>E2C274D5-E9D8-3C85-EFA3-A8FFF5407402</sourcePk>
<identifying>false</identifying>
<optionalSource>true</optionalSource>
<optionalTarget>false</optionalTarget>
<sourceCardinality>1</sourceCardinality>
<sourceEntity>01FC9740-539E-15EE-5D75-609948073116</sourceEntity>
<targetCardinalityString>*</targetCardinalityString>
<targetEntity>C7B16CC3-9F0E-31EC-FE8E-17122460DAA9</targetEntity>
<transferable>true</transferable>
<deleteRule>NO ACTION</deleteRule>
</Relation>