<?xml version = '1.0' encoding = 'UTF-8'?>
<Relation class="oracle.dbtools.crest.model.design.logical.Relation" name="medico_atencionmedica" directorySegmentName="seg_0" id="B8FA951E-5A51-2A43-F4D0-BC8DA334A183">
<createdBy>PC</createdBy>
<createdTime>2025-09-14 00:20:33 UTC</createdTime>
<ownerDesignName>Sumativa_2</ownerDesignName>
<engineerTo>
<item key="F0BC168A-4CE0-D099-23CD-3793BCF69626" value="true"/>
</engineerTo>
<sourcePk>6913B752-6C7F-1537-6605-0C7DDC0A07AF</sourcePk>
<identifying>false</identifying>
<optionalSource>true</optionalSource>
<optionalTarget>false</optionalTarget>
<sourceCardinality>1</sourceCardinality>
<sourceEntity>880089A6-2CA9-3369-F486-CD52F914D43F</sourceEntity>
<targetCardinalityString>*</targetCardinalityString>
<targetEntity>C7B16CC3-9F0E-31EC-FE8E-17122460DAA9</targetEntity>
<transferable>true</transferable>
<deleteRule>NO ACTION</deleteRule>
</Relation>