<?xml version = '1.0' encoding = 'UTF-8'?>
<Relation class="oracle.dbtools.crest.model.design.logical.Relation" name="atencion_pago" directorySegmentName="seg_0" id="BDBD2D3A-C4B6-232C-CB05-25E2D5544D62">
<createdBy>PC</createdBy>
<createdTime>2025-09-14 00:24:19 UTC</createdTime>
<ownerDesignName>Sumativa_2</ownerDesignName>
<engineerTo>
<item key="F0BC168A-4CE0-D099-23CD-3793BCF69626" value="true"/>
</engineerTo>
<sourcePk>67831C28-41CB-93F5-57D9-0C873B3DEB85</sourcePk>
<identifying>false</identifying>
<optionalSource>true</optionalSource>
<optionalTarget>false</optionalTarget>
<sourceCardinality>1</sourceCardinality>
<sourceEntity>C7B16CC3-9F0E-31EC-FE8E-17122460DAA9</sourceEntity>
<targetCardinalityString>1</targetCardinalityString>
<targetEntity>0FF2B0CB-02BA-1141-B927-D062B1A0D081</targetEntity>
<transferable>true</transferable>
<deleteRule>NO ACTION</deleteRule>
</Relation>