<?xml version = '1.0' encoding = 'UTF-8'?>
<Relation class="oracle.dbtools.crest.model.design.logical.Relation" name="especialidad_medico" directorySegmentName="seg_0" id="C13A4F12-8909-043D-5963-4E3068193917">
<createdBy>PC</createdBy>
<createdTime>2025-09-14 00:09:03 UTC</createdTime>
<ownerDesignName>Sumativa_2</ownerDesignName>
<engineerTo>
<item key="F0BC168A-4CE0-D099-23CD-3793BCF69626" value="true"/>
</engineerTo>
<sourcePk>B8B6787E-4564-7B21-4A0F-5F88A75DC450</sourcePk>
<identifying>false</identifying>
<optionalSource>true</optionalSource>
<optionalTarget>false</optionalTarget>
<sourceCardinality>1</sourceCardinality>
<sourceEntity>D98FDD13-69B7-1BE2-E3C7-F98E08661BC9</sourceEntity>
<targetCardinalityString>*</targetCardinalityString>
<targetEntity>880089A6-2CA9-3369-F486-CD52F914D43F</targetEntity>
<transferable>true</transferable>
<deleteRule>NO ACTION</deleteRule>
</Relation>