<?xml version = '1.0' encoding = 'UTF-8'?>
<Relation class="oracle.dbtools.crest.model.design.logical.Relation" name="supervision_medico" directorySegmentName="seg_0" id="C49B1EA8-13BB-146C-DC3A-52BAA62A61E7">
<createdBy>PC</createdBy>
<createdTime>2025-09-14 01:00:33 UTC</createdTime>
<ownerDesignName>Sumativa_2</ownerDesignName>
<engineerTo>
<item key="F0BC168A-4CE0-D099-23CD-3793BCF69626" value="true"/>
</engineerTo>
<targetPk>6913B752-6C7F-1537-6605-0C7DDC0A07AF</targetPk>
<identifying>false</identifying>
<optionalSource>true</optionalSource>
<optionalTarget>false</optionalTarget>
<sourceCardinality>1</sourceCardinality>
<sourceEntity>880089A6-2CA9-3369-F486-CD52F914D43F</sourceEntity>
<targetCardinalityString>*</targetCardinalityString>
<targetEntity>880089A6-2CA9-3369-F486-CD52F914D43F</targetEntity>
<transferable>true</transferable>
<deleteRule>NO ACTION</deleteRule>
</Relation>