<?xml version = '1.0' encoding = 'UTF-8'?>
<Relation class="oracle.dbtools.crest.model.design.logical.Relation" name="region_comuna" directorySegmentName="seg_0" id="CD0CB01C-5C1C-E83E-EE6D-9AC7B2D154DA">
<createdBy>PC</createdBy>
<createdTime>2025-09-13 23:38:55 UTC</createdTime>
<ownerDesignName>Sumativa_2</ownerDesignName>
<engineerTo>
<item key="F0BC168A-4CE0-D099-23CD-3793BCF69626" value="true"/>
</engineerTo>
<sourcePk>BC63C954-4715-0E76-8307-1B36704FA5AA</sourcePk>
<identifying>false</identifying>
<optionalSource>true</optionalSource>
<optionalTarget>false</optionalTarget>
<sourceCardinality>1</sourceCardinality>
<sourceEntity>7A8B2925-4AED-559D-BAF8-A27DBBF340B9</sourceEntity>
<targetCardinalityString>*</targetCardinalityString>
<targetEntity>EA9F11DC-C9C2-3C1F-91A3-B2634528FC9D</targetEntity>
<transferable>true</transferable>
<deleteRule>NO ACTION</deleteRule>
</Relation>