<?xml version = '1.0' encoding = 'UTF-8'?>
<Relation class="oracle.dbtools.crest.model.design.logical.Relation" name="comuna_paciente" directorySegmentName="seg_0" id="EDACBA4D-F884-3C1A-758E-8BBE8CF0C134">
<createdBy>PC</createdBy>
<createdTime>2025-09-13 23:39:35 UTC</createdTime>
<ownerDesignName>Sumativa_2</ownerDesignName>
<engineerTo>
<item key="F0BC168A-4CE0-D099-23CD-3793BCF69626" value="true"/>
</engineerTo>
<sourcePk>11A12136-FDDD-E04E-16FB-59DEC8BDF4DD</sourcePk>
<identifying>false</identifying>
<optionalSource>true</optionalSource>
<optionalTarget>false</optionalTarget>
<sourceCardinality>1</sourceCardinality>
<sourceEntity>EA9F11DC-C9C2-3C1F-91A3-B2634528FC9D</sourceEntity>
<targetCardinalityString>*</targetCardinalityString>
<targetEntity>01FC9740-539E-15EE-5D75-609948073116</targetEntity>
<transferable>true</transferable>
<deleteRule>NO ACTION</deleteRule>
</Relation>