<?xml version = '1.0' encoding = 'UTF-8'?>
<Table class="oracle.dbtools.crest.model.design.relational.Table" directorySegmentName="seg_0" id="19135CA5-FE61-4FF1-CB6E-D843A11BFC72" name="RESIDENTE">
<createdBy>PC</createdBy>
<createdTime>2025-09-01 02:54:04 UTC</createdTime>
<generatorID>BBFF2CB6-260B-3CAB-FAB8-B7A0D4A42F0A</generatorID>
<ownerDesignName>S1_Exp3_Ignacio_Caceres</ownerDesignName>
<useDDLTransformationScript>true</useDDLTransformationScript>
<allowColumnReorder>false</allowColumnReorder>
<existDependencyGenerateInDDl>true</existDependencyGenerateInDDl>
<parsed>true</parsed>
<columns itemClass="oracle.dbtools.crest.model.design.relational.Column">
<Column name="rut_residente" id="56DA9A8B-E89C-2C47-15E1-FDCF0F2DF3B0">
<createdBy>PC</createdBy>
<createdTime>2025-09-01 02:54:04 UTC</createdTime>
<generatorID>445D318E-FE42-D3DB-FF43-CAC44AA0F519</generatorID>
<ownerDesignName>S1_Exp3_Ignacio_Caceres</ownerDesignName>
<useDomainConstraints>false</useDomainConstraints>
<use>1</use>
<logicalDatatype>LOGDT024</logicalDatatype>
<dataTypeSize>12 CHAR</dataTypeSize>
<ownDataTypeParameters>12 CHAR,,</ownDataTypeParameters>
<autoIncrementCycle>false</autoIncrementCycle>
</Column>
<Column name="nombre" id="29CF9BD0-044A-C7A8-FD6F-FB90E9825681">
<createdBy>PC</createdBy>
<createdTime>2025-09-01 02:54:04 UTC</createdTime>
<generatorID>9A56B82F-7C9D-EFDC-566F-F0FE01F1FC58</generatorID>
<ownerDesignName>S1_Exp3_Ignacio_Caceres</ownerDesignName>
<useDomainConstraints>false</useDomainConstraints>
<use>1</use>
<logicalDatatype>LOGDT024</logicalDatatype>
<dataTypeSize>50 CHAR</dataTypeSize>
<ownDataTypeParameters>50 CHAR,,</ownDataTypeParameters>
<autoIncrementCycle>false</autoIncrementCycle>
</Column>
<Column name="edad" id="FD61DE0C-8C51-99E0-E662-CCC8E6B60C75">
<createdBy>PC</createdBy>
<createdTime>2025-09-01 02:54:04 UTC</createdTime>
<generatorID>EC485281-27DE-1634-FEC9-45D71B87CE9F</generatorID>
<ownerDesignName>S1_Exp3_Ignacio_Caceres</ownerDesignName>
<useDomainConstraints>false</useDomainConstraints>
<use>1</use>
<logicalDatatype>LOGDT019</logicalDatatype>
<dataTypePrecision>3</dataTypePrecision>
<ownDataTypeParameters>,3,</ownDataTypeParameters>
<autoIncrementCycle>false</autoIncrementCycle>
</Column>
<Column name="autonomia" id="11319D42-F922-76D5-A0F0-133268361A8D">
<createdBy>PC</createdBy>
<createdTime>2025-09-01 02:54:04 UTC</createdTime>
<generatorID>66402323-6311-B659-E80D-FF8A381DB417</generatorID>
<ownerDesignName>S1_Exp3_Ignacio_Caceres</ownerDesignName>
<useDomainConstraints>false</useDomainConstraints>
<use>1</use>
<logicalDatatype>LOGDT024</logicalDatatype>
<dataTypeSize>15</dataTypeSize>
<ownDataTypeParameters>15,,</ownDataTypeParameters>
<autoIncrementCycle>false</autoIncrementCycle>
</Column>
<Column name="APODERADO_rut_apoderado" id="96691BB0-67E4-5B22-32C9-F6485BF0009D">
<createdBy>PC</createdBy>
<createdTime>2025-09-01 02:54:04 UTC</createdTime>
<generatorID>329B47A3-C127-5BF2-1800-237DE8CD17DA</generatorID>
<ownerDesignName>S1_Exp3_Ignacio_Caceres</ownerDesignName>
<useDomainConstraints>false</useDomainConstraints>
<use>1</use>
<logicalDatatype>LOGDT024</logicalDatatype>
<dataTypeSize>15 CHAR</dataTypeSize>
<ownDataTypeParameters>,,</ownDataTypeParameters>
<previousColumn>false</previousColumn>
<autoIncrementCycle>false</autoIncrementCycle>
<associations>
<colAssociation fkAssociation="7FE5D476-0A8B-9C4B-A269-A35A0044EBC9" referredColumn="0BCCD8A6-58DE-4C50-2842-6F97187E13CA"/>
</associations>
</Column>
</columns>
<indexes itemClass="oracle.dbtools.crest.model.design.relational.Index">
<ind_PK_UK id="7F7CEA03-44A1-DC26-7417-77634468A9AF" name="RESIDENTE_PK">
<createdBy>PC</createdBy>
<createdTime>2025-09-01 02:54:04 UTC</createdTime>
<generatorID>1A950779-540E-ECB8-CC76-566E4FC0A821</generatorID>
<ownerDesignName>S1_Exp3_Ignacio_Caceres</ownerDesignName>
<shouldEngineer>false</shouldEngineer>
<pk>true</pk>
<indexState>Primary Constraint</indexState>
<isSurrogateKey>false</isSurrogateKey>
<indexColumnUsage>
<colUsage columnID="56DA9A8B-E89C-2C47-15E1-FDCF0F2DF3B0"/>
</indexColumnUsage>
</ind_PK_UK>
<ind_PK_UK id="C9B0FDBC-0D45-86E8-317F-0A4A6A70E5EA" name="RESIDENTE_APODERADO_FK">
<createdBy>PC</createdBy>
<createdTime>2025-09-01 02:54:04 UTC</createdTime>
<generatorID>CE84A2B9-2582-6257-A15A-106B7B1C2D84</generatorID>
<ownerDesignName>S1_Exp3_Ignacio_Caceres</ownerDesignName>
<indexState>Foreign Key</indexState>
<isSurrogateKey>false</isSurrogateKey>
<indexColumnUsage>
<colUsage columnID="96691BB0-67E4-5B22-32C9-F6485BF0009D"/>
</indexColumnUsage>
</ind_PK_UK>
<ind_PK_UK id="359128C2-51AA-81FC-3409-A1E03EF8C7B7" name="RESIDENTE_PERMANENTE_FK">
<createdBy>PC</createdBy>
<createdTime>2025-09-01 03:00:52 UTC</createdTime>
<generatorID>E2DC8218-DAFB-53EF-241B-EBE342A3E55A</generatorID>
<ownerDesignName>S1_Exp3_Ignacio_Caceres</ownerDesignName>
<indexState>Foreign Key</indexState>
<isSurrogateKey>false</isSurrogateKey>
</ind_PK_UK>
<ind_PK_UK id="5E6A41F8-98D2-8A99-9736-D7EF04400964" name="RESIDENTE_TEMPORAL_FK">
<createdBy>PC</createdBy>
<createdTime>2025-09-01 03:00:52 UTC</createdTime>
<generatorID>006A1233-4922-7476-6BB3-B223A0C60D89</generatorID>
<ownerDesignName>S1_Exp3_Ignacio_Caceres</ownerDesignName>
<indexState>Foreign Key</indexState>
<isSurrogateKey>false</isSurrogateKey>
</ind_PK_UK>
</indexes>
</Table>