<?xml version = '1.0' encoding = 'UTF-8'?>
<Table class="oracle.dbtools.crest.model.design.relational.Table" directorySegmentName="seg_0" id="24710329-7098-71CB-8C94-F078A8A8AAC4" name="CUIDADOR">
<createdBy>PC</createdBy>
<createdTime>2025-09-01 02:54:04 UTC</createdTime>
<generatorID>29E4A263-FC2B-2E1C-F4CE-79064C0223F2</generatorID>
<ownerDesignName>S1_Exp3_Ignacio_Caceres</ownerDesignName>
<useDDLTransformationScript>true</useDDLTransformationScript>
<allowColumnReorder>false</allowColumnReorder>
<existDependencyGenerateInDDl>true</existDependencyGenerateInDDl>
<parsed>true</parsed>
<columns itemClass="oracle.dbtools.crest.model.design.relational.Column">
<Column name="rut" id="6E06FB28-9744-CC58-B7DE-7EC170C83F28">
<createdBy>PC</createdBy>
<createdTime>2025-09-01 02:54:04 UTC</createdTime>
<generatorID>587A5C15-90CF-9853-8826-26E494705FA0</generatorID>
<ownerDesignName>S1_Exp3_Ignacio_Caceres</ownerDesignName>
<shouldEngineer>false</shouldEngineer>
<useDomainConstraints>false</useDomainConstraints>
<use>1</use>
<logicalDatatype>LOGDT019</logicalDatatype>
<dataTypePrecision>12</dataTypePrecision>
<ownDataTypeParameters>,,</ownDataTypeParameters>
<autoIncrementCycle>false</autoIncrementCycle>
<associations>
<colAssociation fkAssociation="F7C50118-7C8F-5516-56A9-F20020D48DD2" referredColumn="7BBEBA6B-677F-BCF2-6776-D8FA166A5EC3"/>
</associations>
</Column>
<Column name="PERSONAL_rut" id="D2B7CC30-1CDC-8D13-9FF6-2D240D397B13">
<createdBy>PC</createdBy>
<createdTime>2025-09-01 02:54:04 UTC</createdTime>
<generatorID>462DF9BC-9BC3-AA0A-6672-A45DA0BD22E4</generatorID>
<ownerDesignName>S1_Exp3_Ignacio_Caceres</ownerDesignName>
<useDomainConstraints>false</useDomainConstraints>
<use>1</use>
<logicalDatatype>LOGDT019</logicalDatatype>
<dataTypePrecision>12</dataTypePrecision>
<ownDataTypeParameters>,,</ownDataTypeParameters>
<previousColumn>false</previousColumn>
<autoIncrementCycle>false</autoIncrementCycle>
<associations>
<colAssociation fkAssociation="F4CD2A66-9088-F16A-FAB3-48F3996DE17F" referredColumn="7BBEBA6B-677F-BCF2-6776-D8FA166A5EC3"/>
</associations>
</Column>
</columns>
<indexes itemClass="oracle.dbtools.crest.model.design.relational.Index">
<ind_PK_UK id="4B1DB579-5E11-F34C-8733-ACBA7AEC774B" name="CUIDADOR_PK">
<createdBy>PC</createdBy>
<createdTime>2025-09-01 02:54:04 UTC</createdTime>
<generatorID>1B7619E0-6F61-09B0-EC7D-F663A623A051</generatorID>
<ownerDesignName>S1_Exp3_Ignacio_Caceres</ownerDesignName>
<shouldEngineer>false</shouldEngineer>
<pk>true</pk>
<indexState>Primary Constraint</indexState>
<isSurrogateKey>false</isSurrogateKey>
<indexColumnUsage>
<colUsage columnID="6E06FB28-9744-CC58-B7DE-7EC170C83F28"/>
</indexColumnUsage>
</ind_PK_UK>
<ind_PK_UK id="40BA1F24-1C4E-6194-F253-365A9E3F973C" name="CUIDADOR_PKv1">
<createdBy>PC</createdBy>
<createdTime>2025-09-01 02:54:04 UTC</createdTime>
<generatorID>D6540782-8238-F470-1085-122852F127EA</generatorID>
<ownerDesignName>S1_Exp3_Ignacio_Caceres</ownerDesignName>
<shouldEngineer>false</shouldEngineer>
<indexState>Unique Constraint</indexState>
<isSurrogateKey>false</isSurrogateKey>
<indexColumnUsage>
<colUsage columnID="D2B7CC30-1CDC-8D13-9FF6-2D240D397B13"/>
</indexColumnUsage>
</ind_PK_UK>
<ind_PK_UK id="F0B2EDA1-58EC-1541-CB7F-4221714D857B" name="CUIDADOR_PERSONAL_FK">
<createdBy>PC</createdBy>
<createdTime>2025-09-01 02:54:04 UTC</createdTime>
<generatorID>C9241BAA-B35A-093E-C7B5-CA172443A80A</generatorID>
<ownerDesignName>S1_Exp3_Ignacio_Caceres</ownerDesignName>
<indexState>Foreign Key</indexState>
<isSurrogateKey>false</isSurrogateKey>
<indexColumnUsage>
<colUsage columnID="6E06FB28-9744-CC58-B7DE-7EC170C83F28"/>
</indexColumnUsage>
</ind_PK_UK>
<ind_PK_UK id="7E5BD8DC-CC07-220F-3AB0-37DD2819DFD2" name="CUIDADOR_PERSONAL_FKv2">
<createdBy>PC</createdBy>
<createdTime>2025-09-01 02:54:04 UTC</createdTime>
<generatorID>CD3E32F6-56AC-8CFC-7338-69147FF28954</generatorID>
<ownerDesignName>S1_Exp3_Ignacio_Caceres</ownerDesignName>
<indexState>Foreign Key</indexState>
<isSurrogateKey>false</isSurrogateKey>
<indexColumnUsage>
<colUsage columnID="D2B7CC30-1CDC-8D13-9FF6-2D240D397B13"/>
</indexColumnUsage>
</ind_PK_UK>
</indexes>
</Table>