<?xml version = '1.0' encoding = 'UTF-8'?>
<Table class="oracle.dbtools.crest.model.design.relational.Table" directorySegmentName="seg_0" id="3D4D4897-616A-1B1E-2AB3-B80986C23C38" name="PERMANENTE">
<createdBy>PC</createdBy>
<createdTime>2025-09-01 02:54:04 UTC</createdTime>
<generatorID>560DBC7E-30A1-C9B8-E804-47E03A19C495</generatorID>
<ownerDesignName>S1_Exp3_Ignacio_Caceres</ownerDesignName>
<useDDLTransformationScript>true</useDDLTransformationScript>
<allowColumnReorder>false</allowColumnReorder>
<existDependencyGenerateInDDl>true</existDependencyGenerateInDDl>
<parsed>true</parsed>
<columns itemClass="oracle.dbtools.crest.model.design.relational.Column">
<Column name="rut_residente" id="0F13C33C-07FC-9F8C-F290-807E149814C4">
<createdBy>PC</createdBy>
<createdTime>2025-09-01 02:54:04 UTC</createdTime>
<generatorID>445D318E-FE42-D3DB-FF43-CAC44AA0F519</generatorID>
<ownerDesignName>S1_Exp3_Ignacio_Caceres</ownerDesignName>
<shouldEngineer>false</shouldEngineer>
<useDomainConstraints>false</useDomainConstraints>
<use>1</use>
<logicalDatatype>LOGDT024</logicalDatatype>
<dataTypeSize>12 CHAR</dataTypeSize>
<ownDataTypeParameters>,,</ownDataTypeParameters>
<autoIncrementCycle>false</autoIncrementCycle>
<associations>
<colAssociation fkAssociation="1802492B-A98B-72B7-E60A-C1831F0FEFEE" referredColumn="56DA9A8B-E89C-2C47-15E1-FDCF0F2DF3B0"/>
</associations>
</Column>
<Column name="RESIDENTE_rut_residente" id="C7C51FA9-5754-DE7A-3C91-898CFB417DE1">
<createdBy>PC</createdBy>
<createdTime>2025-09-01 02:54:04 UTC</createdTime>
<generatorID>B3798016-BB63-6491-9A2A-CD598836E0F7</generatorID>
<ownerDesignName>S1_Exp3_Ignacio_Caceres</ownerDesignName>
<useDomainConstraints>false</useDomainConstraints>
<use>1</use>
<logicalDatatype>LOGDT024</logicalDatatype>
<dataTypeSize>12 CHAR</dataTypeSize>
<ownDataTypeParameters>,,</ownDataTypeParameters>
<previousColumn>false</previousColumn>
<autoIncrementCycle>false</autoIncrementCycle>
<associations>
<colAssociation fkAssociation="9C992B99-6A6F-9B83-46FA-40FD4F7D4BBE" referredColumn="56DA9A8B-E89C-2C47-15E1-FDCF0F2DF3B0"/>
</associations>
</Column>
<Column name="historial_clinico" id="A8388953-830E-46CE-5046-3038ADE517E5">
<createdBy>PC</createdBy>
<createdTime>2025-09-01 02:54:04 UTC</createdTime>
<generatorID>EB5027A9-152A-2E48-547F-7BC7383C3025</generatorID>
<ownerDesignName>S1_Exp3_Ignacio_Caceres</ownerDesignName>
<useDomainConstraints>false</useDomainConstraints>
<use>1</use>
<logicalDatatype>LOGDT024</logicalDatatype>
<dataTypeSize>10000</dataTypeSize>
<ownDataTypeParameters>10000,,</ownDataTypeParameters>
<autoIncrementCycle>false</autoIncrementCycle>
</Column>
</columns>
<indexes itemClass="oracle.dbtools.crest.model.design.relational.Index">
<ind_PK_UK id="7A33A9A5-99EE-A0E2-90FA-BB44D370DDD4" name="PERMANENTE_PK">
<createdBy>PC</createdBy>
<createdTime>2025-09-01 02:54:04 UTC</createdTime>
<generatorID>1A950779-540E-ECB8-CC76-566E4FC0A821</generatorID>
<ownerDesignName>S1_Exp3_Ignacio_Caceres</ownerDesignName>
<shouldEngineer>false</shouldEngineer>
<pk>true</pk>
<indexState>Primary Constraint</indexState>
<isSurrogateKey>false</isSurrogateKey>
<indexColumnUsage>
<colUsage columnID="0F13C33C-07FC-9F8C-F290-807E149814C4"/>
</indexColumnUsage>
</ind_PK_UK>
<ind_PK_UK id="D7546FD0-F9AA-BF2C-4009-D79069FD9D3C" name="PERMANENTE_PKv1">
<createdBy>PC</createdBy>
<createdTime>2025-09-01 02:54:04 UTC</createdTime>
<generatorID>F56951E3-64ED-384E-B074-9C8ED0B407A7</generatorID>
<ownerDesignName>S1_Exp3_Ignacio_Caceres</ownerDesignName>
<shouldEngineer>false</shouldEngineer>
<indexState>Unique Constraint</indexState>
<isSurrogateKey>false</isSurrogateKey>
</ind_PK_UK>
<ind_PK_UK id="D7AD58DA-3F0C-AF04-16B3-CEF42DED8A19" name="PERMANENTE__IDX">
<createdBy>PC</createdBy>
<createdTime>2025-09-01 03:00:52 UTC</createdTime>
<ownerDesignName>S1_Exp3_Ignacio_Caceres</ownerDesignName>
<indexState>Unique Plain Index</indexState>
<isSurrogateKey>false</isSurrogateKey>
<relationGeneratorID>E2DC8218-DAFB-53EF-241B-EBE342A3E55A</relationGeneratorID>
<indexColumnUsage>
<colUsage columnID="C7C51FA9-5754-DE7A-3C91-898CFB417DE1"/>
</indexColumnUsage>
</ind_PK_UK>
<ind_PK_UK id="BE973955-76B5-CAE4-E9B9-744DBE591427" name="PERMANENTE_RESIDENTE_FK">
<createdBy>PC</createdBy>
<createdTime>2025-09-01 02:54:04 UTC</createdTime>
<generatorID>917F27F7-EC69-DD6A-2B1D-B43D28DF8630</generatorID>
<ownerDesignName>S1_Exp3_Ignacio_Caceres</ownerDesignName>
<indexState>Foreign Key</indexState>
<isSurrogateKey>false</isSurrogateKey>
<indexColumnUsage>
<colUsage columnID="0F13C33C-07FC-9F8C-F290-807E149814C4"/>
</indexColumnUsage>
</ind_PK_UK>
<ind_PK_UK id="DE9F2FE6-3B33-60A6-FFCF-B56800DF3B4C" name="PERMANENTE_RESIDENTE_FKv1">
<createdBy>PC</createdBy>
<createdTime>2025-09-01 02:54:04 UTC</createdTime>
<generatorID>E2DC8218-DAFB-53EF-241B-EBE342A3E55A</generatorID>
<ownerDesignName>S1_Exp3_Ignacio_Caceres</ownerDesignName>
<indexState>Foreign Key</indexState>
<isSurrogateKey>false</isSurrogateKey>
<indexColumnUsage>
<colUsage columnID="C7C51FA9-5754-DE7A-3C91-898CFB417DE1"/>
</indexColumnUsage>
</ind_PK_UK>
</indexes>
</Table>