<?xml version = '1.0' encoding = 'UTF-8'?>
<Table class="oracle.dbtools.crest.model.design.relational.Table" directorySegmentName="seg_0" id="6374E314-474E-0E62-EBAB-7C2334820D50" name="ASIGNACION_HABITACION">
<createdBy>PC</createdBy>
<createdTime>2025-09-01 02:54:04 UTC</createdTime>
<generatorID>72216CEC-6AD5-BF35-AF42-178770173462</generatorID>
<ownerDesignName>S1_Exp3_Ignacio_Caceres</ownerDesignName>
<useDDLTransformationScript>true</useDDLTransformationScript>
<allowColumnReorder>false</allowColumnReorder>
<existDependencyGenerateInDDl>true</existDependencyGenerateInDDl>
<parsed>true</parsed>
<columns itemClass="oracle.dbtools.crest.model.design.relational.Column">
<Column name="id_asignacion" id="727041F3-7392-75EF-B03A-6812818612AA">
<createdBy>PC</createdBy>
<createdTime>2025-09-01 02:54:04 UTC</createdTime>
<generatorID>9E9832E4-C3B5-FFD3-22C0-C480D8492F53</generatorID>
<ownerDesignName>S1_Exp3_Ignacio_Caceres</ownerDesignName>
<useDomainConstraints>false</useDomainConstraints>
<use>1</use>
<logicalDatatype>LOGDT019</logicalDatatype>
<dataTypePrecision>4</dataTypePrecision>
<ownDataTypeParameters>,4,</ownDataTypeParameters>
<autoIncrementCycle>false</autoIncrementCycle>
</Column>
<Column name="RESIDENTE_rut_residente" id="1ACB4A70-C2C1-1363-5557-01B7D2B5BD0C">
<createdBy>PC</createdBy>
<createdTime>2025-09-01 02:54:04 UTC</createdTime>
<generatorID>0F81FFBC-27FA-2569-352E-DC970DB7978E</generatorID>
<ownerDesignName>S1_Exp3_Ignacio_Caceres</ownerDesignName>
<useDomainConstraints>false</useDomainConstraints>
<use>1</use>
<logicalDatatype>LOGDT024</logicalDatatype>
<dataTypeSize>12 CHAR</dataTypeSize>
<ownDataTypeParameters>,,</ownDataTypeParameters>
<previousColumn>false</previousColumn>
<autoIncrementCycle>false</autoIncrementCycle>
<associations>
<colAssociation fkAssociation="3D91C240-CA30-6B9F-2AFB-A43E5FAF3D0A" referredColumn="56DA9A8B-E89C-2C47-15E1-FDCF0F2DF3B0"/>
</associations>
</Column>
<Column name="HABITACIÓN_numero" id="A3819983-2F86-001E-4F44-AC41F3A06C7E">
<createdBy>PC</createdBy>
<createdTime>2025-09-01 02:54:04 UTC</createdTime>
<generatorID>63C6435F-AE41-CDCF-1D43-3B5BBDC87B78</generatorID>
<ownerDesignName>S1_Exp3_Ignacio_Caceres</ownerDesignName>
<useDomainConstraints>false</useDomainConstraints>
<use>1</use>
<logicalDatatype>LOGDT019</logicalDatatype>
<ownDataTypeParameters>,,</ownDataTypeParameters>
<previousColumn>false</previousColumn>
<autoIncrementCycle>false</autoIncrementCycle>
<associations>
<colAssociation fkAssociation="57E7520A-194C-43F0-C289-4F8DAFAA4269" referredColumn="1A3503EF-D4B1-5C36-450E-D3374F44AEBC"/>
</associations>
</Column>
<Column name="HABITACIÓN_RESIDENCIA_nombre_residencia" id="DA2EA981-7A93-A89E-AAA3-3DB3305DE1F4">
<createdBy>PC</createdBy>
<createdTime>2025-09-01 02:54:04 UTC</createdTime>
<generatorID>BC71D4E5-48A7-8BF0-ED72-B77D2A85FD9A</generatorID>
<ownerDesignName>S1_Exp3_Ignacio_Caceres</ownerDesignName>
<useDomainConstraints>false</useDomainConstraints>
<use>1</use>
<logicalDatatype>LOGDT024</logicalDatatype>
<dataTypeSize>50 CHAR</dataTypeSize>
<ownDataTypeParameters>,,</ownDataTypeParameters>
<previousColumn>false</previousColumn>
<autoIncrementCycle>false</autoIncrementCycle>
<associations>
<colAssociation fkAssociation="57E7520A-194C-43F0-C289-4F8DAFAA4269" referredColumn="40126C44-DB83-DF8F-3A4C-6238722A0B93"/>
</associations>
</Column>
<Column name="fecha_asignacion" id="59DE9856-8215-E982-358E-44A3632F5F83">
<createdBy>PC</createdBy>
<createdTime>2025-09-01 02:54:04 UTC</createdTime>
<generatorID>FE5447BC-35DE-4B8D-8981-339B93514FAA</generatorID>
<ownerDesignName>S1_Exp3_Ignacio_Caceres</ownerDesignName>
<useDomainConstraints>false</useDomainConstraints>
<use>1</use>
<logicalDatatype>LOGDT007</logicalDatatype>
<ownDataTypeParameters>,,</ownDataTypeParameters>
<autoIncrementCycle>false</autoIncrementCycle>
</Column>
<Column name="fecha_liberacion" id="F867762B-1049-2130-2A4C-6A5343A05E6D">
<createdBy>PC</createdBy>
<createdTime>2025-09-01 02:54:04 UTC</createdTime>
<generatorID>4FB40886-CC05-CBD1-1AD2-A775A0CC1DC4</generatorID>
<ownerDesignName>S1_Exp3_Ignacio_Caceres</ownerDesignName>
<nullsAllowed>true</nullsAllowed>
<useDomainConstraints>false</useDomainConstraints>
<use>1</use>
<logicalDatatype>LOGDT007</logicalDatatype>
<ownDataTypeParameters>,,</ownDataTypeParameters>
<autoIncrementCycle>false</autoIncrementCycle>
</Column>
<Column name="activa" id="134B6633-0A96-0160-A2E7-E19C734C0E07">
<createdBy>PC</createdBy>
<createdTime>2025-09-01 02:54:04 UTC</createdTime>
<generatorID>F7FE2D5C-E963-F91E-ECCF-81FB18A68B06</generatorID>
<ownerDesignName>S1_Exp3_Ignacio_Caceres</ownerDesignName>
<useDomainConstraints>false</useDomainConstraints>
<use>1</use>
<logicalDatatype>LOGDT024</logicalDatatype>
<dataTypeSize>2</dataTypeSize>
<ownDataTypeParameters>2,,</ownDataTypeParameters>
<autoIncrementCycle>false</autoIncrementCycle>
</Column>
</columns>
<indexes itemClass="oracle.dbtools.crest.model.design.relational.Index">
<ind_PK_UK id="D5321BB2-85AA-D82A-CC39-C95DDA694420" name="ASIGNACION_HABITACION_PK">
<createdBy>PC</createdBy>
<createdTime>2025-09-01 02:54:04 UTC</createdTime>
<generatorID>107A19B8-0BA9-51E4-B807-BA67DBFAEE8C</generatorID>
<ownerDesignName>S1_Exp3_Ignacio_Caceres</ownerDesignName>
<pk>true</pk>
<indexState>Primary Constraint</indexState>
<isSurrogateKey>false</isSurrogateKey>
<indexColumnUsage>
<colUsage columnID="727041F3-7392-75EF-B03A-6812818612AA"/>
</indexColumnUsage>
</ind_PK_UK>
<ind_PK_UK id="CEC8091C-D8FB-E984-62D5-15F18237182E" name="ASIGNACION_HABITACION_HABITACIÓN_FK">
<createdBy>PC</createdBy>
<createdTime>2025-09-01 02:54:04 UTC</createdTime>
<generatorID>525A5B98-676A-095B-7627-64AF823B01D7</generatorID>
<ownerDesignName>S1_Exp3_Ignacio_Caceres</ownerDesignName>
<indexState>Foreign Key</indexState>
<isSurrogateKey>false</isSurrogateKey>
<indexColumnUsage>
<colUsage columnID="A3819983-2F86-001E-4F44-AC41F3A06C7E"/>
<colUsage columnID="DA2EA981-7A93-A89E-AAA3-3DB3305DE1F4"/>
</indexColumnUsage>
</ind_PK_UK>
<ind_PK_UK id="35389103-316F-73A0-00E8-866E46A293E3" name="ASIGNACION_HABITACION_RESIDENTE_FK">
<createdBy>PC</createdBy>
<createdTime>2025-09-01 02:54:04 UTC</createdTime>
<generatorID>BBBDC45D-50C0-D0B6-7025-57928DBD25DA</generatorID>
<ownerDesignName>S1_Exp3_Ignacio_Caceres</ownerDesignName>
<indexState>Foreign Key</indexState>
<isSurrogateKey>false</isSurrogateKey>
<indexColumnUsage>
<colUsage columnID="1ACB4A70-C2C1-1363-5557-01B7D2B5BD0C"/>
</indexColumnUsage>
</ind_PK_UK>
</indexes>
</Table>