<?xml version = '1.0' encoding = 'UTF-8'?>
<Table class="oracle.dbtools.crest.model.design.relational.Table" directorySegmentName="seg_0" id="94B5E590-122F-6074-74D2-B010AE4EAD3B" name="APODERADO">
<createdBy>PC</createdBy>
<createdTime>2025-09-01 02:54:04 UTC</createdTime>
<generatorID>CB9B4A7F-7F57-B5EB-0A40-60601A6D6AFD</generatorID>
<ownerDesignName>S1_Exp3_Ignacio_Caceres</ownerDesignName>
<useDDLTransformationScript>true</useDDLTransformationScript>
<allowColumnReorder>false</allowColumnReorder>
<existDependencyGenerateInDDl>true</existDependencyGenerateInDDl>
<parsed>true</parsed>
<columns itemClass="oracle.dbtools.crest.model.design.relational.Column">
<Column name="rut_apoderado" id="0BCCD8A6-58DE-4C50-2842-6F97187E13CA">
<createdBy>PC</createdBy>
<createdTime>2025-09-01 02:54:04 UTC</createdTime>
<generatorID>73389D75-3D38-502D-A3F7-830D3C5698F1</generatorID>
<ownerDesignName>S1_Exp3_Ignacio_Caceres</ownerDesignName>
<useDomainConstraints>false</useDomainConstraints>
<use>1</use>
<logicalDatatype>LOGDT024</logicalDatatype>
<dataTypeSize>15 CHAR</dataTypeSize>
<ownDataTypeParameters>15 CHAR,,</ownDataTypeParameters>
<autoIncrementCycle>false</autoIncrementCycle>
</Column>
<Column name="nombre" id="814E7AC8-CEDF-910B-2136-B3205364B4A2">
<createdBy>PC</createdBy>
<createdTime>2025-09-01 02:54:04 UTC</createdTime>
<generatorID>800D0BB3-874D-0C34-C382-413704815F87</generatorID>
<ownerDesignName>S1_Exp3_Ignacio_Caceres</ownerDesignName>
<useDomainConstraints>false</useDomainConstraints>
<use>1</use>
<logicalDatatype>LOGDT024</logicalDatatype>
<dataTypeSize>50 CHAR</dataTypeSize>
<ownDataTypeParameters>50 CHAR,,</ownDataTypeParameters>
<autoIncrementCycle>false</autoIncrementCycle>
</Column>
<Column name="telefono" id="7A42E377-098C-366C-BE8E-47C4D24A8F3F">
<createdBy>PC</createdBy>
<createdTime>2025-09-01 02:54:04 UTC</createdTime>
<generatorID>ACFCB24F-0510-B7FC-5D61-709C2F0858DE</generatorID>
<ownerDesignName>S1_Exp3_Ignacio_Caceres</ownerDesignName>
<useDomainConstraints>false</useDomainConstraints>
<use>1</use>
<logicalDatatype>LOGDT019</logicalDatatype>
<dataTypePrecision>12</dataTypePrecision>
<ownDataTypeParameters>,12,</ownDataTypeParameters>
<autoIncrementCycle>false</autoIncrementCycle>
</Column>
<Column name="email" id="8D1A7F29-AC55-69CF-E857-5841B3E6EFAD">
<createdBy>PC</createdBy>
<createdTime>2025-09-01 02:54:04 UTC</createdTime>
<generatorID>CA8F5BAA-7B88-8513-1DBF-41CA2A8D9EDF</generatorID>
<ownerDesignName>S1_Exp3_Ignacio_Caceres</ownerDesignName>
<useDomainConstraints>false</useDomainConstraints>
<use>1</use>
<logicalDatatype>LOGDT024</logicalDatatype>
<dataTypeSize>50 CHAR</dataTypeSize>
<ownDataTypeParameters>50 CHAR,,</ownDataTypeParameters>
<autoIncrementCycle>false</autoIncrementCycle>
</Column>
<Column name="relacion_parentesco" id="AEE67219-A743-6E1B-3385-424C77FC3A3B">
<createdBy>PC</createdBy>
<createdTime>2025-09-01 02:54:04 UTC</createdTime>
<generatorID>14C170B7-31B0-B603-36CF-51BCB471F09E</generatorID>
<ownerDesignName>S1_Exp3_Ignacio_Caceres</ownerDesignName>
<useDomainConstraints>false</useDomainConstraints>
<use>1</use>
<logicalDatatype>LOGDT024</logicalDatatype>
<dataTypeSize>20 CHAR</dataTypeSize>
<ownDataTypeParameters>20 CHAR,,</ownDataTypeParameters>
<autoIncrementCycle>false</autoIncrementCycle>
</Column>
</columns>
<indexes itemClass="oracle.dbtools.crest.model.design.relational.Index">
<ind_PK_UK id="8DB68C7D-6F39-CBB8-D2C7-9CF65390C4BC" name="APODERADO_PK">
<createdBy>PC</createdBy>
<createdTime>2025-09-01 02:54:04 UTC</createdTime>
<generatorID>F508A30A-9156-6949-1299-2563ED5A4D85</generatorID>
<ownerDesignName>S1_Exp3_Ignacio_Caceres</ownerDesignName>
<pk>true</pk>
<indexState>Primary Constraint</indexState>
<isSurrogateKey>false</isSurrogateKey>
<indexColumnUsage>
<colUsage columnID="0BCCD8A6-58DE-4C50-2842-6F97187E13CA"/>
</indexColumnUsage>
</ind_PK_UK>
</indexes>
</Table>