<?xml version = '1.0' encoding = 'UTF-8'?>
<Table class="oracle.dbtools.crest.model.design.relational.Table" directorySegmentName="seg_0" id="9C76DB05-0699-D164-F8FD-DE3EA6218C6D" name="MEDICO">
<createdBy>PC</createdBy>
<createdTime>2025-09-01 02:54:04 UTC</createdTime>
<generatorID>27AADD0A-D2A0-6E43-7664-018B5C8262CD</generatorID>
<ownerDesignName>S1_Exp3_Ignacio_Caceres</ownerDesignName>
<useDDLTransformationScript>true</useDDLTransformationScript>
<allowColumnReorder>false</allowColumnReorder>
<existDependencyGenerateInDDl>true</existDependencyGenerateInDDl>
<parsed>true</parsed>
<columns itemClass="oracle.dbtools.crest.model.design.relational.Column">
<Column name="rut" id="5B03ED2B-5FCF-4785-AC6C-7AC220C76E2B">
<createdBy>PC</createdBy>
<createdTime>2025-09-01 02:54:04 UTC</createdTime>
<generatorID>587A5C15-90CF-9853-8826-26E494705FA0</generatorID>
<ownerDesignName>S1_Exp3_Ignacio_Caceres</ownerDesignName>
<shouldEngineer>false</shouldEngineer>
<useDomainConstraints>false</useDomainConstraints>
<use>1</use>
<logicalDatatype>LOGDT019</logicalDatatype>
<dataTypePrecision>12</dataTypePrecision>
<ownDataTypeParameters>,,</ownDataTypeParameters>
<autoIncrementCycle>false</autoIncrementCycle>
<associations>
<colAssociation fkAssociation="AD91DCD4-A844-C782-1550-F1CAE0C0E1C0" referredColumn="7BBEBA6B-677F-BCF2-6776-D8FA166A5EC3"/>
</associations>
</Column>
<Column name="PERSONAL_rut" id="5075C22B-B393-F2E6-311B-D36185672305">
<createdBy>PC</createdBy>
<createdTime>2025-09-01 02:54:04 UTC</createdTime>
<generatorID>FFA3E0E7-4525-67F3-E967-93F4ACD63AA6</generatorID>
<ownerDesignName>S1_Exp3_Ignacio_Caceres</ownerDesignName>
<useDomainConstraints>false</useDomainConstraints>
<use>1</use>
<logicalDatatype>LOGDT019</logicalDatatype>
<ownDataTypeParameters>,,</ownDataTypeParameters>
<previousColumn>false</previousColumn>
<autoIncrementCycle>false</autoIncrementCycle>
<associations>
<colAssociation fkAssociation="9770E353-3869-844E-E904-4BB3CC22DE34" referredColumn="7BBEBA6B-677F-BCF2-6776-D8FA166A5EC3"/>
<colAssociation fkAssociation="4F1FE0D2-D626-685D-D109-60F0E859864E" referredColumn="A882CD52-315E-896B-04FB-361177E70132"/>
</associations>
</Column>
<Column name="especialidad" id="2AAB0D28-D77D-32A2-E314-12763D5001EE">
<createdBy>PC</createdBy>
<createdTime>2025-09-01 02:54:04 UTC</createdTime>
<generatorID>B90AF1F5-CD61-0035-E135-56CF8EA213AF</generatorID>
<ownerDesignName>S1_Exp3_Ignacio_Caceres</ownerDesignName>
<useDomainConstraints>false</useDomainConstraints>
<use>1</use>
<logicalDatatype>LOGDT024</logicalDatatype>
<dataTypeSize>20 CHAR</dataTypeSize>
<ownDataTypeParameters>20 CHAR,,</ownDataTypeParameters>
<autoIncrementCycle>false</autoIncrementCycle>
</Column>
<Column name="rut_supervisor" id="22A08761-07AF-ED95-18BC-3839B9AD7FC9">
<createdBy>PC</createdBy>
<createdTime>2025-09-01 02:54:04 UTC</createdTime>
<generatorID>4C63CB4E-7A0C-2B3B-550F-1D53A6F50F33</generatorID>
<ownerDesignName>S1_Exp3_Ignacio_Caceres</ownerDesignName>
<nullsAllowed>true</nullsAllowed>
<useDomainConstraints>false</useDomainConstraints>
<use>1</use>
<logicalDatatype>LOGDT024</logicalDatatype>
<dataTypeSize>12 CHAR</dataTypeSize>
<ownDataTypeParameters>12 CHAR,,</ownDataTypeParameters>
<autoIncrementCycle>false</autoIncrementCycle>
</Column>
<Column name="PERSONAL_rut1" id="A882CD52-315E-896B-04FB-361177E70132">
<createdBy>PC</createdBy>
<createdTime>2025-09-01 03:00:52 UTC</createdTime>
<generatorID>8E1B7403-50CA-56E6-05FB-9650226F91AD</generatorID>
<ownerDesignName>S1_Exp3_Ignacio_Caceres</ownerDesignName>
<useDomainConstraints>false</useDomainConstraints>
<use>1</use>
<logicalDatatype>LOGDT019</logicalDatatype>
<ownDataTypeParameters>,,</ownDataTypeParameters>
<previousColumn>false</previousColumn>
<autoIncrementCycle>false</autoIncrementCycle>
<associations>
<colAssociation fkAssociation="4F1FE0D2-D626-685D-D109-60F0E859864E" referredColumn="5075C22B-B393-F2E6-311B-D36185672305"/>
</associations>
</Column>
<Column name="MEDICO_PERSONAL_rut1" id="FFC8F9B2-F5BF-106A-6118-478081C86810">
<createdBy>PC</createdBy>
<createdTime>2025-09-01 03:00:52 UTC</createdTime>
<ownerDesignName>S1_Exp3_Ignacio_Caceres</ownerDesignName>
<useDomainConstraints>false</useDomainConstraints>
<use>1</use>
<logicalDatatype>LOGDT019</logicalDatatype>
<ownDataTypeParameters>,,</ownDataTypeParameters>
<previousColumn>false</previousColumn>
<autoIncrementCycle>false</autoIncrementCycle>
<associations>
<colAssociation fkAssociation="4F1FE0D2-D626-685D-D109-60F0E859864E" referredColumn="A882CD52-315E-896B-04FB-361177E70132"/>
</associations>
</Column>
</columns>
<indexes itemClass="oracle.dbtools.crest.model.design.relational.Index">
<ind_PK_UK id="018E0A56-5143-586D-561A-A0355FA6198A" name="MEDICO_PK">
<createdBy>PC</createdBy>
<createdTime>2025-09-01 02:54:04 UTC</createdTime>
<generatorID>1B7619E0-6F61-09B0-EC7D-F663A623A051</generatorID>
<ownerDesignName>S1_Exp3_Ignacio_Caceres</ownerDesignName>
<shouldEngineer>false</shouldEngineer>
<pk>true</pk>
<indexState>Primary Constraint</indexState>
<isSurrogateKey>false</isSurrogateKey>
<indexColumnUsage>
<colUsage columnID="5B03ED2B-5FCF-4785-AC6C-7AC220C76E2B"/>
</indexColumnUsage>
</ind_PK_UK>
<ind_PK_UK id="8886240C-69F7-EF7B-ABAE-09B87EC3BBFC" name="MEDICO_PKv1">
<createdBy>PC</createdBy>
<createdTime>2025-09-01 02:54:04 UTC</createdTime>
<generatorID>1ED9B506-BE46-F5EE-3E95-6A46E90FEAED</generatorID>
<ownerDesignName>S1_Exp3_Ignacio_Caceres</ownerDesignName>
<shouldEngineer>false</shouldEngineer>
<indexState>Unique Constraint</indexState>
<isSurrogateKey>false</isSurrogateKey>
<indexColumnUsage>
<colUsage columnID="5075C22B-B393-F2E6-311B-D36185672305"/>
<colUsage columnID="A882CD52-315E-896B-04FB-361177E70132"/>
</indexColumnUsage>
</ind_PK_UK>
<ind_PK_UK id="40764483-1786-0110-5AAE-DCE396C7EEDF" name="MEDICO__IDX">
<createdBy>PC</createdBy>
<createdTime>2025-09-01 03:00:52 UTC</createdTime>
<ownerDesignName>S1_Exp3_Ignacio_Caceres</ownerDesignName>
<indexState>Unique Plain Index</indexState>
<isSurrogateKey>false</isSurrogateKey>
<relationGeneratorID>875E89AB-A8C9-B5F9-AEA9-AF92949E4292</relationGeneratorID>
<indexColumnUsage>
<colUsage columnID="5075C22B-B393-F2E6-311B-D36185672305"/>
</indexColumnUsage>
</ind_PK_UK>
<ind_PK_UK id="8F638E1D-B41B-27B8-899A-17E1824D982D" name="MEDICO_PERSONAL_FK">
<createdBy>PC</createdBy>
<createdTime>2025-09-01 02:54:04 UTC</createdTime>
<generatorID>36A7E353-6B51-36FE-26D7-357A49293B31</generatorID>
<ownerDesignName>S1_Exp3_Ignacio_Caceres</ownerDesignName>
<indexState>Foreign Key</indexState>
<isSurrogateKey>false</isSurrogateKey>
<indexColumnUsage>
<colUsage columnID="5B03ED2B-5FCF-4785-AC6C-7AC220C76E2B"/>
</indexColumnUsage>
</ind_PK_UK>
<ind_PK_UK id="2B9CAE91-7559-E85A-9240-588990B9E014" name="MEDICO_MEDICO_FK">
<createdBy>PC</createdBy>
<createdTime>2025-09-01 02:54:04 UTC</createdTime>
<generatorID>F2917F5C-45F7-AE83-DF77-5D917061820B</generatorID>
<ownerDesignName>S1_Exp3_Ignacio_Caceres</ownerDesignName>
<indexState>Foreign Key</indexState>
<isSurrogateKey>false</isSurrogateKey>
<indexColumnUsage>
<colUsage columnID="A882CD52-315E-896B-04FB-361177E70132"/>
<colUsage columnID="FFC8F9B2-F5BF-106A-6118-478081C86810"/>
<colUsage columnID="5075C22B-B393-F2E6-311B-D36185672305"/>
</indexColumnUsage>
</ind_PK_UK>
<ind_PK_UK id="C51C4640-C4D2-6CFB-AD13-0D104137103A" name="MEDICO_PERSONAL_FKv2">
<createdBy>PC</createdBy>
<createdTime>2025-09-01 02:54:04 UTC</createdTime>
<generatorID>875E89AB-A8C9-B5F9-AEA9-AF92949E4292</generatorID>
<ownerDesignName>S1_Exp3_Ignacio_Caceres</ownerDesignName>
<indexState>Foreign Key</indexState>
<isSurrogateKey>false</isSurrogateKey>
<indexColumnUsage>
<colUsage columnID="5075C22B-B393-F2E6-311B-D36185672305"/>
</indexColumnUsage>
</ind_PK_UK>
</indexes>
</Table>