<?xml version = '1.0' encoding = 'UTF-8'?>
<Table class="oracle.dbtools.crest.model.design.relational.Table" directorySegmentName="seg_0" id="F5B82A39-3F2F-567B-313B-64C4138FE859" name="PERSONAL">
<createdBy>PC</createdBy>
<createdTime>2025-09-01 02:54:04 UTC</createdTime>
<generatorID>A94B2A66-FA0B-8520-CA0B-5B01A26D8A43</generatorID>
<ownerDesignName>S1_Exp3_Ignacio_Caceres</ownerDesignName>
<useDDLTransformationScript>true</useDDLTransformationScript>
<allowColumnReorder>false</allowColumnReorder>
<existDependencyGenerateInDDl>true</existDependencyGenerateInDDl>
<parsed>true</parsed>
<columns itemClass="oracle.dbtools.crest.model.design.relational.Column">
<Column name="rut" id="7BBEBA6B-677F-BCF2-6776-D8FA166A5EC3">
<createdBy>PC</createdBy>
<createdTime>2025-09-01 02:54:04 UTC</createdTime>
<generatorID>587A5C15-90CF-9853-8826-26E494705FA0</generatorID>
<ownerDesignName>S1_Exp3_Ignacio_Caceres</ownerDesignName>
<useDomainConstraints>false</useDomainConstraints>
<use>1</use>
<logicalDatatype>LOGDT019</logicalDatatype>
<dataTypePrecision>12</dataTypePrecision>
<ownDataTypeParameters>,12,</ownDataTypeParameters>
<autoIncrementCycle>false</autoIncrementCycle>
</Column>
<Column name="nombre" id="BDA4FE41-8212-B776-0D91-B47CB48D0B4E">
<createdBy>PC</createdBy>
<createdTime>2025-09-01 02:54:04 UTC</createdTime>
<generatorID>C7F6B5B2-AA29-7581-E00B-F3099282EA4A</generatorID>
<ownerDesignName>S1_Exp3_Ignacio_Caceres</ownerDesignName>
<useDomainConstraints>false</useDomainConstraints>
<use>1</use>
<logicalDatatype>LOGDT024</logicalDatatype>
<dataTypeSize>50 CHAR</dataTypeSize>
<ownDataTypeParameters>50 CHAR,,</ownDataTypeParameters>
<autoIncrementCycle>false</autoIncrementCycle>
</Column>
<Column name="fecha_ingreso" id="E1F211DE-CC92-1E58-2C2D-C849C18AD872">
<createdBy>PC</createdBy>
<createdTime>2025-09-01 02:54:04 UTC</createdTime>
<generatorID>13EDB106-9F88-135F-BB3A-54B1BA31B898</generatorID>
<ownerDesignName>S1_Exp3_Ignacio_Caceres</ownerDesignName>
<useDomainConstraints>false</useDomainConstraints>
<use>1</use>
<logicalDatatype>LOGDT007</logicalDatatype>
<ownDataTypeParameters>,,</ownDataTypeParameters>
<autoIncrementCycle>false</autoIncrementCycle>
</Column>
<Column name="RESIDENCIA_nombre_residencia" id="D7D026A2-AB92-34A4-CAB0-69796F024B73">
<createdBy>PC</createdBy>
<createdTime>2025-09-01 02:54:04 UTC</createdTime>
<generatorID>0E1E6D86-6A05-DA1F-8D97-BCA211FD3E32</generatorID>
<ownerDesignName>S1_Exp3_Ignacio_Caceres</ownerDesignName>
<useDomainConstraints>false</useDomainConstraints>
<use>1</use>
<logicalDatatype>LOGDT024</logicalDatatype>
<dataTypeSize>50 CHAR</dataTypeSize>
<ownDataTypeParameters>,,</ownDataTypeParameters>
<previousColumn>false</previousColumn>
<autoIncrementCycle>false</autoIncrementCycle>
<associations>
<colAssociation fkAssociation="E36B57C8-6906-AEFE-6607-E624DA599474" referredColumn="240FA521-6D2E-52D8-63E9-66D31B60602E"/>
</associations>
</Column>
<Column name="CUIDADOR_PERSONAL_rut" id="B45D966B-B325-9AC6-E58E-9C5E8D07C67B">
<createdBy>PC</createdBy>
<createdTime>2025-09-01 02:54:04 UTC</createdTime>
<generatorID>298FD4B4-91BF-7F65-308F-25985EB3EACA</generatorID>
<ownerDesignName>S1_Exp3_Ignacio_Caceres</ownerDesignName>
<useDomainConstraints>false</useDomainConstraints>
<use>1</use>
<logicalDatatype>LOGDT019</logicalDatatype>
<dataTypePrecision>12</dataTypePrecision>
<ownDataTypeParameters>,,</ownDataTypeParameters>
<previousColumn>false</previousColumn>
<autoIncrementCycle>false</autoIncrementCycle>
<associations>
<colAssociation fkAssociation="9FEF84F6-085E-D7DE-A3B1-F2CC30EC19F4" referredColumn="D2B7CC30-1CDC-8D13-9FF6-2D240D397B13"/>
</associations>
</Column>
<Column name="MEDICO_PERSONAL_rut" id="6594EDFB-5868-FD65-05C8-437C10255D20">
<createdBy>PC</createdBy>
<createdTime>2025-09-01 02:54:04 UTC</createdTime>
<generatorID>7E0CE962-3546-D4A7-9EEA-F27354AD6555</generatorID>
<ownerDesignName>S1_Exp3_Ignacio_Caceres</ownerDesignName>
<useDomainConstraints>false</useDomainConstraints>
<use>1</use>
<logicalDatatype>LOGDT019</logicalDatatype>
<ownDataTypeParameters>,,</ownDataTypeParameters>
<previousColumn>false</previousColumn>
<autoIncrementCycle>false</autoIncrementCycle>
<associations>
<colAssociation fkAssociation="D5B54EC0-3FC4-FF50-8409-141A5B90F585" referredColumn="5075C22B-B393-F2E6-311B-D36185672305"/>
</associations>
</Column>
<Column name="MEDICO_PERSONAL_rut1" id="E5D36B04-B1ED-CF75-3BB6-CB28232E457A">
<createdBy>PC</createdBy>
<createdTime>2025-09-01 03:00:52 UTC</createdTime>
<generatorID>A1F94020-9BAB-1350-631A-582D63745850</generatorID>
<ownerDesignName>S1_Exp3_Ignacio_Caceres</ownerDesignName>
<useDomainConstraints>false</useDomainConstraints>
<use>1</use>
<logicalDatatype>LOGDT019</logicalDatatype>
<ownDataTypeParameters>,,</ownDataTypeParameters>
<previousColumn>false</previousColumn>
<autoIncrementCycle>false</autoIncrementCycle>
<associations>
<colAssociation fkAssociation="D5B54EC0-3FC4-FF50-8409-141A5B90F585" referredColumn="A882CD52-315E-896B-04FB-361177E70132"/>
</associations>
</Column>
</columns>
<indexes itemClass="oracle.dbtools.crest.model.design.relational.Index">
<ind_PK_UK id="38C8B5CD-2CA6-4652-2D81-E9C4F61367CE" name="PERSONAL_PK">
<createdBy>PC</createdBy>
<createdTime>2025-09-01 02:54:04 UTC</createdTime>
<generatorID>1B7619E0-6F61-09B0-EC7D-F663A623A051</generatorID>
<ownerDesignName>S1_Exp3_Ignacio_Caceres</ownerDesignName>
<shouldEngineer>false</shouldEngineer>
<pk>true</pk>
<indexState>Primary Constraint</indexState>
<isSurrogateKey>false</isSurrogateKey>
<indexColumnUsage>
<colUsage columnID="7BBEBA6B-677F-BCF2-6776-D8FA166A5EC3"/>
</indexColumnUsage>
</ind_PK_UK>
<ind_PK_UK id="DDAD6614-3553-19A5-445C-0A1999C53DCD" name="PERSONAL__IDX">
<createdBy>PC</createdBy>
<createdTime>2025-09-01 02:54:04 UTC</createdTime>
<ownerDesignName>S1_Exp3_Ignacio_Caceres</ownerDesignName>
<indexState>Unique Plain Index</indexState>
<isSurrogateKey>false</isSurrogateKey>
<relationGeneratorID>CD3E32F6-56AC-8CFC-7338-69147FF28954</relationGeneratorID>
<indexColumnUsage>
<colUsage columnID="B45D966B-B325-9AC6-E58E-9C5E8D07C67B"/>
</indexColumnUsage>
</ind_PK_UK>
<ind_PK_UK id="EBFC51B4-9737-9112-B323-FF6188CCF5C5" name="PERSONAL__IDXv1">
<createdBy>PC</createdBy>
<createdTime>2025-09-01 02:54:04 UTC</createdTime>
<ownerDesignName>S1_Exp3_Ignacio_Caceres</ownerDesignName>
<indexState>Unique Plain Index</indexState>
<isSurrogateKey>false</isSurrogateKey>
<relationGeneratorID>875E89AB-A8C9-B5F9-AEA9-AF92949E4292</relationGeneratorID>
<indexColumnUsage>
<colUsage columnID="6594EDFB-5868-FD65-05C8-437C10255D20"/>
</indexColumnUsage>
</ind_PK_UK>
<ind_PK_UK id="35423836-9E4C-EFF5-B050-551E84E3D2B4" name="PERSONAL__IDXv2">
<createdBy>PC</createdBy>
<createdTime>2025-09-01 03:00:52 UTC</createdTime>
<ownerDesignName>S1_Exp3_Ignacio_Caceres</ownerDesignName>
<indexState>Unique Plain Index</indexState>
<isSurrogateKey>false</isSurrogateKey>
<relationGeneratorID>875E89AB-A8C9-B5F9-AEA9-AF92949E4292</relationGeneratorID>
<indexColumnUsage>
<colUsage columnID="6594EDFB-5868-FD65-05C8-437C10255D20"/>
<colUsage columnID="E5D36B04-B1ED-CF75-3BB6-CB28232E457A"/>
</indexColumnUsage>
</ind_PK_UK>
<ind_PK_UK id="6E8A0BFD-98E0-42A8-3F89-65279244E737" name="PERSONAL_RESIDENCIA_FK">
<createdBy>PC</createdBy>
<createdTime>2025-09-01 02:54:04 UTC</createdTime>
<generatorID>844F2B51-0DD0-3241-E679-268959E49888</generatorID>
<ownerDesignName>S1_Exp3_Ignacio_Caceres</ownerDesignName>
<indexState>Foreign Key</indexState>
<isSurrogateKey>false</isSurrogateKey>
<indexColumnUsage>
<colUsage columnID="D7D026A2-AB92-34A4-CAB0-69796F024B73"/>
</indexColumnUsage>
</ind_PK_UK>
<ind_PK_UK id="B786131F-AAB9-A61B-4086-172F5B538216" name="PERSONAL_CUIDADOR_FK">
<createdBy>PC</createdBy>
<createdTime>2025-09-01 03:00:52 UTC</createdTime>
<generatorID>CD3E32F6-56AC-8CFC-7338-69147FF28954</generatorID>
<ownerDesignName>S1_Exp3_Ignacio_Caceres</ownerDesignName>
<indexState>Foreign Key</indexState>
<isSurrogateKey>false</isSurrogateKey>
<indexColumnUsage>
<colUsage columnID="B45D966B-B325-9AC6-E58E-9C5E8D07C67B"/>
</indexColumnUsage>
</ind_PK_UK>
<ind_PK_UK id="3AF89439-2B40-D86D-F021-5C317C404FC8" name="PERSONAL_MEDICO_FK">
<createdBy>PC</createdBy>
<createdTime>2025-09-01 03:00:52 UTC</createdTime>
<generatorID>875E89AB-A8C9-B5F9-AEA9-AF92949E4292</generatorID>
<ownerDesignName>S1_Exp3_Ignacio_Caceres</ownerDesignName>
<indexState>Foreign Key</indexState>
<isSurrogateKey>false</isSurrogateKey>
<indexColumnUsage>
<colUsage columnID="6594EDFB-5868-FD65-05C8-437C10255D20"/>
<colUsage columnID="E5D36B04-B1ED-CF75-3BB6-CB28232E457A"/>
</indexColumnUsage>
</ind_PK_UK>
</indexes>
</Table>