<?xml version = '1.0' encoding = 'UTF-8'?>
<Table class="oracle.dbtools.crest.model.design.relational.Table" directorySegmentName="seg_0" id="F9862BA9-6D7A-BF27-2E13-738392006722" name="TEMPORAL">
<createdBy>PC</createdBy>
<createdTime>2025-09-01 02:54:04 UTC</createdTime>
<generatorID>05698CF9-800A-C11C-01CF-AFD194FA1802</generatorID>
<ownerDesignName>S1_Exp3_Ignacio_Caceres</ownerDesignName>
<useDDLTransformationScript>true</useDDLTransformationScript>
<allowColumnReorder>false</allowColumnReorder>
<existDependencyGenerateInDDl>true</existDependencyGenerateInDDl>
<parsed>true</parsed>
<columns itemClass="oracle.dbtools.crest.model.design.relational.Column">
<Column name="rut_residente" id="74044A6F-0E22-F115-0279-2D4012F1EDBA">
<createdBy>PC</createdBy>
<createdTime>2025-09-01 02:54:04 UTC</createdTime>
<generatorID>445D318E-FE42-D3DB-FF43-CAC44AA0F519</generatorID>
<ownerDesignName>S1_Exp3_Ignacio_Caceres</ownerDesignName>
<shouldEngineer>false</shouldEngineer>
<useDomainConstraints>false</useDomainConstraints>
<use>1</use>
<logicalDatatype>LOGDT024</logicalDatatype>
<dataTypeSize>12 CHAR</dataTypeSize>
<ownDataTypeParameters>,,</ownDataTypeParameters>
<autoIncrementCycle>false</autoIncrementCycle>
<associations>
<colAssociation fkAssociation="0890BAE9-BDCA-C0C1-BD52-569952DE27C3" referredColumn="56DA9A8B-E89C-2C47-15E1-FDCF0F2DF3B0"/>
</associations>
</Column>
<Column name="RESIDENTE_rut_residente" id="D9BA8D86-8454-B7D3-C873-E76AB3B4C4CF">
<createdBy>PC</createdBy>
<createdTime>2025-09-01 02:54:04 UTC</createdTime>
<generatorID>671195BB-F36E-4EDC-E637-4BAE38F71FF8</generatorID>
<ownerDesignName>S1_Exp3_Ignacio_Caceres</ownerDesignName>
<useDomainConstraints>false</useDomainConstraints>
<use>1</use>
<logicalDatatype>LOGDT024</logicalDatatype>
<dataTypeSize>12 CHAR</dataTypeSize>
<ownDataTypeParameters>,,</ownDataTypeParameters>
<previousColumn>false</previousColumn>
<autoIncrementCycle>false</autoIncrementCycle>
<associations>
<colAssociation fkAssociation="59ED67EF-E9DD-6F50-9090-B3B235610105" referredColumn="56DA9A8B-E89C-2C47-15E1-FDCF0F2DF3B0"/>
</associations>
</Column>
<Column name="dias_estadia_previstos" id="41E4DD21-EA60-ADC0-A795-1000D0BBF0A2">
<createdBy>PC</createdBy>
<createdTime>2025-09-01 02:54:04 UTC</createdTime>
<generatorID>356CF151-392B-4695-6F50-7C1CE8359E1B</generatorID>
<ownerDesignName>S1_Exp3_Ignacio_Caceres</ownerDesignName>
<useDomainConstraints>false</useDomainConstraints>
<use>1</use>
<logicalDatatype>LOGDT019</logicalDatatype>
<dataTypePrecision>4</dataTypePrecision>
<ownDataTypeParameters>,4,</ownDataTypeParameters>
<autoIncrementCycle>false</autoIncrementCycle>
</Column>
</columns>
<indexes itemClass="oracle.dbtools.crest.model.design.relational.Index">
<ind_PK_UK id="F74AF54D-E553-F1C8-8CF2-5DE442590A72" name="TEMPORAL_PK">
<createdBy>PC</createdBy>
<createdTime>2025-09-01 02:54:04 UTC</createdTime>
<generatorID>1A950779-540E-ECB8-CC76-566E4FC0A821</generatorID>
<ownerDesignName>S1_Exp3_Ignacio_Caceres</ownerDesignName>
<shouldEngineer>false</shouldEngineer>
<pk>true</pk>
<indexState>Primary Constraint</indexState>
<isSurrogateKey>false</isSurrogateKey>
<indexColumnUsage>
<colUsage columnID="74044A6F-0E22-F115-0279-2D4012F1EDBA"/>
</indexColumnUsage>
</ind_PK_UK>
<ind_PK_UK id="3411A57E-D43F-6654-7025-6AF4977AEA04" name="TEMPORAL_PKv1">
<createdBy>PC</createdBy>
<createdTime>2025-09-01 02:54:04 UTC</createdTime>
<generatorID>D49A2D03-0CF0-9B55-27F3-2EF26FE60154</generatorID>
<ownerDesignName>S1_Exp3_Ignacio_Caceres</ownerDesignName>
<shouldEngineer>false</shouldEngineer>
<indexState>Unique Constraint</indexState>
<isSurrogateKey>false</isSurrogateKey>
</ind_PK_UK>
<ind_PK_UK id="43A1F8A8-52C9-0539-A875-85AE033CE6DE" name="TEMPORAL__IDX">
<createdBy>PC</createdBy>
<createdTime>2025-09-01 03:00:52 UTC</createdTime>
<ownerDesignName>S1_Exp3_Ignacio_Caceres</ownerDesignName>
<indexState>Unique Plain Index</indexState>
<isSurrogateKey>false</isSurrogateKey>
<relationGeneratorID>006A1233-4922-7476-6BB3-B223A0C60D89</relationGeneratorID>
<indexColumnUsage>
<colUsage columnID="D9BA8D86-8454-B7D3-C873-E76AB3B4C4CF"/>
</indexColumnUsage>
</ind_PK_UK>
<ind_PK_UK id="E2178F8E-685E-7B06-1041-608ED6C8CDC5" name="TEMPORAL_RESIDENTE_FK">
<createdBy>PC</createdBy>
<createdTime>2025-09-01 02:54:04 UTC</createdTime>
<generatorID>DC871C46-E3A1-B089-0283-FC74F9F766B3</generatorID>
<ownerDesignName>S1_Exp3_Ignacio_Caceres</ownerDesignName>
<indexState>Foreign Key</indexState>
<isSurrogateKey>false</isSurrogateKey>
<indexColumnUsage>
<colUsage columnID="74044A6F-0E22-F115-0279-2D4012F1EDBA"/>
</indexColumnUsage>
</ind_PK_UK>
<ind_PK_UK id="7E212C0C-36AB-BE20-A1A5-900F0E2F458C" name="TEMPORAL_RESIDENTE_FKv1">
<createdBy>PC</createdBy>
<createdTime>2025-09-01 02:54:04 UTC</createdTime>
<generatorID>006A1233-4922-7476-6BB3-B223A0C60D89</generatorID>
<ownerDesignName>S1_Exp3_Ignacio_Caceres</ownerDesignName>
<indexState>Foreign Key</indexState>
<isSurrogateKey>false</isSurrogateKey>
<indexColumnUsage>
<colUsage columnID="D9BA8D86-8454-B7D3-C873-E76AB3B4C4CF"/>
</indexColumnUsage>
</ind_PK_UK>
</indexes>
</Table>