<?xml version = '1.0' encoding = 'UTF-8'?>
<FKArc class="oracle.dbtools.crest.model.design.relational.FKArc" directorySegmentName="seg_0" id="8A9D3B32-F6ED-F185-7C85-04924B52B818" name="FKArc_1">
<createdBy>PC</createdBy>
<createdTime>2025-09-01 02:54:04 UTC</createdTime>
<ownerDesignName>S1_Exp3_Ignacio_Caceres</ownerDesignName>
<mandatory>false</mandatory>
<reverseArc>true</reverseArc>
<table>F5B82A39-3F2F-567B-313B-64C4138FE859</table>
<fkeys>
<fkeyID>AD91DCD4-A844-C782-1550-F1CAE0C0E1C0</fkeyID>
<fkeyID>F7C50118-7C8F-5516-56A9-F20020D48DD2</fkeyID>
</fkeys>
</FKArc>