<?xml version = '1.0' encoding = 'UTF-8'?>
<FKArc class="oracle.dbtools.crest.model.design.relational.FKArc" directorySegmentName="seg_0" id="E53D5A6C-709C-7144-15BC-15BC7A93DD97" name="FKArc_2">
<createdBy>PC</createdBy>
<createdTime>2025-09-01 02:54:04 UTC</createdTime>
<ownerDesignName>S1_Exp3_Ignacio_Caceres</ownerDesignName>
<mandatory>false</mandatory>
<reverseArc>true</reverseArc>
<table>19135CA5-FE61-4FF1-CB6E-D843A11BFC72</table>
<fkeys>
<fkeyID>0890BAE9-BDCA-C0C1-BD52-569952DE27C3</fkeyID>
<fkeyID>1802492B-A98B-72B7-E60A-C1831F0FEFEE</fkeyID>
</fkeys>
</FKArc>