<?xml version = '1.0' encoding = 'UTF-8'?>
<Relation class="oracle.dbtools.crest.model.design.logical.Relation" name="CONTRATO APODERADO FK" directorySegmentName="seg_0" id="3C1BE29E-367F-9F5E-626B-9F3D23554430">
<createdBy>PC</createdBy>
<createdTime>2025-09-01 02:26:18 UTC</createdTime>
<ownerDesignName>S1_Exp3_Ignacio_Caceres</ownerDesignName>
<engineerTo>
<item key="53CD6102-65B3-6BCE-A8A0-C789C4E54FB8" value="true"/>
</engineerTo>
<sourcePk>F508A30A-9156-6949-1299-2563ED5A4D85</sourcePk>
<identifying>false</identifying>
<optionalSource>false</optionalSource>
<optionalTarget>false</optionalTarget>
<sourceCardinality>1</sourceCardinality>
<sourceEntity>CB9B4A7F-7F57-B5EB-0A40-60601A6D6AFD</sourceEntity>
<targetCardinalityString>*</targetCardinalityString>
<targetEntity>A7B9A662-FE0E-C82E-7DA5-7D245AAFF317</targetEntity>
<transferable>true</transferable>
<deleteRule>NO ACTION</deleteRule>
</Relation>