<?xml version = '1.0' encoding = 'UTF-8'?>
<Relation class="oracle.dbtools.crest.model.design.logical.Relation" name="ASIGNACION HABITACION HABITACIÓN FK" directorySegmentName="seg_0" id="525A5B98-676A-095B-7627-64AF823B01D7">
<createdBy>PC</createdBy>
<createdTime>2025-09-01 02:50:18 UTC</createdTime>
<ownerDesignName>S1_Exp3_Ignacio_Caceres</ownerDesignName>
<engineerTo>
<item key="53CD6102-65B3-6BCE-A8A0-C789C4E54FB8" value="true"/>
</engineerTo>
<sourcePk>709F3B6B-8A68-1EDD-FB8B-AE01F050E8FB</sourcePk>
<identifying>false</identifying>
<optionalSource>false</optionalSource>
<optionalTarget>false</optionalTarget>
<sourceCardinality>1</sourceCardinality>
<sourceEntity>A8C63D13-64CC-E88D-D7FB-86005E5949D4</sourceEntity>
<targetCardinalityString>*</targetCardinalityString>
<targetEntity>72216CEC-6AD5-BF35-AF42-178770173462</targetEntity>
<transferable>true</transferable>
<deleteRule>NO ACTION</deleteRule>
</Relation>