<?xml version = '1.0' encoding = 'UTF-8'?>
<Relation class="oracle.dbtools.crest.model.design.logical.Relation" name="ANEXO CONTRATO FK" directorySegmentName="seg_0" id="A826F494-4A79-1AEB-82F0-B0F20B4A3AAC">
<createdBy>PC</createdBy>
<createdTime>2025-09-01 02:34:11 UTC</createdTime>
<ownerDesignName>S1_Exp3_Ignacio_Caceres</ownerDesignName>
<engineerTo>
<item key="53CD6102-65B3-6BCE-A8A0-C789C4E54FB8" value="true"/>
</engineerTo>
<sourcePk>19E7EE19-6D33-8D47-61AD-2ADBA6D56136</sourcePk>
<identifying>false</identifying>
<optionalSource>false</optionalSource>
<optionalTarget>false</optionalTarget>
<sourceCardinality>1</sourceCardinality>
<sourceEntity>A7B9A662-FE0E-C82E-7DA5-7D245AAFF317</sourceEntity>
<targetCardinalityString>*</targetCardinalityString>
<targetEntity>DE751FDC-6B7D-B413-9DEB-8989CEA65CAC</targetEntity>
<transferable>true</transferable>
<deleteRule>NO ACTION</deleteRule>
</Relation>