<?xml version = '1.0' encoding = 'UTF-8'?>
<Relation class="oracle.dbtools.crest.model.design.logical.Relation" name="HABITACIÓN RESIDENCIA FK" directorySegmentName="seg_0" id="B084B537-ACC0-BDD4-41FF-03ECFCCEDA5D">
<createdBy>PC</createdBy>
<createdTime>2025-09-01 01:41:18 UTC</createdTime>
<ownerDesignName>S1_Exp3_Ignacio_Caceres</ownerDesignName>
<engineerTo>
<item key="53CD6102-65B3-6BCE-A8A0-C789C4E54FB8" value="true"/>
</engineerTo>
<sourcePk>65A69534-3CC8-4EFF-42E5-A62133779704</sourcePk>
<identifying>true</identifying>
<optionalSource>false</optionalSource>
<optionalTarget>false</optionalTarget>
<sourceCardinality>1</sourceCardinality>
<sourceEntity>4376EB17-9E9F-992F-1B34-67B5E5ECB038</sourceEntity>
<targetCardinalityString>*</targetCardinalityString>
<targetEntity>A8C63D13-64CC-E88D-D7FB-86005E5949D4</targetEntity>
<transferable>true</transferable>
<deleteRule>NO ACTION</deleteRule>
</Relation>