<?xml version = '1.0' encoding = 'UTF-8'?>
<Relation class="oracle.dbtools.crest.model.design.logical.Relation" name="ANEXO RESIDENTE FK" directorySegmentName="seg_0" id="B18B6854-05A9-0FC5-4081-BC01F33E39FB">
<createdBy>PC</createdBy>
<createdTime>2025-09-01 02:39:25 UTC</createdTime>
<ownerDesignName>S1_Exp3_Ignacio_Caceres</ownerDesignName>
<engineerTo>
<item key="53CD6102-65B3-6BCE-A8A0-C789C4E54FB8" value="true"/>
</engineerTo>
<sourcePk>1A950779-540E-ECB8-CC76-566E4FC0A821</sourcePk>
<identifying>false</identifying>
<optionalSource>false</optionalSource>
<optionalTarget>false</optionalTarget>
<sourceCardinality>1</sourceCardinality>
<sourceEntity>BBFF2CB6-260B-3CAB-FAB8-B7A0D4A42F0A</sourceEntity>
<targetCardinalityString>*</targetCardinalityString>
<targetEntity>DE751FDC-6B7D-B413-9DEB-8989CEA65CAC</targetEntity>
<transferable>true</transferable>
<deleteRule>NO ACTION</deleteRule>
</Relation>