<?xml version = '1.0' encoding = 'UTF-8'?>
<Relation class="oracle.dbtools.crest.model.design.logical.Relation" name="ASIGNACION HABITACION RESIDENTE FK" directorySegmentName="seg_0" id="BBBDC45D-50C0-D0B6-7025-57928DBD25DA">
<createdBy>PC</createdBy>
<createdTime>2025-09-01 02:51:09 UTC</createdTime>
<ownerDesignName>S1_Exp3_Ignacio_Caceres</ownerDesignName>
<engineerTo>
<item key="53CD6102-65B3-6BCE-A8A0-C789C4E54FB8" value="true"/>
</engineerTo>
<sourcePk>1A950779-540E-ECB8-CC76-566E4FC0A821</sourcePk>
<identifying>false</identifying>
<optionalSource>false</optionalSource>
<optionalTarget>false</optionalTarget>
<sourceCardinality>1</sourceCardinality>
<sourceEntity>BBFF2CB6-260B-3CAB-FAB8-B7A0D4A42F0A</sourceEntity>
<targetCardinalityString>*</targetCardinalityString>
<targetEntity>72216CEC-6AD5-BF35-AF42-178770173462</targetEntity>
<transferable>true</transferable>
<deleteRule>NO ACTION</deleteRule>
</Relation>