<?xml version = '1.0' encoding = 'UTF-8'?>
<Relation class="oracle.dbtools.crest.model.design.logical.Relation" name="residente_temporal" directorySegmentName="seg_0" id="CE454151-8959-AAFE-9999-2F38A004AA27">
<createdBy>PC</createdBy>
<createdTime>2025-09-01 03:09:33 UTC</createdTime>
<ownerDesignName>S1_Exp3_Ignacio_Caceres</ownerDesignName>
<engineerTo>
<item key="53CD6102-65B3-6BCE-A8A0-C789C4E54FB8" value="true"/>
</engineerTo>
<sourcePk>1A950779-540E-ECB8-CC76-566E4FC0A821</sourcePk>
<identifying>true</identifying>
<optionalSource>true</optionalSource>
<optionalTarget>false</optionalTarget>
<sourceCardinality>1</sourceCardinality>
<sourceEntity>BBFF2CB6-260B-3CAB-FAB8-B7A0D4A42F0A</sourceEntity>
<targetCardinalityString>*</targetCardinalityString>
<targetEntity>73BD5B19-C838-F02D-7F50-94935941EE5B</targetEntity>
<transferable>true</transferable>
<deleteRule>NO ACTION</deleteRule>
</Relation>