<?xml version = '1.0' encoding = 'UTF-8'?>
<Relation class="oracle.dbtools.crest.model.design.logical.Relation" name="RESIDENTE APODERADO FK" directorySegmentName="seg_0" id="CE84A2B9-2582-6257-A15A-106B7B1C2D84">
<createdBy>PC</createdBy>
<createdTime>2025-09-01 02:38:35 UTC</createdTime>
<ownerDesignName>S1_Exp3_Ignacio_Caceres</ownerDesignName>
<engineerTo>
<item key="53CD6102-65B3-6BCE-A8A0-C789C4E54FB8" value="true"/>
</engineerTo>
<sourcePk>F508A30A-9156-6949-1299-2563ED5A4D85</sourcePk>
<identifying>false</identifying>
<optionalSource>false</optionalSource>
<optionalTarget>false</optionalTarget>
<sourceCardinality>1</sourceCardinality>
<sourceEntity>CB9B4A7F-7F57-B5EB-0A40-60601A6D6AFD</sourceEntity>
<targetCardinalityString>*</targetCardinalityString>
<targetEntity>BBFF2CB6-260B-3CAB-FAB8-B7A0D4A42F0A</targetEntity>
<transferable>true</transferable>
<deleteRule>NO ACTION</deleteRule>
</Relation>