<?xml version = '1.0' encoding = 'UTF-8'?>
<Relation class="oracle.dbtools.crest.model.design.logical.Relation" name="personal_cuidador" directorySegmentName="seg_0" id="EABC17EA-1F13-C3D3-6E68-F5B7D39F87E5">
<createdBy>PC</createdBy>
<createdTime>2025-09-01 03:05:42 UTC</createdTime>
<ownerDesignName>S1_Exp3_Ignacio_Caceres</ownerDesignName>
<engineerTo>
<item key="53CD6102-65B3-6BCE-A8A0-C789C4E54FB8" value="true"/>
</engineerTo>
<sourcePk>1B7619E0-6F61-09B0-EC7D-F663A623A051</sourcePk>
<identifying>true</identifying>
<optionalSource>true</optionalSource>
<optionalTarget>false</optionalTarget>
<sourceCardinality>1</sourceCardinality>
<sourceEntity>A94B2A66-FA0B-8520-CA0B-5B01A26D8A43</sourceEntity>
<targetCardinalityString>*</targetCardinalityString>
<targetEntity>EE244C03-4145-238F-6547-5C5568142AB8</targetEntity>
<transferable>true</transferable>
<deleteRule>NO ACTION</deleteRule>
</Relation>