<?xml version = '1.0' encoding = 'UTF-8'?>
<Relation class="oracle.dbtools.crest.model.design.logical.Relation" name="nacionalidad_postulante" directorySegmentName="seg_0" id="2A82890F-5819-4E8F-F480-7F5773925BD7">
<createdBy>PC</createdBy>
<createdTime>2025-09-08 02:30:17 UTC</createdTime>
<ownerDesignName>Tarea N4</ownerDesignName>
<engineerTo>
<item key="1CD3B095-5F88-511B-57FF-183068D72B6E" value="true"/>
</engineerTo>
<sourcePk>3FD410F3-C167-FA15-A266-C2DB660E29D1</sourcePk>
<identifying>true</identifying>
<optionalSource>false</optionalSource>
<optionalTarget>false</optionalTarget>
<sourceCardinality>1</sourceCardinality>
<sourceEntity>48C6A7E3-6E7F-A3DD-2B68-E0AD62363FB0</sourceEntity>
<targetCardinalityString>*</targetCardinalityString>
<targetEntity>32EE85A9-BF9C-DA5C-26D2-C99E9D468966</targetEntity>
<transferable>true</transferable>
<deleteRule>NO ACTION</deleteRule>
</Relation>