<?xml version = '1.0' encoding = 'UTF-8'?>
<Relation class="oracle.dbtools.crest.model.design.logical.Relation" name="empresa_postulacion" directorySegmentName="seg_0" id="33428B6B-F484-0D7F-E437-322A10122B03">
<createdBy>PC</createdBy>
<createdTime>2025-09-08 03:11:52 UTC</createdTime>
<ownerDesignName>Tarea N4</ownerDesignName>
<engineerTo>
<item key="1CD3B095-5F88-511B-57FF-183068D72B6E" value="true"/>
</engineerTo>
<sourcePk>43F28152-6C8C-F114-5393-F717567F4C6C</sourcePk>
<identifying>false</identifying>
<optionalSource>true</optionalSource>
<optionalTarget>false</optionalTarget>
<sourceCardinality>1</sourceCardinality>
<sourceEntity>61FA2ED3-D296-A682-F8EA-99725647448C</sourceEntity>
<targetCardinalityString>*</targetCardinalityString>
<targetEntity>5A209AAE-5E6A-B37F-1F1D-8819A5D0028E</targetEntity>
<transferable>true</transferable>
<deleteRule>NO ACTION</deleteRule>
</Relation>