<?xml version = '1.0' encoding = 'UTF-8'?>
<Relation class="oracle.dbtools.crest.model.design.logical.Relation" name="Relation_12" directorySegmentName="seg_0" id="463BC4AC-5458-30E4-0D99-5576F8566B59">
<createdBy>PC</createdBy>
<createdTime>2025-09-08 03:14:14 UTC</createdTime>
<ownerDesignName>Tarea N4</ownerDesignName>
<engineerTo>
<item key="1CD3B095-5F88-511B-57FF-183068D72B6E" value="true"/>
</engineerTo>
<sourcePk>20D212D7-46F8-ED3C-D15C-F700AB517C88</sourcePk>
<identifying>false</identifying>
<optionalSource>true</optionalSource>
<optionalTarget>false</optionalTarget>
<sourceCardinality>1</sourceCardinality>
<sourceEntity>4F759CE2-2BA0-B5CF-C43B-AC1523F2FFF2</sourceEntity>
<targetCardinalityString>*</targetCardinalityString>
<targetEntity>32EE85A9-BF9C-DA5C-26D2-C99E9D468966</targetEntity>
<transferable>true</transferable>
<deleteRule>NO ACTION</deleteRule>
</Relation>