<?xml version = '1.0' encoding = 'UTF-8'?>
<Relation class="oracle.dbtools.crest.model.design.logical.Relation" name="postulante_postulacion" directorySegmentName="seg_0" id="5D066FFC-F162-F999-CDC3-64544CB8F37A">
<createdBy>PC</createdBy>
<createdTime>2025-09-08 03:13:05 UTC</createdTime>
<ownerDesignName>Tarea N4</ownerDesignName>
<engineerTo>
<item key="1CD3B095-5F88-511B-57FF-183068D72B6E" value="true"/>
</engineerTo>
<identifying>false</identifying>
<optionalSource>true</optionalSource>
<optionalTarget>false</optionalTarget>
<sourceCardinality>*</sourceCardinality>
<sourceEntity>32EE85A9-BF9C-DA5C-26D2-C99E9D468966</sourceEntity>
<targetCardinalityString>*</targetCardinalityString>
<targetEntity>5A209AAE-5E6A-B37F-1F1D-8819A5D0028E</targetEntity>
<transferable>true</transferable>
<deleteRule>NO ACTION</deleteRule>
</Relation>