<?xml version = '1.0' encoding = 'UTF-8'?>
<Relation class="oracle.dbtools.crest.model.design.logical.Relation" name="pais_visa" directorySegmentName="seg_0" id="6057C8CF-4DBF-A15A-FC1A-6BA9829CDB2C">
<createdBy>PC</createdBy>
<createdTime>2025-09-08 03:08:41 UTC</createdTime>
<ownerDesignName>Tarea N4</ownerDesignName>
<engineerTo>
<item key="1CD3B095-5F88-511B-57FF-183068D72B6E" value="true"/>
</engineerTo>
<sourcePk>20D212D7-46F8-ED3C-D15C-F700AB517C88</sourcePk>
<identifying>false</identifying>
<optionalSource>false</optionalSource>
<optionalTarget>false</optionalTarget>
<sourceCardinality>1</sourceCardinality>
<sourceEntity>4F759CE2-2BA0-B5CF-C43B-AC1523F2FFF2</sourceEntity>
<targetCardinalityString>*</targetCardinalityString>
<targetEntity>BA86985B-40AC-252F-F0D7-7845E5997494</targetEntity>
<transferable>true</transferable>
<deleteRule>NO ACTION</deleteRule>
</Relation>