<?xml version = '1.0' encoding = 'UTF-8'?>
<Relation class="oracle.dbtools.crest.model.design.logical.Relation" name="empresa_pais" directorySegmentName="seg_0" id="75990133-AEE9-BD11-A9A9-3DF5D22EAB61">
<createdBy>PC</createdBy>
<createdTime>2025-09-08 03:07:15 UTC</createdTime>
<ownerDesignName>Tarea N4</ownerDesignName>
<engineerTo>
<item key="1CD3B095-5F88-511B-57FF-183068D72B6E" value="true"/>
</engineerTo>
<sourcePk>20D212D7-46F8-ED3C-D15C-F700AB517C88</sourcePk>
<identifying>false</identifying>
<optionalSource>false</optionalSource>
<optionalTarget>false</optionalTarget>
<sourceCardinality>1</sourceCardinality>
<sourceEntity>4F759CE2-2BA0-B5CF-C43B-AC1523F2FFF2</sourceEntity>
<targetCardinalityString>*</targetCardinalityString>
<targetEntity>61FA2ED3-D296-A682-F8EA-99725647448C</targetEntity>
<transferable>true</transferable>
<deleteRule>NO ACTION</deleteRule>
</Relation>