<?xml version = '1.0' encoding = 'UTF-8'?>
<Relation class="oracle.dbtools.crest.model.design.logical.Relation" name="profesion_postulante_profesion" directorySegmentName="seg_0" id="77707438-BE73-1888-0AEC-AE3FC1895EC4">
<createdBy>PC</createdBy>
<createdTime>2025-09-08 02:55:05 UTC</createdTime>
<ownerDesignName>Tarea N4</ownerDesignName>
<engineerTo>
<item key="1CD3B095-5F88-511B-57FF-183068D72B6E" value="true"/>
</engineerTo>
<sourcePk>057902A3-714C-FCAC-45A9-A59F7014B39C</sourcePk>
<identifying>false</identifying>
<optionalSource>false</optionalSource>
<optionalTarget>false</optionalTarget>
<sourceCardinality>1</sourceCardinality>
<sourceEntity>2C29005A-F23D-293C-F247-0A86B2588A11</sourceEntity>
<targetCardinalityString>*</targetCardinalityString>
<targetEntity>847090A2-AFD5-5896-8DB7-60F7C25C1E58</targetEntity>
<transferable>true</transferable>
<deleteRule>NO ACTION</deleteRule>
</Relation>