<?xml version = '1.0' encoding = 'UTF-8'?>
<Relation class="oracle.dbtools.crest.model.design.logical.Relation" name="gradoacademico_postulante" directorySegmentName="seg_0" id="CDA830E8-92C0-8E4B-2426-5E9D0B10C944">
<createdBy>PC</createdBy>
<createdTime>2025-09-08 02:58:43 UTC</createdTime>
<ownerDesignName>Tarea N4</ownerDesignName>
<engineerTo>
<item key="1CD3B095-5F88-511B-57FF-183068D72B6E" value="true"/>
</engineerTo>
<sourcePk>17C94CF1-CFDA-D2F8-71D7-1252DFE0AD0F</sourcePk>
<identifying>false</identifying>
<optionalSource>false</optionalSource>
<optionalTarget>false</optionalTarget>
<sourceCardinality>1</sourceCardinality>
<sourceEntity>2723367B-6AE5-C19E-530B-9631AE9D0033</sourceEntity>
<targetCardinalityString>*</targetCardinalityString>
<targetEntity>32EE85A9-BF9C-DA5C-26D2-C99E9D468966</targetEntity>
<transferable>true</transferable>
<deleteRule>NO ACTION</deleteRule>
</Relation>