<?xml version = '1.0' encoding = 'UTF-8'?>
<Relation class="oracle.dbtools.crest.model.design.logical.Relation" name="postulante_postulanteprofesion" directorySegmentName="seg_0" id="CDEA028C-CD9B-E0CD-7C83-4297197AA08C">
<createdBy>PC</createdBy>
<createdTime>2025-09-08 02:56:17 UTC</createdTime>
<ownerDesignName>Tarea N4</ownerDesignName>
<engineerTo>
<item key="1CD3B095-5F88-511B-57FF-183068D72B6E" value="true"/>
</engineerTo>
<sourcePk>5AF9E9A5-DAF5-75C2-301A-0F3D58237FCF</sourcePk>
<identifying>false</identifying>
<optionalSource>false</optionalSource>
<optionalTarget>false</optionalTarget>
<sourceCardinality>1</sourceCardinality>
<sourceEntity>32EE85A9-BF9C-DA5C-26D2-C99E9D468966</sourceEntity>
<targetCardinalityString>*</targetCardinalityString>
<targetEntity>847090A2-AFD5-5896-8DB7-60F7C25C1E58</targetEntity>
<transferable>true</transferable>
<deleteRule>NO ACTION</deleteRule>
</Relation>