<?xml version = '1.0' encoding = 'UTF-8'?>
<Diagram class="oracle.dbtools.crest.swingui.relational.DPVRelational" name="Relational_1" id="E2E28E09-33CB-CE67-AAE7-0FAE7626FB4E">
<createdBy>PC</createdBy>
<modifiedBy>PC</modifiedBy>
<createdTime>2025-09-14 00:55:43 UTC</createdTime>
<autoRoute>false</autoRoute>
<boxInbox>true</boxInbox>
<showLegend>false</showLegend>
<showLabels>false</showLabels>
<showRelAttributes>false</showRelAttributes>
<gridEnabled>false</gridEnabled>
<showGrid>false</showGrid>
<diagramColor>-1</diagramColor>
<display>false</display>
<notation>1</notation>
<objectViews>
<OView class="oracle.dbtools.crest.swingui.relational.TVTable" oid="1489A344-3231-7979-56AE-9AD3AE0A0D49" otype="Table" vid="4B62E466-BCA3-757E-7C58-D69BF70DD471">
<hideElementsInCurrentOnly>false</hideElementsInCurrentOnly>
<bounds x="603" y="254" width="434" height="285"/>
</OView>
<OView class="oracle.dbtools.crest.swingui.relational.TVTable" oid="18CB851B-4740-3D9F-4770-6D96D0A04FD9" otype="Table" vid="B13A26A3-816F-DC8B-B5A4-C8F06B6D9A87">
<hideElementsInCurrentOnly>false</hideElementsInCurrentOnly>
<bounds x="22" y="202" width="349" height="304"/>
</OView>
<OView class="oracle.dbtools.crest.swingui.relational.TVTable" oid="48A1382C-CD1D-F1BA-651B-77E2C7DDA9F2" otype="Table" vid="C686F0EC-CDC8-60F1-B93D-644EFE903A0F">
<hideElementsInCurrentOnly>false</hideElementsInCurrentOnly>
<bounds x="83" y="30" width="251" height="116"/>
</OView>
<OView class="oracle.dbtools.crest.swingui.relational.TVTable" oid="66153E7F-B4F2-BB2A-A4FB-321DBE4920E1" otype="Table" vid="79D0738A-18BB-1FF1-CA8D-0CB7579DF2B5">
<hideElementsInCurrentOnly>false</hideElementsInCurrentOnly>
<bounds x="1117" y="361" width="223" height="97"/>
</OView>
<OView class="oracle.dbtools.crest.swingui.relational.TVTable" oid="7448D21A-E86D-5354-210E-F6D12202A9D9" otype="Table" vid="BB605865-4DC2-93C4-7E70-FFE6C7FB8CFB">
<hideElementsInCurrentOnly>false</hideElementsInCurrentOnly>
<bounds x="448" y="34" width="255" height="119"/>
</OView>
<OView class="oracle.dbtools.crest.swingui.relational.TVTable" oid="7E8F9E00-9ACD-D982-4908-8FB04DB0D514" otype="Table" vid="9F9B7C00-F7BD-92D6-4BF2-78A77E7FC0B7">
<hideElementsInCurrentOnly>false</hideElementsInCurrentOnly>
<bounds x="24" y="631" width="365" height="208"/>
</OView>
<OView class="oracle.dbtools.crest.swingui.relational.TVTable" oid="8A8F204B-157A-60FC-1E2A-15B105D8D09C" otype="Table" vid="350F72D3-412F-E2EE-6E22-E7269396AB8A">
<hideElementsInCurrentOnly>false</hideElementsInCurrentOnly>
<bounds x="1056" y="673" width="267" height="109"/>
</OView>
<OView class="oracle.dbtools.crest.swingui.relational.TVTable" oid="93BC6268-A936-7CD6-2759-C2AB3E7193BB" otype="Table" vid="78F2DCE0-345D-C314-7BFB-8533FF4277EF">
<hideElementsInCurrentOnly>false</hideElementsInCurrentOnly>
<bounds x="598" y="638" width="318" height="188"/>
</OView>
<OView class="oracle.dbtools.crest.swingui.relational.TVTable" oid="B65C0F74-F105-3865-6B75-221E13D1058B" otype="Table" vid="AFB0A78F-0D6B-C94D-B37D-9BE6DAB427FB">
<hideElementsInCurrentOnly>false</hideElementsInCurrentOnly>
<bounds x="819" y="40" width="344" height="134"/>
</OView>
</objectViews>
<connectors>
<Connector class="oracle.dbtools.crest.swingui.relational.TVFKRelation" oid="015998D5-6FF9-74E8-8777-B1518C3E8CE7" otype="FKIndexAssociation" vid_source="4B62E466-BCA3-757E-7C58-D69BF70DD471" vid_target="4B62E466-BCA3-757E-7C58-D69BF70DD471">
<hideElementsInCurrentOnly>false</hideElementsInCurrentOnly>
<backgroundColor>-16777216</backgroundColor>
<lineWidth>1</lineWidth>
<points>
<point x="874" y="405"/>
<point x="899" y="405"/>
<point x="899" y="485"/>
<point x="822" y="485"/>
<point x="822" y="460"/>
</points>
</Connector>
<Connector class="oracle.dbtools.crest.swingui.relational.TVFKRelation" oid="599B71D0-3BC2-C16C-4BB2-202D2770FCEB" otype="FKIndexAssociation" vid_source="C686F0EC-CDC8-60F1-B93D-644EFE903A0F" vid_target="B13A26A3-816F-DC8B-B5A4-C8F06B6D9A87">
<hideElementsInCurrentOnly>false</hideElementsInCurrentOnly>
<backgroundColor>-16777216</backgroundColor>
<lineWidth>1</lineWidth>
<points>
<point x="208" y="146"/>
<point x="208" y="202"/>
</points>
</Connector>
<Connector class="oracle.dbtools.crest.swingui.relational.TVFKRelation" oid="8AC26D8E-E870-8B7C-77CD-39A8E3D7C00F" otype="FKIndexAssociation" vid_source="BB605865-4DC2-93C4-7E70-FFE6C7FB8CFB" vid_target="C686F0EC-CDC8-60F1-B93D-644EFE903A0F">
<hideElementsInCurrentOnly>false</hideElementsInCurrentOnly>
<backgroundColor>-16777216</backgroundColor>
<lineWidth>1</lineWidth>
<points>
<point x="448" y="90"/>
<point x="334" y="90"/>
</points>
</Connector>
<Connector class="oracle.dbtools.crest.swingui.relational.TVFKRelation" oid="8CCC49C3-45D8-230A-29D1-7E633CC859AF" otype="FKIndexAssociation" vid_source="350F72D3-412F-E2EE-6E22-E7269396AB8A" vid_target="4B62E466-BCA3-757E-7C58-D69BF70DD471">
<hideElementsInCurrentOnly>false</hideElementsInCurrentOnly>
<backgroundColor>-16777216</backgroundColor>
<lineWidth>1</lineWidth>
<points>
<point x="1127" y="673"/>
<point x="874" y="434"/>
</points>
</Connector>
<Connector class="oracle.dbtools.crest.swingui.relational.TVFKRelation" oid="9C00A51D-10DA-E560-AE35-C9D11FDF4EBB" otype="FKIndexAssociation" vid_source="4B62E466-BCA3-757E-7C58-D69BF70DD471" vid_target="9F9B7C00-F7BD-92D6-4BF2-78A77E7FC0B7">
<hideElementsInCurrentOnly>false</hideElementsInCurrentOnly>
<backgroundColor>-16777216</backgroundColor>
<lineWidth>1</lineWidth>
<points>
<point x="749" y="429"/>
<point x="389" y="632"/>
</points>
</Connector>
<Connector class="oracle.dbtools.crest.swingui.relational.TVFKRelation" oid="E4D15CF3-B65D-040A-4529-FF51A9A852F4" otype="FKIndexAssociation" vid_source="AFB0A78F-0D6B-C94D-B37D-9BE6DAB427FB" vid_target="4B62E466-BCA3-757E-7C58-D69BF70DD471">
<hideElementsInCurrentOnly>false</hideElementsInCurrentOnly>
<backgroundColor>-16777216</backgroundColor>
<lineWidth>1</lineWidth>
<points>
<point x="928" y="174"/>
<point x="874" y="328"/>
</points>
</Connector>
<Connector class="oracle.dbtools.crest.swingui.relational.TVFKRelation" oid="E921D2A6-EEB5-9605-93EA-6B6AE7E82ED0" otype="FKIndexAssociation" vid_source="B13A26A3-816F-DC8B-B5A4-C8F06B6D9A87" vid_target="9F9B7C00-F7BD-92D6-4BF2-78A77E7FC0B7">
<hideElementsInCurrentOnly>false</hideElementsInCurrentOnly>
<backgroundColor>-16777216</backgroundColor>
<lineWidth>1</lineWidth>
<points>
<point x="197" y="506"/>
<point x="197" y="631"/>
</points>
</Connector>
<Connector class="oracle.dbtools.crest.swingui.relational.TVFKRelation" oid="F2FA791E-D4DB-93ED-E875-B6F3814EAF14" otype="FKIndexAssociation" vid_source="79D0738A-18BB-1FF1-CA8D-0CB7579DF2B5" vid_target="4B62E466-BCA3-757E-7C58-D69BF70DD471">
<hideElementsInCurrentOnly>false</hideElementsInCurrentOnly>
<backgroundColor>-16777216</backgroundColor>
<lineWidth>1</lineWidth>
<points>
<point x="1117" y="409"/>
<point x="874" y="409"/>
</points>
</Connector>
<Connector class="oracle.dbtools.crest.swingui.relational.TVFKRelation" oid="F77B4A70-B383-5982-4711-60CE913D6727" otype="FKIndexAssociation" vid_source="9F9B7C00-F7BD-92D6-4BF2-78A77E7FC0B7" vid_target="78F2DCE0-345D-C314-7BFB-8533FF4277EF">
<hideElementsInCurrentOnly>false</hideElementsInCurrentOnly>
<backgroundColor>-16777216</backgroundColor>
<lineWidth>1</lineWidth>
<points>
<point x="389" y="732"/>
<point x="598" y="732"/>
</points>
</Connector>
</connectors>
</Diagram>