<?xml version = '1.0' encoding = 'UTF-8'?>
<relationalModel class="oracle.dbtools.crest.model.design.relational.RelationalDesign" name="Relational_1" id="CBD5A2D1-DFD2-8995-9370-5FAFFD93C895" mainViewID="D089C241-8EB4-44BE-6E0A-0F6212FD6BD9">
<createdBy>PC</createdBy>
<createdTime>2025-08-16 00:06:40 UTC</createdTime>
<ownerDesignName>S1_Modelamiento_DB_Ignacio_Caceres</ownerDesignName>
<shouldBeOpen>false</shouldBeOpen>
<selectedRDBMSSite>32076570-2523-435C-2E92-BF29817DFF70</selectedRDBMSSite>
</relationalModel>