<?xml version = '1.0' encoding = 'UTF-8'?>
<Entity class="oracle.dbtools.crest.model.design.logical.Entity" directorySegmentName="seg_0" id="01FC9740-539E-15EE-5D75-609948073116" name="PACIENTE">
<createdBy>PC</createdBy>
<createdTime>2025-09-13 23:08:40 UTC</createdTime>
<ownerDesignName>Sumativa_2</ownerDesignName>
<engineerTo>
<item key="F0BC168A-4CE0-D099-23CD-3793BCF69626" value="true"/>
</engineerTo>
<adequatelyNormalized>NO</adequatelyNormalized>
<expectedVolumes>0</expectedVolumes>
<fwdEngineeringStrategyName>Single Table</fwdEngineeringStrategyName>
<growthPercent>0</growthPercent>
<growthType>Year</growthType>
<maxVolumes>9999999</maxVolumes>
<minVolumes>0</minVolumes>
<normalForm>Third</normalForm>
<attributes itemClass="oracle.dbtools.crest.model.design.logical.Attribute">
<Attribute name="id_paciente" id="22BE3EC6-C2FE-AC61-650F-08DF95BBA3C7">
<createdBy>PC</createdBy>
<createdTime>2025-09-13 23:09:14 UTC</createdTime>
<ownerDesignName>Sumativa_2</ownerDesignName>
<engineerTo>
<item key="F0BC168A-4CE0-D099-23CD-3793BCF69626" value="true"/>
</engineerTo>
<useDomainConstraints>false</useDomainConstraints>
<use>1</use>
<logicalDatatype>LOGDT019</logicalDatatype>
<dataTypePrecision>7</dataTypePrecision>
<ownDataTypeParameters>,7,</ownDataTypeParameters>
</Attribute>
<Attribute name="rut_paciente" id="C571652C-D9C3-EFF6-51E0-D4F110841EB5">
<createdBy>PC</createdBy>
<createdTime>2025-09-13 23:28:02 UTC</createdTime>
<ownerDesignName>Sumativa_2</ownerDesignName>
<engineerTo>
<item key="F0BC168A-4CE0-D099-23CD-3793BCF69626" value="true"/>
</engineerTo>
<useDomainConstraints>false</useDomainConstraints>
<use>1</use>
<logicalDatatype>LOGDT024</logicalDatatype>
<dataTypeSize>12 CHAR</dataTypeSize>
<ownDataTypeParameters>12 CHAR,,</ownDataTypeParameters>
</Attribute>
<Attribute name="nombres_paciente" id="DD272E20-193E-5213-7814-51181A165A3C">
<createdBy>PC</createdBy>
<createdTime>2025-09-13 23:29:08 UTC</createdTime>
<ownerDesignName>Sumativa_2</ownerDesignName>
<engineerTo>
<item key="F0BC168A-4CE0-D099-23CD-3793BCF69626" value="true"/>
</engineerTo>
<useDomainConstraints>false</useDomainConstraints>
<use>1</use>
<logicalDatatype>LOGDT024</logicalDatatype>
<dataTypeSize>100 CHAR</dataTypeSize>
<ownDataTypeParameters>100 CHAR,,</ownDataTypeParameters>
</Attribute>
<Attribute name="apellido_paterno" id="02FDC0D8-E9CF-15AD-526B-8016BFB83201">
<createdBy>PC</createdBy>
<createdTime>2025-09-13 23:29:26 UTC</createdTime>
<ownerDesignName>Sumativa_2</ownerDesignName>
<engineerTo>
<item key="F0BC168A-4CE0-D099-23CD-3793BCF69626" value="true"/>
</engineerTo>
<useDomainConstraints>false</useDomainConstraints>
<use>1</use>
<logicalDatatype>LOGDT024</logicalDatatype>
<dataTypeSize>50 CHAR</dataTypeSize>
<ownDataTypeParameters>50 CHAR,,</ownDataTypeParameters>
</Attribute>
<Attribute name="apellido_materno" id="155D8EAD-7791-05EC-0D97-23D242AF60FE">
<createdBy>PC</createdBy>
<createdTime>2025-09-13 23:29:46 UTC</createdTime>
<ownerDesignName>Sumativa_2</ownerDesignName>
<engineerTo>
<item key="F0BC168A-4CE0-D099-23CD-3793BCF69626" value="true"/>
</engineerTo>
<nullsAllowed>true</nullsAllowed>
<useDomainConstraints>false</useDomainConstraints>
<use>1</use>
<logicalDatatype>LOGDT024</logicalDatatype>
<dataTypeSize>50 CHAR</dataTypeSize>
<ownDataTypeParameters>50 CHAR,,</ownDataTypeParameters>
</Attribute>
<Attribute name="fecha_nacimiento" id="FC37FF4F-3A0A-05B1-7CCF-9AC8E496321C">
<createdBy>PC</createdBy>
<createdTime>2025-09-13 23:30:32 UTC</createdTime>
<ownerDesignName>Sumativa_2</ownerDesignName>
<engineerTo>
<item key="F0BC168A-4CE0-D099-23CD-3793BCF69626" value="true"/>
</engineerTo>
<useDomainConstraints>false</useDomainConstraints>
<use>1</use>
<logicalDatatype>LOGDT007</logicalDatatype>
<ownDataTypeParameters>,,</ownDataTypeParameters>
</Attribute>
<Attribute name="sexo" id="C4FE1122-6393-1E12-240E-0BCB546C190F">
<createdBy>PC</createdBy>
<createdTime>2025-09-13 23:30:47 UTC</createdTime>
<ownerDesignName>Sumativa_2</ownerDesignName>
<engineerTo>
<item key="F0BC168A-4CE0-D099-23CD-3793BCF69626" value="true"/>
</engineerTo>
<useDomainConstraints>false</useDomainConstraints>
<use>1</use>
<logicalDatatype>LOGDT024</logicalDatatype>
<dataTypeSize>20 CHAR</dataTypeSize>
<ownDataTypeParameters>20 CHAR,,</ownDataTypeParameters>
</Attribute>
<Attribute name="direccion" id="D346A16E-B337-36D0-11F1-49C4B4028213">
<createdBy>PC</createdBy>
<createdTime>2025-09-13 23:31:08 UTC</createdTime>
<ownerDesignName>Sumativa_2</ownerDesignName>
<engineerTo>
<item key="F0BC168A-4CE0-D099-23CD-3793BCF69626" value="true"/>
</engineerTo>
<useDomainConstraints>false</useDomainConstraints>
<use>1</use>
<logicalDatatype>LOGDT024</logicalDatatype>
<dataTypeSize>100 CHAR</dataTypeSize>
<ownDataTypeParameters>100 CHAR,,</ownDataTypeParameters>
</Attribute>
<Attribute name="telefono" id="92AEEB37-8063-1A8B-5421-83BE819DB7C4">
<createdBy>PC</createdBy>
<createdTime>2025-09-13 23:31:22 UTC</createdTime>
<ownerDesignName>Sumativa_2</ownerDesignName>
<engineerTo>
<item key="F0BC168A-4CE0-D099-23CD-3793BCF69626" value="true"/>
</engineerTo>
<useDomainConstraints>false</useDomainConstraints>
<use>1</use>
<logicalDatatype>LOGDT019</logicalDatatype>
<dataTypePrecision>9</dataTypePrecision>
<ownDataTypeParameters>,9,</ownDataTypeParameters>
</Attribute>
<Attribute name="email" id="6DD32BCF-78CB-0ED6-7B23-EB9782D0CB59">
<createdBy>PC</createdBy>
<createdTime>2025-09-13 23:31:48 UTC</createdTime>
<ownerDesignName>Sumativa_2</ownerDesignName>
<engineerTo>
<item key="F0BC168A-4CE0-D099-23CD-3793BCF69626" value="true"/>
</engineerTo>
<useDomainConstraints>false</useDomainConstraints>
<use>1</use>
<logicalDatatype>LOGDT024</logicalDatatype>
<dataTypeSize>100 CHAR</dataTypeSize>
<ownDataTypeParameters>100 CHAR,,</ownDataTypeParameters>
</Attribute>
<Attribute name="id_comuna" id="FA842655-0923-BEB7-3677-724684922B34">
<createdBy>PC</createdBy>
<createdTime>2025-09-13 23:39:35 UTC</createdTime>
<generatorID>EDACBA4D-F884-3C1A-758E-8BBE8CF0C134</generatorID>
<ownerDesignName>Sumativa_2</ownerDesignName>
<engineerTo>
<item key="F0BC168A-4CE0-D099-23CD-3793BCF69626" value="true"/>
</engineerTo>
<referedAttribute>5994A01F-93C5-E865-F07E-390E57AD0C30</referedAttribute>
<useDomainConstraints>false</useDomainConstraints>
<use>1</use>
<logicalDatatype>LOGDT019</logicalDatatype>
<dataTypePrecision>4</dataTypePrecision>
<ownDataTypeParameters>,,</ownDataTypeParameters>
</Attribute>
</attributes>
<identifiers itemClass="oracle.dbtools.crest.model.design.logical.CandidateKey">
<identifier id="E2C274D5-E9D8-3C85-EFA3-A8FFF5407402" name="PACIENTE PK">
<createdBy>PC</createdBy>
<createdTime>2025-09-13 23:09:39 UTC</createdTime>
<ownerDesignName>Sumativa_2</ownerDesignName>
<shouldEngineer>false</shouldEngineer>
<engineerTo>
<item key="F0BC168A-4CE0-D099-23CD-3793BCF69626" value="false"/>
</engineerTo>
<pk>true</pk>
<usedAttributes>
<attributeRef>22BE3EC6-C2FE-AC61-650F-08DF95BBA3C7</attributeRef>
</usedAttributes>
</identifier>
<identifier id="B58E33A1-4FC2-0F9D-41EA-3A00B7444144" name="rut_paciente">
<createdBy>PC</createdBy>
<createdTime>2025-09-13 23:28:27 UTC</createdTime>
<ownerDesignName>Sumativa_2</ownerDesignName>
<shouldEngineer>false</shouldEngineer>
<engineerTo>
<item key="F0BC168A-4CE0-D099-23CD-3793BCF69626" value="false"/>
</engineerTo>
<newElementsIDs>C571652C-D9C3-EFF6-51E0-D4F110841EB5</newElementsIDs>
<usedAttributes>
<attributeRef>C571652C-D9C3-EFF6-51E0-D4F110841EB5</attributeRef>
</usedAttributes>
</identifier>
<identifier id="2932A00F-D05A-8210-B147-10A5C04AD83E" name="correo">
<createdBy>PC</createdBy>
<createdTime>2025-09-14 00:52:53 UTC</createdTime>
<ownerDesignName>Sumativa_2</ownerDesignName>
<shouldEngineer>false</shouldEngineer>
<engineerTo>
<item key="F0BC168A-4CE0-D099-23CD-3793BCF69626" value="false"/>
</engineerTo>
<newElementsIDs>6DD32BCF-78CB-0ED6-7B23-EB9782D0CB59</newElementsIDs>
<usedAttributes>
<attributeRef>6DD32BCF-78CB-0ED6-7B23-EB9782D0CB59</attributeRef>
</usedAttributes>
</identifier>
</identifiers>
</Entity>