<?xml version = '1.0' encoding = 'UTF-8'?>
<Entity class="oracle.dbtools.crest.model.design.logical.Entity" directorySegmentName="seg_0" id="53CC6A41-3DB4-76BF-0F97-73C4C8813B3E" name="INSTITUCION_SALUD">
<createdBy>PC</createdBy>
<createdTime>2025-09-14 00:11:29 UTC</createdTime>
<ownerDesignName>Sumativa_2</ownerDesignName>
<engineerTo>
<item key="F0BC168A-4CE0-D099-23CD-3793BCF69626" value="true"/>
</engineerTo>
<adequatelyNormalized>NO</adequatelyNormalized>
<expectedVolumes>0</expectedVolumes>
<fwdEngineeringStrategyName>Single Table</fwdEngineeringStrategyName>
<growthPercent>0</growthPercent>
<growthType>Year</growthType>
<maxVolumes>9999999</maxVolumes>
<minVolumes>0</minVolumes>
<normalForm>Third</normalForm>
<attributes itemClass="oracle.dbtools.crest.model.design.logical.Attribute">
<Attribute name="id_institucion_salud" id="F986ABFA-8C5C-AB7D-6711-88B4BFA2C9BF">
<createdBy>PC</createdBy>
<createdTime>2025-09-14 00:11:39 UTC</createdTime>
<ownerDesignName>Sumativa_2</ownerDesignName>
<engineerTo>
<item key="F0BC168A-4CE0-D099-23CD-3793BCF69626" value="true"/>
</engineerTo>
<useDomainConstraints>false</useDomainConstraints>
<use>1</use>
<logicalDatatype>LOGDT019</logicalDatatype>
<dataTypePrecision>4</dataTypePrecision>
<ownDataTypeParameters>,4,</ownDataTypeParameters>
</Attribute>
<Attribute name="nombre_institución" id="F4282A25-DF1E-77D1-4790-2C62346D9615">
<createdBy>PC</createdBy>
<createdTime>2025-09-14 00:11:56 UTC</createdTime>
<ownerDesignName>Sumativa_2</ownerDesignName>
<engineerTo>
<item key="F0BC168A-4CE0-D099-23CD-3793BCF69626" value="true"/>
</engineerTo>
<useDomainConstraints>false</useDomainConstraints>
<use>1</use>
<logicalDatatype>LOGDT024</logicalDatatype>
<dataTypeSize>100 CHAR</dataTypeSize>
<ownDataTypeParameters>100 CHAR,,</ownDataTypeParameters>
</Attribute>
<Attribute name="codigo_institucion" id="35F5B51C-3520-6FD3-7A36-07F51B183F02">
<createdBy>PC</createdBy>
<createdTime>2025-09-14 00:12:19 UTC</createdTime>
<ownerDesignName>Sumativa_2</ownerDesignName>
<engineerTo>
<item key="F0BC168A-4CE0-D099-23CD-3793BCF69626" value="true"/>
</engineerTo>
<useDomainConstraints>false</useDomainConstraints>
<use>1</use>
<logicalDatatype>LOGDT024</logicalDatatype>
<dataTypeSize>50 CHAR</dataTypeSize>
<ownDataTypeParameters>50 CHAR,,</ownDataTypeParameters>
</Attribute>
<Attribute name="tipo_institucion" id="33B9CEE9-9079-E1C4-3DF4-70D5FB5566E8">
<createdBy>PC</createdBy>
<createdTime>2025-09-14 00:12:38 UTC</createdTime>
<ownerDesignName>Sumativa_2</ownerDesignName>
<engineerTo>
<item key="F0BC168A-4CE0-D099-23CD-3793BCF69626" value="true"/>
</engineerTo>
<useDomainConstraints>false</useDomainConstraints>
<use>1</use>
<logicalDatatype>LOGDT024</logicalDatatype>
<dataTypeSize>50 CHAR</dataTypeSize>
<ownDataTypeParameters>50 CHAR,,</ownDataTypeParameters>
</Attribute>
</attributes>
<identifiers itemClass="oracle.dbtools.crest.model.design.logical.CandidateKey">
<identifier id="827FC61D-09B0-A54F-E2D4-F49956267E17" name="INSTITUCION_SALUD PK">
<createdBy>PC</createdBy>
<createdTime>2025-09-14 00:11:54 UTC</createdTime>
<ownerDesignName>Sumativa_2</ownerDesignName>
<shouldEngineer>false</shouldEngineer>
<engineerTo>
<item key="F0BC168A-4CE0-D099-23CD-3793BCF69626" value="false"/>
</engineerTo>
<pk>true</pk>
<usedAttributes>
<attributeRef>F986ABFA-8C5C-AB7D-6711-88B4BFA2C9BF</attributeRef>
</usedAttributes>
</identifier>
</identifiers>
</Entity>