<?xml version = '1.0' encoding = 'UTF-8'?>
<Entity class="oracle.dbtools.crest.model.design.logical.Entity" directorySegmentName="seg_0" id="7A8B2925-4AED-559D-BAF8-A27DBBF340B9" name="REGION">
<createdBy>PC</createdBy>
<createdTime>2025-09-13 23:34:10 UTC</createdTime>
<ownerDesignName>Sumativa_2</ownerDesignName>
<engineerTo>
<item key="F0BC168A-4CE0-D099-23CD-3793BCF69626" value="true"/>
</engineerTo>
<adequatelyNormalized>NO</adequatelyNormalized>
<expectedVolumes>0</expectedVolumes>
<fwdEngineeringStrategyName>Single Table</fwdEngineeringStrategyName>
<growthPercent>0</growthPercent>
<growthType>Year</growthType>
<maxVolumes>9999999</maxVolumes>
<minVolumes>0</minVolumes>
<normalForm>Third</normalForm>
<attributes itemClass="oracle.dbtools.crest.model.design.logical.Attribute">
<Attribute name="id_region" id="3B8017FA-41B5-64D4-CF6A-495780DEBC65">
<createdBy>PC</createdBy>
<createdTime>2025-09-13 23:34:17 UTC</createdTime>
<ownerDesignName>Sumativa_2</ownerDesignName>
<engineerTo>
<item key="F0BC168A-4CE0-D099-23CD-3793BCF69626" value="true"/>
</engineerTo>
<useDomainConstraints>false</useDomainConstraints>
<use>1</use>
<logicalDatatype>LOGDT019</logicalDatatype>
<dataTypePrecision>4</dataTypePrecision>
<ownDataTypeParameters>,4,</ownDataTypeParameters>
</Attribute>
<Attribute name="nombre_region" id="EF4DF6E6-0366-3E96-D50F-7C7882D9B167">
<createdBy>PC</createdBy>
<createdTime>2025-09-13 23:34:36 UTC</createdTime>
<ownerDesignName>Sumativa_2</ownerDesignName>
<engineerTo>
<item key="F0BC168A-4CE0-D099-23CD-3793BCF69626" value="true"/>
</engineerTo>
<useDomainConstraints>false</useDomainConstraints>
<use>1</use>
<logicalDatatype>LOGDT024</logicalDatatype>
<dataTypeSize>50 CHAR</dataTypeSize>
<ownDataTypeParameters>50 CHAR,,</ownDataTypeParameters>
</Attribute>
<Attribute name="codigo_region" id="9A96093C-09E5-3E04-32A3-0E6582550387">
<createdBy>PC</createdBy>
<createdTime>2025-09-13 23:35:06 UTC</createdTime>
<ownerDesignName>Sumativa_2</ownerDesignName>
<engineerTo>
<item key="F0BC168A-4CE0-D099-23CD-3793BCF69626" value="true"/>
</engineerTo>
<useDomainConstraints>false</useDomainConstraints>
<use>1</use>
<logicalDatatype>LOGDT024</logicalDatatype>
<dataTypeSize>50 CHAR</dataTypeSize>
<ownDataTypeParameters>50 CHAR,,</ownDataTypeParameters>
</Attribute>
</attributes>
<identifiers itemClass="oracle.dbtools.crest.model.design.logical.CandidateKey">
<identifier id="BC63C954-4715-0E76-8307-1B36704FA5AA" name="REGION PK">
<createdBy>PC</createdBy>
<createdTime>2025-09-13 23:34:34 UTC</createdTime>
<ownerDesignName>Sumativa_2</ownerDesignName>
<shouldEngineer>false</shouldEngineer>
<engineerTo>
<item key="F0BC168A-4CE0-D099-23CD-3793BCF69626" value="false"/>
</engineerTo>
<pk>true</pk>
<usedAttributes>
<attributeRef>3B8017FA-41B5-64D4-CF6A-495780DEBC65</attributeRef>
</usedAttributes>
</identifier>
<identifier id="066D3DFF-CC2D-99F5-7947-7C7C70DF16CE" name="nombre_region">
<createdBy>PC</createdBy>
<createdTime>2025-09-13 23:36:15 UTC</createdTime>
<ownerDesignName>Sumativa_2</ownerDesignName>
<shouldEngineer>false</shouldEngineer>
<engineerTo>
<item key="F0BC168A-4CE0-D099-23CD-3793BCF69626" value="false"/>
</engineerTo>
<newElementsIDs>EF4DF6E6-0366-3E96-D50F-7C7882D9B167</newElementsIDs>
<usedAttributes>
<attributeRef>EF4DF6E6-0366-3E96-D50F-7C7882D9B167</attributeRef>
</usedAttributes>
</identifier>
<identifier id="FD6EB973-DABC-4D45-41B9-092D3E1834C6" name="codigo_region">
<createdBy>PC</createdBy>
<createdTime>2025-09-13 23:36:19 UTC</createdTime>
<ownerDesignName>Sumativa_2</ownerDesignName>
<shouldEngineer>false</shouldEngineer>
<engineerTo>
<item key="F0BC168A-4CE0-D099-23CD-3793BCF69626" value="false"/>
</engineerTo>
<newElementsIDs>9A96093C-09E5-3E04-32A3-0E6582550387</newElementsIDs>
<usedAttributes>
<attributeRef>9A96093C-09E5-3E04-32A3-0E6582550387</attributeRef>
</usedAttributes>
</identifier>
</identifiers>
</Entity>