<?xml version = '1.0' encoding = 'UTF-8'?>
<Entity class="oracle.dbtools.crest.model.design.logical.Entity" directorySegmentName="seg_0" id="880089A6-2CA9-3369-F486-CD52F914D43F" name="MEDICO">
<createdBy>PC</createdBy>
<createdTime>2025-09-13 23:40:42 UTC</createdTime>
<ownerDesignName>Sumativa_2</ownerDesignName>
<engineerTo>
<item key="F0BC168A-4CE0-D099-23CD-3793BCF69626" value="true"/>
</engineerTo>
<adequatelyNormalized>NO</adequatelyNormalized>
<expectedVolumes>0</expectedVolumes>
<fwdEngineeringStrategyName>Single Table</fwdEngineeringStrategyName>
<growthPercent>0</growthPercent>
<growthType>Year</growthType>
<maxVolumes>9999999</maxVolumes>
<minVolumes>0</minVolumes>
<normalForm>Third</normalForm>
<attributes itemClass="oracle.dbtools.crest.model.design.logical.Attribute">
<Attribute name="id_medico" id="C7CD59E0-758B-BB25-E576-070B51A4622F">
<createdBy>PC</createdBy>
<createdTime>2025-09-13 23:40:54 UTC</createdTime>
<ownerDesignName>Sumativa_2</ownerDesignName>
<engineerTo>
<item key="F0BC168A-4CE0-D099-23CD-3793BCF69626" value="true"/>
</engineerTo>
<useDomainConstraints>false</useDomainConstraints>
<use>1</use>
<logicalDatatype>LOGDT019</logicalDatatype>
<dataTypePrecision>4</dataTypePrecision>
<ownDataTypeParameters>,4,</ownDataTypeParameters>
</Attribute>
<Attribute name="rut_medico" id="7F00AD69-9766-1B26-1E20-D549E4708D87">
<createdBy>PC</createdBy>
<createdTime>2025-09-13 23:41:10 UTC</createdTime>
<ownerDesignName>Sumativa_2</ownerDesignName>
<engineerTo>
<item key="F0BC168A-4CE0-D099-23CD-3793BCF69626" value="true"/>
</engineerTo>
<useDomainConstraints>false</useDomainConstraints>
<use>1</use>
<logicalDatatype>LOGDT024</logicalDatatype>
<dataTypeSize>12 CHAR</dataTypeSize>
<ownDataTypeParameters>12 CHAR,,</ownDataTypeParameters>
</Attribute>
<Attribute name="nombre_medico" id="EFC656AD-8B68-4950-3BE6-800F18F49A05">
<createdBy>PC</createdBy>
<createdTime>2025-09-14 00:02:08 UTC</createdTime>
<ownerDesignName>Sumativa_2</ownerDesignName>
<engineerTo>
<item key="F0BC168A-4CE0-D099-23CD-3793BCF69626" value="true"/>
</engineerTo>
<useDomainConstraints>false</useDomainConstraints>
<use>1</use>
<logicalDatatype>LOGDT024</logicalDatatype>
<dataTypeSize>100 CHAR</dataTypeSize>
<ownDataTypeParameters>100 CHAR,,</ownDataTypeParameters>
</Attribute>
<Attribute name="apellido_medico" id="D09EAD6F-99DF-13F1-F813-67896F1D9EB9">
<createdBy>PC</createdBy>
<createdTime>2025-09-14 00:02:25 UTC</createdTime>
<ownerDesignName>Sumativa_2</ownerDesignName>
<engineerTo>
<item key="F0BC168A-4CE0-D099-23CD-3793BCF69626" value="true"/>
</engineerTo>
<useDomainConstraints>false</useDomainConstraints>
<use>1</use>
<logicalDatatype>LOGDT024</logicalDatatype>
<dataTypeSize>50 CHAR</dataTypeSize>
<ownDataTypeParameters>50 CHAR,,</ownDataTypeParameters>
</Attribute>
<Attribute name="fecha_ingreso" id="433674D3-C973-CD01-0B29-34F2751B042B">
<createdBy>PC</createdBy>
<createdTime>2025-09-14 00:02:42 UTC</createdTime>
<ownerDesignName>Sumativa_2</ownerDesignName>
<engineerTo>
<item key="F0BC168A-4CE0-D099-23CD-3793BCF69626" value="true"/>
</engineerTo>
<useDomainConstraints>false</useDomainConstraints>
<use>1</use>
<logicalDatatype>LOGDT007</logicalDatatype>
<ownDataTypeParameters>,,</ownDataTypeParameters>
</Attribute>
<Attribute name="telefono" id="7C055A8B-BC1C-7484-E10F-3C44DDDE204E">
<createdBy>PC</createdBy>
<createdTime>2025-09-14 00:02:54 UTC</createdTime>
<ownerDesignName>Sumativa_2</ownerDesignName>
<engineerTo>
<item key="F0BC168A-4CE0-D099-23CD-3793BCF69626" value="true"/>
</engineerTo>
<useDomainConstraints>false</useDomainConstraints>
<use>1</use>
<logicalDatatype>LOGDT019</logicalDatatype>
<dataTypePrecision>9</dataTypePrecision>
<ownDataTypeParameters>,9,</ownDataTypeParameters>
</Attribute>
<Attribute name="email" id="E29C9C77-0514-8D19-2EC3-0BBEF066BED2">
<createdBy>PC</createdBy>
<createdTime>2025-09-14 00:03:06 UTC</createdTime>
<ownerDesignName>Sumativa_2</ownerDesignName>
<engineerTo>
<item key="F0BC168A-4CE0-D099-23CD-3793BCF69626" value="true"/>
</engineerTo>
<useDomainConstraints>false</useDomainConstraints>
<use>1</use>
<logicalDatatype>LOGDT024</logicalDatatype>
<dataTypeSize>50 CHAR</dataTypeSize>
<ownDataTypeParameters>50 CHAR,,</ownDataTypeParameters>
</Attribute>
<Attribute name="id_especialidad" id="0DB4EFC3-CCCF-98C5-295C-2025BCA8A265">
<createdBy>PC</createdBy>
<createdTime>2025-09-14 00:09:03 UTC</createdTime>
<generatorID>C13A4F12-8909-043D-5963-4E3068193917</generatorID>
<ownerDesignName>Sumativa_2</ownerDesignName>
<engineerTo>
<item key="F0BC168A-4CE0-D099-23CD-3793BCF69626" value="true"/>
</engineerTo>
<referedAttribute>B7F09ECD-7662-C937-18B0-F75475768448</referedAttribute>
<useDomainConstraints>false</useDomainConstraints>
<use>1</use>
<logicalDatatype>LOGDT019</logicalDatatype>
<dataTypePrecision>4</dataTypePrecision>
<ownDataTypeParameters>,,</ownDataTypeParameters>
</Attribute>
<Attribute name="id_afp" id="F9C6C6DF-1DDF-365E-6ED7-92C157F7EEC6">
<createdBy>PC</createdBy>
<createdTime>2025-09-14 00:11:06 UTC</createdTime>
<generatorID>3CBBD06D-B990-A85D-7805-085E4D0BC824</generatorID>
<ownerDesignName>Sumativa_2</ownerDesignName>
<engineerTo>
<item key="F0BC168A-4CE0-D099-23CD-3793BCF69626" value="true"/>
</engineerTo>
<referedAttribute>0876BBB4-FADC-24A8-A111-8232E7951FF9</referedAttribute>
<useDomainConstraints>false</useDomainConstraints>
<use>1</use>
<logicalDatatype>LOGDT019</logicalDatatype>
<dataTypePrecision>4</dataTypePrecision>
<ownDataTypeParameters>,,</ownDataTypeParameters>
</Attribute>
<Attribute name="id_institucion_salud" id="0DC53A5B-714B-5078-158E-9D43C7DB66C2">
<createdBy>PC</createdBy>
<createdTime>2025-09-14 00:13:16 UTC</createdTime>
<generatorID>554EDC65-3E15-1985-6A62-07055833BC46</generatorID>
<ownerDesignName>Sumativa_2</ownerDesignName>
<engineerTo>
<item key="F0BC168A-4CE0-D099-23CD-3793BCF69626" value="true"/>
</engineerTo>
<referedAttribute>F986ABFA-8C5C-AB7D-6711-88B4BFA2C9BF</referedAttribute>
<useDomainConstraints>false</useDomainConstraints>
<use>1</use>
<logicalDatatype>LOGDT019</logicalDatatype>
<dataTypePrecision>4</dataTypePrecision>
<ownDataTypeParameters>,,</ownDataTypeParameters>
</Attribute>
<Attribute name="id_medico1" id="A2B813BF-922B-F161-7AE2-C3CC6467F89E">
<createdBy>PC</createdBy>
<createdTime>2025-09-14 01:00:33 UTC</createdTime>
<generatorID>C49B1EA8-13BB-146C-DC3A-52BAA62A61E7</generatorID>
<ownerDesignName>Sumativa_2</ownerDesignName>
<engineerTo>
<item key="F0BC168A-4CE0-D099-23CD-3793BCF69626" value="true"/>
</engineerTo>
<nullsAllowed>true</nullsAllowed>
<referedAttribute>C7CD59E0-758B-BB25-E576-070B51A4622F</referedAttribute>
<useDomainConstraints>false</useDomainConstraints>
<use>1</use>
<logicalDatatype>LOGDT019</logicalDatatype>
<dataTypePrecision>4</dataTypePrecision>
<ownDataTypeParameters>,,</ownDataTypeParameters>
</Attribute>
</attributes>
<identifiers itemClass="oracle.dbtools.crest.model.design.logical.CandidateKey">
<identifier id="6913B752-6C7F-1537-6605-0C7DDC0A07AF" name="MEDICO PK">
<createdBy>PC</createdBy>
<createdTime>2025-09-13 23:41:07 UTC</createdTime>
<ownerDesignName>Sumativa_2</ownerDesignName>
<shouldEngineer>false</shouldEngineer>
<engineerTo>
<item key="F0BC168A-4CE0-D099-23CD-3793BCF69626" value="false"/>
</engineerTo>
<pk>true</pk>
<usedAttributes>
<attributeRef>C7CD59E0-758B-BB25-E576-070B51A4622F</attributeRef>
</usedAttributes>
</identifier>
<identifier id="B53B4717-9BAA-C94A-D39F-560C9576C95C" name="rut_medico">
<createdBy>PC</createdBy>
<createdTime>2025-09-14 00:01:38 UTC</createdTime>
<ownerDesignName>Sumativa_2</ownerDesignName>
<shouldEngineer>false</shouldEngineer>
<engineerTo>
<item key="F0BC168A-4CE0-D099-23CD-3793BCF69626" value="false"/>
</engineerTo>
<newElementsIDs>7F00AD69-9766-1B26-1E20-D549E4708D87</newElementsIDs>
<usedAttributes>
<attributeRef>7F00AD69-9766-1B26-1E20-D549E4708D87</attributeRef>
</usedAttributes>
</identifier>
</identifiers>
</Entity>