<?xml version = '1.0' encoding = 'UTF-8'?>
<Entity class="oracle.dbtools.crest.model.design.logical.Entity" directorySegmentName="seg_0" id="C7B16CC3-9F0E-31EC-FE8E-17122460DAA9" name="ATENCION_MEDICA">
<createdBy>PC</createdBy>
<createdTime>2025-09-14 00:18:00 UTC</createdTime>
<ownerDesignName>Sumativa_2</ownerDesignName>
<engineerTo>
<item key="F0BC168A-4CE0-D099-23CD-3793BCF69626" value="true"/>
</engineerTo>
<adequatelyNormalized>NO</adequatelyNormalized>
<expectedVolumes>0</expectedVolumes>
<fwdEngineeringStrategyName>Single Table</fwdEngineeringStrategyName>
<growthPercent>0</growthPercent>
<growthType>Year</growthType>
<maxVolumes>9999999</maxVolumes>
<minVolumes>0</minVolumes>
<normalForm>Third</normalForm>
<attributes itemClass="oracle.dbtools.crest.model.design.logical.Attribute">
<Attribute name="id_atencion" id="F3DF7759-A419-8B01-11F2-AA9D012C8852">
<createdBy>PC</createdBy>
<createdTime>2025-09-14 00:18:42 UTC</createdTime>
<ownerDesignName>Sumativa_2</ownerDesignName>
<engineerTo>
<item key="F0BC168A-4CE0-D099-23CD-3793BCF69626" value="true"/>
</engineerTo>
<useDomainConstraints>false</useDomainConstraints>
<use>1</use>
<logicalDatatype>LOGDT019</logicalDatatype>
<dataTypePrecision>4</dataTypePrecision>
<ownDataTypeParameters>,4,</ownDataTypeParameters>
</Attribute>
<Attribute name="fecha_atencion" id="21E711FC-F3F5-8DEA-5ED0-AF38AD334A1F">
<createdBy>PC</createdBy>
<createdTime>2025-09-14 00:18:55 UTC</createdTime>
<ownerDesignName>Sumativa_2</ownerDesignName>
<engineerTo>
<item key="F0BC168A-4CE0-D099-23CD-3793BCF69626" value="true"/>
</engineerTo>
<useDomainConstraints>false</useDomainConstraints>
<use>1</use>
<logicalDatatype>LOGDT007</logicalDatatype>
<ownDataTypeParameters>,,</ownDataTypeParameters>
</Attribute>
<Attribute name="tipo_atencion" id="EB367611-0D6C-411B-373C-DCE2CBABAE88">
<createdBy>PC</createdBy>
<createdTime>2025-09-14 00:48:01 UTC</createdTime>
<ownerDesignName>Sumativa_2</ownerDesignName>
<engineerTo>
<item key="F0BC168A-4CE0-D099-23CD-3793BCF69626" value="true"/>
</engineerTo>
<useDomainConstraints>false</useDomainConstraints>
<use>1</use>
<logicalDatatype>LOGDT024</logicalDatatype>
<dataTypeSize>20</dataTypeSize>
<ownDataTypeParameters>20,,</ownDataTypeParameters>
</Attribute>
<Attribute name="hora_atencion" id="840F8E14-3ACC-236B-7F74-17705D809625">
<createdBy>PC</createdBy>
<createdTime>2025-09-14 00:19:07 UTC</createdTime>
<ownerDesignName>Sumativa_2</ownerDesignName>
<engineerTo>
<item key="F0BC168A-4CE0-D099-23CD-3793BCF69626" value="true"/>
</engineerTo>
<useDomainConstraints>false</useDomainConstraints>
<use>1</use>
<logicalDatatype>LOGDT015</logicalDatatype>
<ownDataTypeParameters>,,</ownDataTypeParameters>
</Attribute>
<Attribute name="diagnostico" id="5C65E0FA-0270-0568-63AD-337AF7E18B90">
<createdBy>PC</createdBy>
<createdTime>2025-09-14 00:19:31 UTC</createdTime>
<ownerDesignName>Sumativa_2</ownerDesignName>
<engineerTo>
<item key="F0BC168A-4CE0-D099-23CD-3793BCF69626" value="true"/>
</engineerTo>
<useDomainConstraints>false</useDomainConstraints>
<use>1</use>
<logicalDatatype>LOGDT024</logicalDatatype>
<dataTypeSize>200 CHAR</dataTypeSize>
<ownDataTypeParameters>200 CHAR,,</ownDataTypeParameters>
</Attribute>
<Attribute name="observaciones" id="EECC4FDD-C9BD-263B-672B-3CBD5DF149CC">
<createdBy>PC</createdBy>
<createdTime>2025-09-14 00:19:48 UTC</createdTime>
<ownerDesignName>Sumativa_2</ownerDesignName>
<engineerTo>
<item key="F0BC168A-4CE0-D099-23CD-3793BCF69626" value="true"/>
</engineerTo>
<useDomainConstraints>false</useDomainConstraints>
<use>1</use>
<logicalDatatype>LOGDT024</logicalDatatype>
<dataTypeSize>500 CHAR</dataTypeSize>
<ownDataTypeParameters>500 CHAR,,</ownDataTypeParameters>
</Attribute>
<Attribute name="id_paciente" id="F9BEF74D-4393-A947-26BC-1C20832A2020">
<createdBy>PC</createdBy>
<createdTime>2025-09-14 00:20:22 UTC</createdTime>
<generatorID>A3F07829-1403-3F3F-1C89-D6AFB82C3DC4</generatorID>
<ownerDesignName>Sumativa_2</ownerDesignName>
<engineerTo>
<item key="F0BC168A-4CE0-D099-23CD-3793BCF69626" value="true"/>
</engineerTo>
<referedAttribute>22BE3EC6-C2FE-AC61-650F-08DF95BBA3C7</referedAttribute>
<useDomainConstraints>false</useDomainConstraints>
<use>1</use>
<logicalDatatype>LOGDT019</logicalDatatype>
<dataTypePrecision>7</dataTypePrecision>
<ownDataTypeParameters>,,</ownDataTypeParameters>
</Attribute>
<Attribute name="id_medico" id="DB91F993-9847-2B4A-2B3C-F433D1F5E231">
<createdBy>PC</createdBy>
<createdTime>2025-09-14 00:20:33 UTC</createdTime>
<generatorID>B8FA951E-5A51-2A43-F4D0-BC8DA334A183</generatorID>
<ownerDesignName>Sumativa_2</ownerDesignName>
<engineerTo>
<item key="F0BC168A-4CE0-D099-23CD-3793BCF69626" value="true"/>
</engineerTo>
<referedAttribute>C7CD59E0-758B-BB25-E576-070B51A4622F</referedAttribute>
<useDomainConstraints>false</useDomainConstraints>
<use>1</use>
<logicalDatatype>LOGDT019</logicalDatatype>
<dataTypePrecision>4</dataTypePrecision>
<ownDataTypeParameters>,,</ownDataTypeParameters>
</Attribute>
</attributes>
<identifiers itemClass="oracle.dbtools.crest.model.design.logical.CandidateKey">
<identifier id="67831C28-41CB-93F5-57D9-0C873B3DEB85" name="ATENCION_MEDICA PK">
<createdBy>PC</createdBy>
<createdTime>2025-09-14 00:18:53 UTC</createdTime>
<ownerDesignName>Sumativa_2</ownerDesignName>
<shouldEngineer>false</shouldEngineer>
<engineerTo>
<item key="F0BC168A-4CE0-D099-23CD-3793BCF69626" value="false"/>
</engineerTo>
<pk>true</pk>
<usedAttributes>
<attributeRef>F3DF7759-A419-8B01-11F2-AA9D012C8852</attributeRef>
</usedAttributes>
</identifier>
</identifiers>
</Entity>