<?xml version = '1.0' encoding = 'UTF-8'?>
<Entity class="oracle.dbtools.crest.model.design.logical.Entity" directorySegmentName="seg_0" id="D98FDD13-69B7-1BE2-E3C7-F98E08661BC9" name="ESPECIALIDAD">
<createdBy>PC</createdBy>
<createdTime>2025-09-14 00:04:00 UTC</createdTime>
<ownerDesignName>Sumativa_2</ownerDesignName>
<engineerTo>
<item key="F0BC168A-4CE0-D099-23CD-3793BCF69626" value="true"/>
</engineerTo>
<adequatelyNormalized>NO</adequatelyNormalized>
<expectedVolumes>0</expectedVolumes>
<fwdEngineeringStrategyName>Single Table</fwdEngineeringStrategyName>
<growthPercent>0</growthPercent>
<growthType>Year</growthType>
<maxVolumes>9999999</maxVolumes>
<minVolumes>0</minVolumes>
<normalForm>Third</normalForm>
<attributes itemClass="oracle.dbtools.crest.model.design.logical.Attribute">
<Attribute name="id_especialidad" id="B7F09ECD-7662-C937-18B0-F75475768448">
<createdBy>PC</createdBy>
<createdTime>2025-09-14 00:04:05 UTC</createdTime>
<ownerDesignName>Sumativa_2</ownerDesignName>
<engineerTo>
<item key="F0BC168A-4CE0-D099-23CD-3793BCF69626" value="true"/>
</engineerTo>
<useDomainConstraints>false</useDomainConstraints>
<use>1</use>
<logicalDatatype>LOGDT019</logicalDatatype>
<dataTypePrecision>4</dataTypePrecision>
<ownDataTypeParameters>,4,</ownDataTypeParameters>
</Attribute>
<Attribute name="nombre_especialidad" id="DB044398-7649-CF92-1BF4-4B87F1FCE64F">
<createdBy>PC</createdBy>
<createdTime>2025-09-14 00:04:20 UTC</createdTime>
<ownerDesignName>Sumativa_2</ownerDesignName>
<engineerTo>
<item key="F0BC168A-4CE0-D099-23CD-3793BCF69626" value="true"/>
</engineerTo>
<useDomainConstraints>false</useDomainConstraints>
<use>1</use>
<logicalDatatype>LOGDT024</logicalDatatype>
<dataTypeSize>50 CHAR</dataTypeSize>
<ownDataTypeParameters>50 CHAR,,</ownDataTypeParameters>
</Attribute>
<Attribute name="descripcion" id="20786C6A-1442-D4F9-8DC0-FCDC5D67025D">
<createdBy>PC</createdBy>
<createdTime>2025-09-14 00:04:37 UTC</createdTime>
<ownerDesignName>Sumativa_2</ownerDesignName>
<engineerTo>
<item key="F0BC168A-4CE0-D099-23CD-3793BCF69626" value="true"/>
</engineerTo>
<useDomainConstraints>false</useDomainConstraints>
<use>1</use>
<logicalDatatype>LOGDT024</logicalDatatype>
<dataTypeSize>200 CHAR</dataTypeSize>
<ownDataTypeParameters>200 CHAR,,</ownDataTypeParameters>
</Attribute>
</attributes>
<identifiers itemClass="oracle.dbtools.crest.model.design.logical.CandidateKey">
<identifier id="B8B6787E-4564-7B21-4A0F-5F88A75DC450" name="ESPECIALIDAD PK">
<createdBy>PC</createdBy>
<createdTime>2025-09-14 00:04:18 UTC</createdTime>
<ownerDesignName>Sumativa_2</ownerDesignName>
<shouldEngineer>false</shouldEngineer>
<engineerTo>
<item key="F0BC168A-4CE0-D099-23CD-3793BCF69626" value="false"/>
</engineerTo>
<pk>true</pk>
<usedAttributes>
<attributeRef>B7F09ECD-7662-C937-18B0-F75475768448</attributeRef>
</usedAttributes>
</identifier>
<identifier id="2D1B541F-0847-FA50-DF7D-92FAE5F679AA" name="nombre_especialidad">
<createdBy>PC</createdBy>
<createdTime>2025-09-14 00:08:18 UTC</createdTime>
<ownerDesignName>Sumativa_2</ownerDesignName>
<shouldEngineer>false</shouldEngineer>
<engineerTo>
<item key="F0BC168A-4CE0-D099-23CD-3793BCF69626" value="false"/>
</engineerTo>
<newElementsIDs>DB044398-7649-CF92-1BF4-4B87F1FCE64F</newElementsIDs>
<usedAttributes>
<attributeRef>DB044398-7649-CF92-1BF4-4B87F1FCE64F</attributeRef>
</usedAttributes>
</identifier>
</identifiers>
</Entity>