<?xml version = '1.0' encoding = 'UTF-8'?>
<Relation class="oracle.dbtools.crest.model.design.logical.InheritanceRelation" name="Hierarchy_2" directorySegmentName="seg_0" id="F00CC912-EEAF-9ABC-5E91-D041232B55F1">
<createdBy>PC</createdBy>
<createdTime>2025-09-08 02:28:23 UTC</createdTime>
<ownerDesignName>Tarea N4</ownerDesignName>
<engineerTo>
<item key="1CD3B095-5F88-511B-57FF-183068D72B6E" value="true"/>
</engineerTo>
<identifying>false</identifying>
<nameOnSource>Super Type</nameOnSource>
<nameOnTarget>Sub Type</nameOnTarget>
<optionalSource>true</optionalSource>
<optionalTarget>true</optionalTarget>
<sourceEntity>48C6A7E3-6E7F-A3DD-2B68-E0AD62363FB0</sourceEntity>
<targetEntity>D032465F-ABD4-AF5C-DC61-179E82AFACD5</targetEntity>
<transferable>true</transferable>
<deleteRule>NO ACTION</deleteRule>
</Relation>