<?xml version = '1.0' encoding = 'UTF-8'?>
<Entity class="oracle.dbtools.crest.model.design.logical.Entity" directorySegmentName="seg_0" id="1DAECA5E-2EC4-DBFD-CC22-F336F0539872" name="PERMANENTE">
<createdBy>PC</createdBy>
<createdTime>2025-09-01 03:08:47 UTC</createdTime>
<ownerDesignName>S1_Exp3_Ignacio_Caceres</ownerDesignName>
<engineerTo>
<item key="53CD6102-65B3-6BCE-A8A0-C789C4E54FB8" value="true"/>
</engineerTo>
<adequatelyNormalized>NO</adequatelyNormalized>
<expectedVolumes>0</expectedVolumes>
<fwdEngineeringStrategyName>Single Table</fwdEngineeringStrategyName>
<growthPercent>0</growthPercent>
<growthType>Year</growthType>
<hierarchicalParent>BBFF2CB6-260B-3CAB-FAB8-B7A0D4A42F0A</hierarchicalParent>
<maxVolumes>9999999</maxVolumes>
<minVolumes>0</minVolumes>
<normalForm>Third</normalForm>
<attributes itemClass="oracle.dbtools.crest.model.design.logical.Attribute">
<Attribute name="rut residente" id="CE20E7F6-3745-B6A4-966C-0007171B31D7">
<createdBy>PC</createdBy>
<createdTime>2025-09-01 03:09:48 UTC</createdTime>
<generatorID>41FA1D2A-CEAD-7129-3320-44797127EA44</generatorID>
<ownerDesignName>S1_Exp3_Ignacio_Caceres</ownerDesignName>
<engineerTo>
<item key="53CD6102-65B3-6BCE-A8A0-C789C4E54FB8" value="true"/>
</engineerTo>
<referedAttribute>445D318E-FE42-D3DB-FF43-CAC44AA0F519</referedAttribute>
<useDomainConstraints>false</useDomainConstraints>
<use>1</use>
<logicalDatatype>LOGDT024</logicalDatatype>
<dataTypeSize>12 CHAR</dataTypeSize>
<ownDataTypeParameters>,,</ownDataTypeParameters>
</Attribute>
<Attribute name="historial_clinico" id="25DB3233-4032-AF12-B551-777BB0485147">
<createdBy>PC</createdBy>
<createdTime>2025-09-01 03:08:59 UTC</createdTime>
<ownerDesignName>S1_Exp3_Ignacio_Caceres</ownerDesignName>
<engineerTo>
<item key="53CD6102-65B3-6BCE-A8A0-C789C4E54FB8" value="true"/>
</engineerTo>
<useDomainConstraints>false</useDomainConstraints>
<use>1</use>
<logicalDatatype>LOGDT024</logicalDatatype>
<dataTypeSize>10000</dataTypeSize>
<ownDataTypeParameters>10000,,</ownDataTypeParameters>
</Attribute>
</attributes>
<identifiers itemClass="oracle.dbtools.crest.model.design.logical.CandidateKey">
<identifier id="5D692B75-9DE5-59F2-536A-48FDF5EB7C4D" name="PERMANENTE PK">
<createdBy>PC</createdBy>
<createdTime>2025-09-01 03:09:48 UTC</createdTime>
<ownerDesignName>S1_Exp3_Ignacio_Caceres</ownerDesignName>
<engineerTo>
<item key="53CD6102-65B3-6BCE-A8A0-C789C4E54FB8" value="true"/>
</engineerTo>
<pk>true</pk>
<usedAttributes>
<attributeRef>CE20E7F6-3745-B6A4-966C-0007171B31D7</attributeRef>
</usedAttributes>
</identifier>
</identifiers>
</Entity>