<?xml version = '1.0' encoding = 'UTF-8'?>
<Entity class="oracle.dbtools.crest.model.design.logical.Entity" directorySegmentName="seg_0" id="72216CEC-6AD5-BF35-AF42-178770173462" name="ASIGNACION HABITACION">
<createdBy>PC</createdBy>
<createdTime>2025-09-01 02:48:49 UTC</createdTime>
<ownerDesignName>S1_Exp3_Ignacio_Caceres</ownerDesignName>
<engineerTo>
<item key="53CD6102-65B3-6BCE-A8A0-C789C4E54FB8" value="true"/>
</engineerTo>
<adequatelyNormalized>NO</adequatelyNormalized>
<expectedVolumes>0</expectedVolumes>
<fwdEngineeringStrategyName>Single Table</fwdEngineeringStrategyName>
<growthPercent>0</growthPercent>
<growthType>Year</growthType>
<maxVolumes>9999999</maxVolumes>
<minVolumes>0</minVolumes>
<normalForm>Third</normalForm>
<attributes itemClass="oracle.dbtools.crest.model.design.logical.Attribute">
<Attribute name="id asignacion" id="9E9832E4-C3B5-FFD3-22C0-C480D8492F53">
<createdBy>PC</createdBy>
<createdTime>2025-09-01 02:49:02 UTC</createdTime>
<ownerDesignName>S1_Exp3_Ignacio_Caceres</ownerDesignName>
<engineerTo>
<item key="53CD6102-65B3-6BCE-A8A0-C789C4E54FB8" value="true"/>
</engineerTo>
<useDomainConstraints>false</useDomainConstraints>
<use>1</use>
<logicalDatatype>LOGDT019</logicalDatatype>
<dataTypePrecision>4</dataTypePrecision>
<ownDataTypeParameters>,4,</ownDataTypeParameters>
</Attribute>
<Attribute name="rut residente" id="0F81FFBC-27FA-2569-352E-DC970DB7978E">
<createdBy>PC</createdBy>
<createdTime>2025-09-01 02:51:09 UTC</createdTime>
<generatorID>BBBDC45D-50C0-D0B6-7025-57928DBD25DA</generatorID>
<ownerDesignName>S1_Exp3_Ignacio_Caceres</ownerDesignName>
<engineerTo>
<item key="53CD6102-65B3-6BCE-A8A0-C789C4E54FB8" value="true"/>
</engineerTo>
<referedAttribute>445D318E-FE42-D3DB-FF43-CAC44AA0F519</referedAttribute>
<useDomainConstraints>false</useDomainConstraints>
<use>1</use>
<logicalDatatype>LOGDT024</logicalDatatype>
<dataTypeSize>12 CHAR</dataTypeSize>
<ownDataTypeParameters>,,</ownDataTypeParameters>
</Attribute>
<Attribute name="HABITACIÓN numero" id="63C6435F-AE41-CDCF-1D43-3B5BBDC87B78">
<createdBy>PC</createdBy>
<createdTime>2025-09-01 02:50:18 UTC</createdTime>
<generatorID>525A5B98-676A-095B-7627-64AF823B01D7</generatorID>
<ownerDesignName>S1_Exp3_Ignacio_Caceres</ownerDesignName>
<engineerTo>
<item key="53CD6102-65B3-6BCE-A8A0-C789C4E54FB8" value="true"/>
</engineerTo>
<referedAttribute>95203CE0-8CFC-063B-4EDF-C49ADC807AFB</referedAttribute>
<useDomainConstraints>false</useDomainConstraints>
<use>1</use>
<logicalDatatype>LOGDT019</logicalDatatype>
<ownDataTypeParameters>,,</ownDataTypeParameters>
</Attribute>
<Attribute name="nombre residencia" id="BC71D4E5-48A7-8BF0-ED72-B77D2A85FD9A">
<createdBy>PC</createdBy>
<createdTime>2025-09-01 02:50:18 UTC</createdTime>
<generatorID>525A5B98-676A-095B-7627-64AF823B01D7</generatorID>
<ownerDesignName>S1_Exp3_Ignacio_Caceres</ownerDesignName>
<engineerTo>
<item key="53CD6102-65B3-6BCE-A8A0-C789C4E54FB8" value="true"/>
</engineerTo>
<referedAttribute>6689C5BF-3395-9C61-BAD5-AFB8DACAF227</referedAttribute>
<useDomainConstraints>false</useDomainConstraints>
<use>1</use>
<logicalDatatype>LOGDT024</logicalDatatype>
<dataTypeSize>50 CHAR</dataTypeSize>
<ownDataTypeParameters>,,</ownDataTypeParameters>
</Attribute>
<Attribute name="fecha asignacion" id="FE5447BC-35DE-4B8D-8981-339B93514FAA">
<createdBy>PC</createdBy>
<createdTime>2025-09-01 02:49:28 UTC</createdTime>
<ownerDesignName>S1_Exp3_Ignacio_Caceres</ownerDesignName>
<engineerTo>
<item key="53CD6102-65B3-6BCE-A8A0-C789C4E54FB8" value="true"/>
</engineerTo>
<useDomainConstraints>false</useDomainConstraints>
<use>1</use>
<logicalDatatype>LOGDT007</logicalDatatype>
<ownDataTypeParameters>,,</ownDataTypeParameters>
</Attribute>
<Attribute name="fecha liberacion" id="4FB40886-CC05-CBD1-1AD2-A775A0CC1DC4">
<createdBy>PC</createdBy>
<createdTime>2025-09-01 02:49:45 UTC</createdTime>
<ownerDesignName>S1_Exp3_Ignacio_Caceres</ownerDesignName>
<engineerTo>
<item key="53CD6102-65B3-6BCE-A8A0-C789C4E54FB8" value="true"/>
</engineerTo>
<nullsAllowed>true</nullsAllowed>
<useDomainConstraints>false</useDomainConstraints>
<use>1</use>
<logicalDatatype>LOGDT007</logicalDatatype>
<ownDataTypeParameters>,,</ownDataTypeParameters>
</Attribute>
<Attribute name="activa" id="F7FE2D5C-E963-F91E-ECCF-81FB18A68B06">
<createdBy>PC</createdBy>
<createdTime>2025-09-01 02:50:01 UTC</createdTime>
<ownerDesignName>S1_Exp3_Ignacio_Caceres</ownerDesignName>
<engineerTo>
<item key="53CD6102-65B3-6BCE-A8A0-C789C4E54FB8" value="true"/>
</engineerTo>
<useDomainConstraints>false</useDomainConstraints>
<use>1</use>
<logicalDatatype>LOGDT024</logicalDatatype>
<dataTypeSize>2</dataTypeSize>
<ownDataTypeParameters>2,,</ownDataTypeParameters>
</Attribute>
</attributes>
<identifiers itemClass="oracle.dbtools.crest.model.design.logical.CandidateKey">
<identifier id="107A19B8-0BA9-51E4-B807-BA67DBFAEE8C" name="ASIGNACION_HABITACION_PK">
<createdBy>PC</createdBy>
<createdTime>2025-09-01 02:49:23 UTC</createdTime>
<ownerDesignName>S1_Exp3_Ignacio_Caceres</ownerDesignName>
<shouldEngineer>false</shouldEngineer>
<engineerTo>
<item key="53CD6102-65B3-6BCE-A8A0-C789C4E54FB8" value="false"/>
</engineerTo>
<pk>true</pk>
<usedAttributes>
<attributeRef>9E9832E4-C3B5-FFD3-22C0-C480D8492F53</attributeRef>
</usedAttributes>
</identifier>
</identifiers>
</Entity>