<?xml version = '1.0' encoding = 'UTF-8'?>
<Entity class="oracle.dbtools.crest.model.design.logical.Entity" directorySegmentName="seg_0" id="73BD5B19-C838-F02D-7F50-94935941EE5B" name="TEMPORAL">
<createdBy>PC</createdBy>
<createdTime>2025-09-01 03:08:11 UTC</createdTime>
<ownerDesignName>S1_Exp3_Ignacio_Caceres</ownerDesignName>
<engineerTo>
<item key="53CD6102-65B3-6BCE-A8A0-C789C4E54FB8" value="true"/>
</engineerTo>
<adequatelyNormalized>NO</adequatelyNormalized>
<expectedVolumes>0</expectedVolumes>
<fwdEngineeringStrategyName>Single Table</fwdEngineeringStrategyName>
<growthPercent>0</growthPercent>
<growthType>Year</growthType>
<hierarchicalParent>BBFF2CB6-260B-3CAB-FAB8-B7A0D4A42F0A</hierarchicalParent>
<maxVolumes>9999999</maxVolumes>
<minVolumes>0</minVolumes>
<normalForm>Third</normalForm>
<attributes itemClass="oracle.dbtools.crest.model.design.logical.Attribute">
<Attribute name="rut residente" id="E2256CB7-63B6-78AA-8FA8-E16C8A52985E">
<createdBy>PC</createdBy>
<createdTime>2025-09-01 03:09:33 UTC</createdTime>
<generatorID>CE454151-8959-AAFE-9999-2F38A004AA27</generatorID>
<ownerDesignName>S1_Exp3_Ignacio_Caceres</ownerDesignName>
<engineerTo>
<item key="53CD6102-65B3-6BCE-A8A0-C789C4E54FB8" value="true"/>
</engineerTo>
<referedAttribute>445D318E-FE42-D3DB-FF43-CAC44AA0F519</referedAttribute>
<useDomainConstraints>false</useDomainConstraints>
<use>1</use>
<logicalDatatype>LOGDT024</logicalDatatype>
<dataTypeSize>12 CHAR</dataTypeSize>
<ownDataTypeParameters>,,</ownDataTypeParameters>
</Attribute>
<Attribute name="tiempo_estadia" id="B02E69BD-7236-8D33-CA82-C7EDED06CF5F">
<createdBy>PC</createdBy>
<createdTime>2025-09-01 03:08:21 UTC</createdTime>
<ownerDesignName>S1_Exp3_Ignacio_Caceres</ownerDesignName>
<engineerTo>
<item key="53CD6102-65B3-6BCE-A8A0-C789C4E54FB8" value="true"/>
</engineerTo>
<useDomainConstraints>false</useDomainConstraints>
<use>1</use>
<logicalDatatype>LOGDT019</logicalDatatype>
<dataTypePrecision>4</dataTypePrecision>
<ownDataTypeParameters>,4,</ownDataTypeParameters>
</Attribute>
</attributes>
<identifiers itemClass="oracle.dbtools.crest.model.design.logical.CandidateKey">
<identifier id="434E2069-B587-4DD0-1E7F-B7C00A810A6A" name="TEMPORAL PK">
<createdBy>PC</createdBy>
<createdTime>2025-09-01 03:09:33 UTC</createdTime>
<ownerDesignName>S1_Exp3_Ignacio_Caceres</ownerDesignName>
<engineerTo>
<item key="53CD6102-65B3-6BCE-A8A0-C789C4E54FB8" value="true"/>
</engineerTo>
<pk>true</pk>
<usedAttributes>
<attributeRef>E2256CB7-63B6-78AA-8FA8-E16C8A52985E</attributeRef>
</usedAttributes>
</identifier>
</identifiers>
</Entity>