<?xml version = '1.0' encoding = 'UTF-8'?>
<Entity class="oracle.dbtools.crest.model.design.logical.Entity" directorySegmentName="seg_0" id="A8C63D13-64CC-E88D-D7FB-86005E5949D4" name="HABITACIÓN">
<createdBy>PC</createdBy>
<createdTime>2025-09-01 01:35:38 UTC</createdTime>
<ownerDesignName>S1_Exp3_Ignacio_Caceres</ownerDesignName>
<engineerTo>
<item key="53CD6102-65B3-6BCE-A8A0-C789C4E54FB8" value="true"/>
</engineerTo>
<adequatelyNormalized>NO</adequatelyNormalized>
<expectedVolumes>0</expectedVolumes>
<fwdEngineeringStrategyName>Single Table</fwdEngineeringStrategyName>
<growthPercent>0</growthPercent>
<growthType>Year</growthType>
<maxVolumes>9999999</maxVolumes>
<minVolumes>0</minVolumes>
<normalForm>Third</normalForm>
<attributes itemClass="oracle.dbtools.crest.model.design.logical.Attribute">
<Attribute name="numero" id="95203CE0-8CFC-063B-4EDF-C49ADC807AFB">
<createdBy>PC</createdBy>
<createdTime>2025-09-01 01:35:56 UTC</createdTime>
<ownerDesignName>S1_Exp3_Ignacio_Caceres</ownerDesignName>
<engineerTo>
<item key="53CD6102-65B3-6BCE-A8A0-C789C4E54FB8" value="true"/>
</engineerTo>
<useDomainConstraints>false</useDomainConstraints>
<use>1</use>
<logicalDatatype>LOGDT019</logicalDatatype>
<ownDataTypeParameters>,,</ownDataTypeParameters>
</Attribute>
<Attribute name="nombre residencia" id="6689C5BF-3395-9C61-BAD5-AFB8DACAF227">
<createdBy>PC</createdBy>
<createdTime>2025-09-01 01:41:18 UTC</createdTime>
<generatorID>B084B537-ACC0-BDD4-41FF-03ECFCCEDA5D</generatorID>
<ownerDesignName>S1_Exp3_Ignacio_Caceres</ownerDesignName>
<engineerTo>
<item key="53CD6102-65B3-6BCE-A8A0-C789C4E54FB8" value="true"/>
</engineerTo>
<referedAttribute>E8757D53-9000-65A2-1DAD-1D78F48F1127</referedAttribute>
<useDomainConstraints>false</useDomainConstraints>
<use>1</use>
<logicalDatatype>LOGDT024</logicalDatatype>
<dataTypeSize>50 CHAR</dataTypeSize>
<ownDataTypeParameters>,,</ownDataTypeParameters>
</Attribute>
<Attribute name="tipo" id="8E5F519F-BFC8-920F-A81B-DE5D050358F8">
<createdBy>PC</createdBy>
<createdTime>2025-09-01 02:16:19 UTC</createdTime>
<ownerDesignName>S1_Exp3_Ignacio_Caceres</ownerDesignName>
<engineerTo>
<item key="53CD6102-65B3-6BCE-A8A0-C789C4E54FB8" value="true"/>
</engineerTo>
<useDomainConstraints>false</useDomainConstraints>
<use>1</use>
<logicalDatatype>LOGDT024</logicalDatatype>
<dataTypeSize>20</dataTypeSize>
<ownDataTypeParameters>20,,</ownDataTypeParameters>
</Attribute>
<Attribute name="estado" id="559554A4-DE8B-4D4C-DB43-48A740BA93EF">
<createdBy>PC</createdBy>
<createdTime>2025-09-01 02:16:43 UTC</createdTime>
<ownerDesignName>S1_Exp3_Ignacio_Caceres</ownerDesignName>
<engineerTo>
<item key="53CD6102-65B3-6BCE-A8A0-C789C4E54FB8" value="true"/>
</engineerTo>
<useDomainConstraints>false</useDomainConstraints>
<use>1</use>
<logicalDatatype>LOGDT024</logicalDatatype>
<dataTypeSize>20 CHAR</dataTypeSize>
<ownDataTypeParameters>20 CHAR,,</ownDataTypeParameters>
</Attribute>
</attributes>
<identifiers itemClass="oracle.dbtools.crest.model.design.logical.CandidateKey">
<identifier id="709F3B6B-8A68-1EDD-FB8B-AE01F050E8FB" name="HABITACIÓN PK">
<createdBy>PC</createdBy>
<createdTime>2025-09-01 01:36:07 UTC</createdTime>
<ownerDesignName>S1_Exp3_Ignacio_Caceres</ownerDesignName>
<shouldEngineer>false</shouldEngineer>
<engineerTo>
<item key="53CD6102-65B3-6BCE-A8A0-C789C4E54FB8" value="false"/>
</engineerTo>
<pk>true</pk>
<usedAttributes>
<attributeRef>95203CE0-8CFC-063B-4EDF-C49ADC807AFB</attributeRef>
<attributeRef>6689C5BF-3395-9C61-BAD5-AFB8DACAF227</attributeRef>
</usedAttributes>
</identifier>
</identifiers>
</Entity>