<?xml version = '1.0' encoding = 'UTF-8'?>
<Entity class="oracle.dbtools.crest.model.design.logical.Entity" directorySegmentName="seg_0" id="A94B2A66-FA0B-8520-CA0B-5B01A26D8A43" name="PERSONAL">
<createdBy>PC</createdBy>
<createdTime>2025-09-01 01:44:23 UTC</createdTime>
<ownerDesignName>S1_Exp3_Ignacio_Caceres</ownerDesignName>
<engineerTo>
<item key="53CD6102-65B3-6BCE-A8A0-C789C4E54FB8" value="true"/>
</engineerTo>
<adequatelyNormalized>NO</adequatelyNormalized>
<expectedVolumes>0</expectedVolumes>
<fwdEngineeringStrategyName>Single Table</fwdEngineeringStrategyName>
<growthPercent>0</growthPercent>
<growthType>Year</growthType>
<maxVolumes>9999999</maxVolumes>
<minVolumes>0</minVolumes>
<normalForm>Third</normalForm>
<attributes itemClass="oracle.dbtools.crest.model.design.logical.Attribute">
<Attribute name="rut" id="587A5C15-90CF-9853-8826-26E494705FA0">
<createdBy>PC</createdBy>
<createdTime>2025-09-01 01:44:39 UTC</createdTime>
<ownerDesignName>S1_Exp3_Ignacio_Caceres</ownerDesignName>
<engineerTo>
<item key="53CD6102-65B3-6BCE-A8A0-C789C4E54FB8" value="true"/>
</engineerTo>
<useDomainConstraints>false</useDomainConstraints>
<use>1</use>
<logicalDatatype>LOGDT019</logicalDatatype>
<dataTypePrecision>12</dataTypePrecision>
<ownDataTypeParameters>,12,</ownDataTypeParameters>
</Attribute>
<Attribute name="nombre" id="C7F6B5B2-AA29-7581-E00B-F3099282EA4A">
<createdBy>PC</createdBy>
<createdTime>2025-09-01 01:44:54 UTC</createdTime>
<ownerDesignName>S1_Exp3_Ignacio_Caceres</ownerDesignName>
<engineerTo>
<item key="53CD6102-65B3-6BCE-A8A0-C789C4E54FB8" value="true"/>
</engineerTo>
<useDomainConstraints>false</useDomainConstraints>
<use>1</use>
<logicalDatatype>LOGDT024</logicalDatatype>
<dataTypeSize>50 CHAR</dataTypeSize>
<ownDataTypeParameters>50 CHAR,,</ownDataTypeParameters>
</Attribute>
<Attribute name="fecha ingreso" id="13EDB106-9F88-135F-BB3A-54B1BA31B898">
<createdBy>PC</createdBy>
<createdTime>2025-09-01 01:45:22 UTC</createdTime>
<ownerDesignName>S1_Exp3_Ignacio_Caceres</ownerDesignName>
<engineerTo>
<item key="53CD6102-65B3-6BCE-A8A0-C789C4E54FB8" value="true"/>
</engineerTo>
<useDomainConstraints>false</useDomainConstraints>
<use>1</use>
<logicalDatatype>LOGDT007</logicalDatatype>
<ownDataTypeParameters>,,</ownDataTypeParameters>
</Attribute>
<Attribute name="nombre residencia" id="0E1E6D86-6A05-DA1F-8D97-BCA211FD3E32">
<createdBy>PC</createdBy>
<createdTime>2025-09-01 01:46:12 UTC</createdTime>
<generatorID>844F2B51-0DD0-3241-E679-268959E49888</generatorID>
<ownerDesignName>S1_Exp3_Ignacio_Caceres</ownerDesignName>
<engineerTo>
<item key="53CD6102-65B3-6BCE-A8A0-C789C4E54FB8" value="true"/>
</engineerTo>
<referedAttribute>E8757D53-9000-65A2-1DAD-1D78F48F1127</referedAttribute>
<useDomainConstraints>false</useDomainConstraints>
<use>1</use>
<logicalDatatype>LOGDT024</logicalDatatype>
<dataTypeSize>50 CHAR</dataTypeSize>
<ownDataTypeParameters>,,</ownDataTypeParameters>
</Attribute>
</attributes>
<identifiers itemClass="oracle.dbtools.crest.model.design.logical.CandidateKey">
<identifier id="1B7619E0-6F61-09B0-EC7D-F663A623A051" name="PERSONAL PK">
<createdBy>PC</createdBy>
<createdTime>2025-09-01 01:44:51 UTC</createdTime>
<ownerDesignName>S1_Exp3_Ignacio_Caceres</ownerDesignName>
<shouldEngineer>false</shouldEngineer>
<engineerTo>
<item key="53CD6102-65B3-6BCE-A8A0-C789C4E54FB8" value="false"/>
</engineerTo>
<pk>true</pk>
<usedAttributes>
<attributeRef>587A5C15-90CF-9853-8826-26E494705FA0</attributeRef>
</usedAttributes>
</identifier>
</identifiers>
</Entity>