<?xml version = '1.0' encoding = 'UTF-8'?>
<Entity class="oracle.dbtools.crest.model.design.logical.Entity" directorySegmentName="seg_0" id="CB9B4A7F-7F57-B5EB-0A40-60601A6D6AFD" name="APODERADO">
<createdBy>PC</createdBy>
<createdTime>2025-09-01 02:18:43 UTC</createdTime>
<ownerDesignName>S1_Exp3_Ignacio_Caceres</ownerDesignName>
<engineerTo>
<item key="53CD6102-65B3-6BCE-A8A0-C789C4E54FB8" value="true"/>
</engineerTo>
<adequatelyNormalized>NO</adequatelyNormalized>
<expectedVolumes>0</expectedVolumes>
<fwdEngineeringStrategyName>Single Table</fwdEngineeringStrategyName>
<growthPercent>0</growthPercent>
<growthType>Year</growthType>
<maxVolumes>9999999</maxVolumes>
<minVolumes>0</minVolumes>
<normalForm>Third</normalForm>
<attributes itemClass="oracle.dbtools.crest.model.design.logical.Attribute">
<Attribute name="rut apoderado" id="73389D75-3D38-502D-A3F7-830D3C5698F1">
<createdBy>PC</createdBy>
<createdTime>2025-09-01 02:18:50 UTC</createdTime>
<ownerDesignName>S1_Exp3_Ignacio_Caceres</ownerDesignName>
<engineerTo>
<item key="53CD6102-65B3-6BCE-A8A0-C789C4E54FB8" value="true"/>
</engineerTo>
<useDomainConstraints>false</useDomainConstraints>
<use>1</use>
<logicalDatatype>LOGDT024</logicalDatatype>
<dataTypeSize>15 CHAR</dataTypeSize>
<ownDataTypeParameters>15 CHAR,,</ownDataTypeParameters>
</Attribute>
<Attribute name="nombre" id="800D0BB3-874D-0C34-C382-413704815F87">
<createdBy>PC</createdBy>
<createdTime>2025-09-01 02:19:11 UTC</createdTime>
<ownerDesignName>S1_Exp3_Ignacio_Caceres</ownerDesignName>
<engineerTo>
<item key="53CD6102-65B3-6BCE-A8A0-C789C4E54FB8" value="true"/>
</engineerTo>
<useDomainConstraints>false</useDomainConstraints>
<use>1</use>
<logicalDatatype>LOGDT024</logicalDatatype>
<dataTypeSize>50 CHAR</dataTypeSize>
<ownDataTypeParameters>50 CHAR,,</ownDataTypeParameters>
</Attribute>
<Attribute name="telefono" id="ACFCB24F-0510-B7FC-5D61-709C2F0858DE">
<createdBy>PC</createdBy>
<createdTime>2025-09-01 02:19:26 UTC</createdTime>
<ownerDesignName>S1_Exp3_Ignacio_Caceres</ownerDesignName>
<engineerTo>
<item key="53CD6102-65B3-6BCE-A8A0-C789C4E54FB8" value="true"/>
</engineerTo>
<useDomainConstraints>false</useDomainConstraints>
<use>1</use>
<logicalDatatype>LOGDT019</logicalDatatype>
<dataTypePrecision>12</dataTypePrecision>
<ownDataTypeParameters>,12,</ownDataTypeParameters>
</Attribute>
<Attribute name="email" id="CA8F5BAA-7B88-8513-1DBF-41CA2A8D9EDF">
<createdBy>PC</createdBy>
<createdTime>2025-09-01 02:20:21 UTC</createdTime>
<ownerDesignName>S1_Exp3_Ignacio_Caceres</ownerDesignName>
<engineerTo>
<item key="53CD6102-65B3-6BCE-A8A0-C789C4E54FB8" value="true"/>
</engineerTo>
<useDomainConstraints>false</useDomainConstraints>
<use>1</use>
<logicalDatatype>LOGDT024</logicalDatatype>
<dataTypeSize>50 CHAR</dataTypeSize>
<ownDataTypeParameters>50 CHAR,,</ownDataTypeParameters>
</Attribute>
<Attribute name="relacion parentesco" id="14C170B7-31B0-B603-36CF-51BCB471F09E">
<createdBy>PC</createdBy>
<createdTime>2025-09-01 02:21:00 UTC</createdTime>
<ownerDesignName>S1_Exp3_Ignacio_Caceres</ownerDesignName>
<engineerTo>
<item key="53CD6102-65B3-6BCE-A8A0-C789C4E54FB8" value="true"/>
</engineerTo>
<useDomainConstraints>false</useDomainConstraints>
<use>1</use>
<logicalDatatype>LOGDT024</logicalDatatype>
<dataTypeSize>20 CHAR</dataTypeSize>
<ownDataTypeParameters>20 CHAR,,</ownDataTypeParameters>
</Attribute>
</attributes>
<identifiers itemClass="oracle.dbtools.crest.model.design.logical.CandidateKey">
<identifier id="F508A30A-9156-6949-1299-2563ED5A4D85" name="APODERADO PK">
<createdBy>PC</createdBy>
<createdTime>2025-09-01 02:19:07 UTC</createdTime>
<ownerDesignName>S1_Exp3_Ignacio_Caceres</ownerDesignName>
<shouldEngineer>false</shouldEngineer>
<engineerTo>
<item key="53CD6102-65B3-6BCE-A8A0-C789C4E54FB8" value="false"/>
</engineerTo>
<pk>true</pk>
<usedAttributes>
<attributeRef>73389D75-3D38-502D-A3F7-830D3C5698F1</attributeRef>
</usedAttributes>
</identifier>
</identifiers>
</Entity>