<?xml version = '1.0' encoding = 'UTF-8'?>
<Entity class="oracle.dbtools.crest.model.design.logical.Entity" directorySegmentName="seg_0" id="DE751FDC-6B7D-B413-9DEB-8989CEA65CAC" name="ANEXO">
<createdBy>PC</createdBy>
<createdTime>2025-09-01 02:31:38 UTC</createdTime>
<ownerDesignName>S1_Exp3_Ignacio_Caceres</ownerDesignName>
<engineerTo>
<item key="53CD6102-65B3-6BCE-A8A0-C789C4E54FB8" value="true"/>
</engineerTo>
<adequatelyNormalized>NO</adequatelyNormalized>
<expectedVolumes>0</expectedVolumes>
<fwdEngineeringStrategyName>Single Table</fwdEngineeringStrategyName>
<growthPercent>0</growthPercent>
<growthType>Year</growthType>
<maxVolumes>9999999</maxVolumes>
<minVolumes>0</minVolumes>
<normalForm>Third</normalForm>
<attributes itemClass="oracle.dbtools.crest.model.design.logical.Attribute">
<Attribute name="numero anexo" id="715D9540-F20B-FC02-DBC7-2134ACF38829">
<createdBy>PC</createdBy>
<createdTime>2025-09-01 02:31:47 UTC</createdTime>
<ownerDesignName>S1_Exp3_Ignacio_Caceres</ownerDesignName>
<engineerTo>
<item key="53CD6102-65B3-6BCE-A8A0-C789C4E54FB8" value="true"/>
</engineerTo>
<useDomainConstraints>false</useDomainConstraints>
<use>1</use>
<logicalDatatype>LOGDT019</logicalDatatype>
<dataTypePrecision>5</dataTypePrecision>
<ownDataTypeParameters>,5,</ownDataTypeParameters>
</Attribute>
<Attribute name="numero contrato" id="9F651041-AD73-6487-786A-04BBA717C93D">
<createdBy>PC</createdBy>
<createdTime>2025-09-01 02:34:11 UTC</createdTime>
<generatorID>A826F494-4A79-1AEB-82F0-B0F20B4A3AAC</generatorID>
<ownerDesignName>S1_Exp3_Ignacio_Caceres</ownerDesignName>
<engineerTo>
<item key="53CD6102-65B3-6BCE-A8A0-C789C4E54FB8" value="true"/>
</engineerTo>
<referedAttribute>9F00F3F2-35B5-9D60-B8A0-136B3F46C582</referedAttribute>
<useDomainConstraints>false</useDomainConstraints>
<use>1</use>
<logicalDatatype>LOGDT019</logicalDatatype>
<dataTypePrecision>5</dataTypePrecision>
<ownDataTypeParameters>,,</ownDataTypeParameters>
</Attribute>
<Attribute name="rut residente" id="039F6D51-39DB-3136-619A-5453749610A4">
<createdBy>PC</createdBy>
<createdTime>2025-09-01 02:39:25 UTC</createdTime>
<generatorID>B18B6854-05A9-0FC5-4081-BC01F33E39FB</generatorID>
<ownerDesignName>S1_Exp3_Ignacio_Caceres</ownerDesignName>
<engineerTo>
<item key="53CD6102-65B3-6BCE-A8A0-C789C4E54FB8" value="true"/>
</engineerTo>
<referedAttribute>445D318E-FE42-D3DB-FF43-CAC44AA0F519</referedAttribute>
<useDomainConstraints>false</useDomainConstraints>
<use>1</use>
<logicalDatatype>LOGDT024</logicalDatatype>
<dataTypeSize>12 CHAR</dataTypeSize>
<ownDataTypeParameters>,,</ownDataTypeParameters>
</Attribute>
<Attribute name="fecha inicio" id="2EBC1DAF-DF17-C0E7-D3A7-5FFF30E95406">
<createdBy>PC</createdBy>
<createdTime>2025-09-01 02:32:02 UTC</createdTime>
<ownerDesignName>S1_Exp3_Ignacio_Caceres</ownerDesignName>
<engineerTo>
<item key="53CD6102-65B3-6BCE-A8A0-C789C4E54FB8" value="true"/>
</engineerTo>
<useDomainConstraints>false</useDomainConstraints>
<use>1</use>
<logicalDatatype>LOGDT007</logicalDatatype>
<ownDataTypeParameters>,,</ownDataTypeParameters>
</Attribute>
<Attribute name="fecha termino" id="30AF0FED-A97A-FD0F-5975-7902D3727E05">
<createdBy>PC</createdBy>
<createdTime>2025-09-01 02:32:18 UTC</createdTime>
<ownerDesignName>S1_Exp3_Ignacio_Caceres</ownerDesignName>
<engineerTo>
<item key="53CD6102-65B3-6BCE-A8A0-C789C4E54FB8" value="true"/>
</engineerTo>
<useDomainConstraints>false</useDomainConstraints>
<use>1</use>
<logicalDatatype>LOGDT007</logicalDatatype>
<ownDataTypeParameters>,,</ownDataTypeParameters>
</Attribute>
<Attribute name="observaciones" id="E9B05200-CAD3-5B2B-7D95-ACF0FFD9B434">
<createdBy>PC</createdBy>
<createdTime>2025-09-01 02:32:49 UTC</createdTime>
<ownerDesignName>S1_Exp3_Ignacio_Caceres</ownerDesignName>
<engineerTo>
<item key="53CD6102-65B3-6BCE-A8A0-C789C4E54FB8" value="true"/>
</engineerTo>
<nullsAllowed>true</nullsAllowed>
<useDomainConstraints>false</useDomainConstraints>
<use>1</use>
<logicalDatatype>LOGDT024</logicalDatatype>
<dataTypeSize>1000</dataTypeSize>
<ownDataTypeParameters>1000,,</ownDataTypeParameters>
</Attribute>
<Attribute name="vigente" id="0209A069-15C3-9E58-5B11-4468F5911307">
<createdBy>PC</createdBy>
<createdTime>2025-09-01 02:33:09 UTC</createdTime>
<ownerDesignName>S1_Exp3_Ignacio_Caceres</ownerDesignName>
<engineerTo>
<item key="53CD6102-65B3-6BCE-A8A0-C789C4E54FB8" value="true"/>
</engineerTo>
<useDomainConstraints>false</useDomainConstraints>
<use>1</use>
<logicalDatatype>LOGDT024</logicalDatatype>
<dataTypeSize>20</dataTypeSize>
<ownDataTypeParameters>20,,</ownDataTypeParameters>
</Attribute>
</attributes>
<identifiers itemClass="oracle.dbtools.crest.model.design.logical.CandidateKey">
<identifier id="2B46E682-D24E-4B83-432C-EE074B048A69" name="ANEXO PK">
<createdBy>PC</createdBy>
<createdTime>2025-09-01 02:32:00 UTC</createdTime>
<ownerDesignName>S1_Exp3_Ignacio_Caceres</ownerDesignName>
<shouldEngineer>false</shouldEngineer>
<engineerTo>
<item key="53CD6102-65B3-6BCE-A8A0-C789C4E54FB8" value="false"/>
</engineerTo>
<pk>true</pk>
<usedAttributes>
<attributeRef>715D9540-F20B-FC02-DBC7-2134ACF38829</attributeRef>
</usedAttributes>
</identifier>
</identifiers>
</Entity>