<?xml version = '1.0' encoding = 'UTF-8'?>
<Entity class="oracle.dbtools.crest.model.design.logical.Entity" directorySegmentName="seg_0" id="EE244C03-4145-238F-6547-5C5568142AB8" name="CUIDADOR">
<createdBy>PC</createdBy>
<createdTime>2025-09-01 03:05:18 UTC</createdTime>
<ownerDesignName>S1_Exp3_Ignacio_Caceres</ownerDesignName>
<engineerTo>
<item key="53CD6102-65B3-6BCE-A8A0-C789C4E54FB8" value="true"/>
</engineerTo>
<adequatelyNormalized>NO</adequatelyNormalized>
<expectedVolumes>0</expectedVolumes>
<fwdEngineeringStrategyName>Single Table</fwdEngineeringStrategyName>
<growthPercent>0</growthPercent>
<growthType>Year</growthType>
<hierarchicalParent>A94B2A66-FA0B-8520-CA0B-5B01A26D8A43</hierarchicalParent>
<maxVolumes>9999999</maxVolumes>
<minVolumes>0</minVolumes>
<normalForm>Third</normalForm>
<attributes itemClass="oracle.dbtools.crest.model.design.logical.Attribute">
<Attribute name="rut" id="0F5DA2DF-CCBE-3ACA-ADEA-4D197B1DAD1E">
<createdBy>PC</createdBy>
<createdTime>2025-09-01 03:05:42 UTC</createdTime>
<generatorID>EABC17EA-1F13-C3D3-6E68-F5B7D39F87E5</generatorID>
<ownerDesignName>S1_Exp3_Ignacio_Caceres</ownerDesignName>
<engineerTo>
<item key="53CD6102-65B3-6BCE-A8A0-C789C4E54FB8" value="true"/>
</engineerTo>
<referedAttribute>587A5C15-90CF-9853-8826-26E494705FA0</referedAttribute>
<useDomainConstraints>false</useDomainConstraints>
<use>1</use>
<logicalDatatype>LOGDT019</logicalDatatype>
<dataTypePrecision>12</dataTypePrecision>
<ownDataTypeParameters>,,</ownDataTypeParameters>
</Attribute>
</attributes>
<identifiers itemClass="oracle.dbtools.crest.model.design.logical.CandidateKey">
<identifier id="540D3C5D-6573-7278-9C92-91826A1409C0" name="CUIDADOR PK">
<createdBy>PC</createdBy>
<createdTime>2025-09-01 03:05:42 UTC</createdTime>
<ownerDesignName>S1_Exp3_Ignacio_Caceres</ownerDesignName>
<engineerTo>
<item key="53CD6102-65B3-6BCE-A8A0-C789C4E54FB8" value="true"/>
</engineerTo>
<pk>true</pk>
<usedAttributes>
<attributeRef>0F5DA2DF-CCBE-3ACA-ADEA-4D197B1DAD1E</attributeRef>
</usedAttributes>
</identifier>
</identifiers>
</Entity>