<?xml version = '1.0' encoding = 'UTF-8'?>
<Diagram class="oracle.dbtools.crest.swingui.logical.DPVLogical" name="Logical" id="F8A54104-8654-A965-5D87-88DE3220DE59">
<createdBy>PC</createdBy>
<modifiedBy>PC</modifiedBy>
<createdTime>2025-08-25 01:59:03 UTC</createdTime>
<autoRoute>false</autoRoute>
<boxInbox>true</boxInbox>
<showLegend>false</showLegend>
<showLabels>false</showLabels>
<showRelAttributes>false</showRelAttributes>
<gridEnabled>false</gridEnabled>
<showGrid>false</showGrid>
<diagramColor>-1</diagramColor>
<display>false</display>
<notation>0</notation>
<objectViews>
<OView class="oracle.dbtools.crest.swingui.logical.TVEntity" oid="1276A41B-26D6-36EC-1952-96C79924D52C" otype="Entity" vid="D2B9F85C-A613-DDC5-1A02-4EE3119E435C">
<hideElementsInCurrentOnly>false</hideElementsInCurrentOnly>
<bounds x="17" y="540" width="175" height="80"/>
</OView>
<OView class="oracle.dbtools.crest.swingui.logical.TVEntity" oid="3675163F-97CE-FE58-98A2-8C55E85FE8ED" otype="Entity" vid="537CB6E5-49A2-4FD4-B017-00C4876AB704">
<hideElementsInCurrentOnly>false</hideElementsInCurrentOnly>
<bounds x="604" y="156" width="203" height="161"/>
</OView>
<OView class="oracle.dbtools.crest.swingui.logical.TVEntity" oid="4F0422E4-17B6-E58D-2607-3E33C7244630" otype="Entity" vid="467E43EF-1AF1-1001-1437-01598B44DD3B">
<hideElementsInCurrentOnly>false</hideElementsInCurrentOnly>
<bounds x="923" y="221" width="214" height="145"/>
</OView>
<OView class="oracle.dbtools.crest.swingui.logical.TVEntity" oid="6915074A-8D59-615B-8F9F-8A54B584F801" otype="Entity" vid="8036019A-A72F-DDBA-33A1-02526907F35E">
<hideElementsInCurrentOnly>false</hideElementsInCurrentOnly>
<bounds x="910" y="482" width="170" height="123"/>
</OView>
<OView class="oracle.dbtools.crest.swingui.logical.TVEntity" oid="825AB069-F6D8-F444-B6C0-7BA0AC3B12F7" otype="Entity" vid="981B73A4-D133-7F0B-2638-ADC4E42117C8">
<hideElementsInCurrentOnly>false</hideElementsInCurrentOnly>
<bounds x="925" y="43" width="170" height="110"/>
</OView>
<OView class="oracle.dbtools.crest.swingui.logical.TVEntity" oid="B9E274F6-DC93-8D14-005F-83788AAF02BD" otype="Entity" vid="F84D75F7-D01C-82DF-30F5-B1690C47DF94">
<hideElementsInCurrentOnly>false</hideElementsInCurrentOnly>
<bounds x="294" y="541" width="176" height="88"/>
</OView>
<OView class="oracle.dbtools.crest.swingui.logical.TVEntity" oid="EBAA2BAA-11FB-77F2-3D28-8A0E1A7B210A" otype="Entity" vid="69DE9EC6-4492-076A-85F3-468E1CDAC455">
<hideElementsInCurrentOnly>false</hideElementsInCurrentOnly>
<bounds x="101" y="81" width="249" height="247"/>
</OView>
<OView class="oracle.dbtools.crest.swingui.logical.TVEntity" oid="FBB0A30F-F45E-C514-514D-CEA8CA6900B2" otype="Entity" vid="D52B21CA-6320-2A30-29C5-BEBBCEBFA567">
<hideElementsInCurrentOnly>false</hideElementsInCurrentOnly>
<bounds x="598" y="467" width="195" height="143"/>
</OView>
</objectViews>
<connectors>
<Connector class="oracle.dbtools.crest.swingui.logical.TVRelation" oid="321DD395-CA59-F5E0-FF48-FC33861266F7" otype="Relation" vid_source="69DE9EC6-4492-076A-85F3-468E1CDAC455" vid_target="F84D75F7-D01C-82DF-30F5-B1690C47DF94">
<hideElementsInCurrentOnly>false</hideElementsInCurrentOnly>
<backgroundColor>-16777216</backgroundColor>
<lineWidth>1</lineWidth>
<points>
<point x="322" y="328"/>
<point x="322" y="541"/>
</points>
</Connector>
<Connector class="oracle.dbtools.crest.swingui.logical.TVRelation" oid="6C09A099-4479-25AA-34D1-92294711293F" otype="Relation" vid_source="467E43EF-1AF1-1001-1437-01598B44DD3B" vid_target="D52B21CA-6320-2A30-29C5-BEBBCEBFA567">
<hideElementsInCurrentOnly>false</hideElementsInCurrentOnly>
<backgroundColor>-16777216</backgroundColor>
<lineWidth>1</lineWidth>
<points>
<point x="931" y="366"/>
<point x="793" y="467"/>
</points>
</Connector>
<Connector class="oracle.dbtools.crest.swingui.logical.TVRelation" oid="6F30E81D-F639-DE1F-0BCC-281A56F617FC" otype="Relation" vid_source="537CB6E5-49A2-4FD4-B017-00C4876AB704" vid_target="8036019A-A72F-DDBA-33A1-02526907F35E">
<hideElementsInCurrentOnly>false</hideElementsInCurrentOnly>
<backgroundColor>-16777216</backgroundColor>
<lineWidth>1</lineWidth>
<points>
<point x="781" y="317"/>
<point x="937" y="482"/>
</points>
</Connector>
<Connector class="oracle.dbtools.crest.swingui.logical.TVRelation" oid="7CE86336-0129-D09A-113E-4DE687BC6E72" otype="Relation" vid_source="537CB6E5-49A2-4FD4-B017-00C4876AB704" vid_target="D52B21CA-6320-2A30-29C5-BEBBCEBFA567">
<hideElementsInCurrentOnly>false</hideElementsInCurrentOnly>
<backgroundColor>-16777216</backgroundColor>
<lineWidth>1</lineWidth>
<points>
<point x="698" y="317"/>
<point x="698" y="467"/>
</points>
</Connector>
<Connector class="oracle.dbtools.crest.swingui.logical.TVRelation" oid="A20CC685-1284-1B84-DD23-1562FE052992" otype="Relation" vid_source="69DE9EC6-4492-076A-85F3-468E1CDAC455" vid_target="D2B9F85C-A613-DDC5-1A02-4EE3119E435C">
<hideElementsInCurrentOnly>false</hideElementsInCurrentOnly>
<backgroundColor>-16777216</backgroundColor>
<lineWidth>1</lineWidth>
<points>
<point x="131" y="328"/>
<point x="131" y="540"/>
</points>
</Connector>
<Connector class="oracle.dbtools.crest.swingui.logical.TVRelation" oid="AD4B23A0-5A2D-91E3-33FE-F6823E6002B5" otype="Relation" vid_source="69DE9EC6-4492-076A-85F3-468E1CDAC455" vid_target="D52B21CA-6320-2A30-29C5-BEBBCEBFA567">
<hideElementsInCurrentOnly>false</hideElementsInCurrentOnly>
<backgroundColor>-16777216</backgroundColor>
<lineWidth>1</lineWidth>
<points>
<point x="350" y="292"/>
<point x="598" y="469"/>
</points>
</Connector>
<Connector class="oracle.dbtools.crest.swingui.logical.TVRelation" oid="FC03498F-A91C-23CC-5914-7D775FF6AFEF" otype="Relation" vid_source="981B73A4-D133-7F0B-2638-ADC4E42117C8" vid_target="467E43EF-1AF1-1001-1437-01598B44DD3B">
<hideElementsInCurrentOnly>false</hideElementsInCurrentOnly>
<backgroundColor>-16777216</backgroundColor>
<lineWidth>1</lineWidth>
<points>
<point x="1010" y="153"/>
<point x="1010" y="221"/>
</points>
</Connector>
</connectors>
</Diagram>