<?xml version = '1.0' encoding = 'UTF-8'?>
<Diagram class="oracle.dbtools.crest.swingui.logical.DPVLogical" name="Logical" id="3A0764B4-C222-9F90-7713-90ED0FB90031">
<createdBy>PC</createdBy>
<modifiedBy>PC</modifiedBy>
<createdTime>2025-09-13 22:24:06 UTC</createdTime>
<autoRoute>false</autoRoute>
<boxInbox>true</boxInbox>
<showLegend>false</showLegend>
<showLabels>false</showLabels>
<showRelAttributes>false</showRelAttributes>
<gridEnabled>false</gridEnabled>
<showGrid>false</showGrid>
<diagramColor>-1</diagramColor>
<display>false</display>
<notation>1</notation>
<objectViews>
<OView class="oracle.dbtools.crest.swingui.logical.TVEntity" oid="01FC9740-539E-15EE-5D75-609948073116" otype="Entity" vid="76315265-ED21-4DF0-F004-4B9954892AA8">
<hideElementsInCurrentOnly>false</hideElementsInCurrentOnly>
<bounds x="111" y="287" width="313" height="175"/>
</OView>
<OView class="oracle.dbtools.crest.swingui.logical.TVEntity" oid="0FF2B0CB-02BA-1141-B927-D062B1A0D081" otype="Entity" vid="71791D73-D947-8B21-F959-6CBD87E6363A">
<hideElementsInCurrentOnly>false</hideElementsInCurrentOnly>
<bounds x="494" y="701" width="170" height="110"/>
</OView>
<OView class="oracle.dbtools.crest.swingui.logical.TVEntity" oid="31C19981-0A5C-C290-257B-FCF1221382C4" otype="Entity" vid="0F0FEFA8-3D22-4708-108D-319468776358">
<hideElementsInCurrentOnly>false</hideElementsInCurrentOnly>
<bounds x="240" y="355" width="174" height="39"/>
</OView>
<OView class="oracle.dbtools.crest.swingui.logical.TVEntity" oid="53CC6A41-3DB4-76BF-0F97-73C4C8813B3E" otype="Entity" vid="E792199E-87D1-C53E-E9FB-5BDBD3DEB69E">
<hideElementsInCurrentOnly>false</hideElementsInCurrentOnly>
<bounds x="1056" y="673" width="170" height="110"/>
</OView>
<OView class="oracle.dbtools.crest.swingui.logical.TVEntity" oid="7A8B2925-4AED-559D-BAF8-A27DBBF340B9" otype="Entity" vid="EFE57AB2-C9D7-1CC0-5803-789355C7A56A">
<hideElementsInCurrentOnly>false</hideElementsInCurrentOnly>
<bounds x="585" y="144" width="170" height="83"/>
</OView>
<OView class="oracle.dbtools.crest.swingui.logical.TVEntity" oid="84D1964A-42FD-CA6D-14EB-553781B919E2" otype="Entity" vid="B08BBF9E-FBF6-7B2B-AE60-995903772F2F">
<hideElementsInCurrentOnly>false</hideElementsInCurrentOnly>
<bounds x="234" y="402" width="180" height="36"/>
</OView>
<OView class="oracle.dbtools.crest.swingui.logical.TVEntity" oid="880089A6-2CA9-3369-F486-CD52F914D43F" otype="Entity" vid="D524A4D4-A2C9-6950-BABD-399D3A36982A">
<hideElementsInCurrentOnly>false</hideElementsInCurrentOnly>
<bounds x="749" y="328" width="125" height="132"/>
</OView>
<OView class="oracle.dbtools.crest.swingui.logical.TVEntity" oid="89B0DCD3-9FA2-4884-5D4B-9A14A197B6BA" otype="Entity" vid="EA2DB2EC-69EC-6381-B868-70531360F40B">
<hideElementsInCurrentOnly>false</hideElementsInCurrentOnly>
<bounds x="244" y="311" width="170" height="40"/>
</OView>
<OView class="oracle.dbtools.crest.swingui.logical.TVEntity" oid="C7B16CC3-9F0E-31EC-FE8E-17122460DAA9" otype="Entity" vid="1B5CB473-4527-CC31-D7AA-FE1A9F851E9E">
<hideElementsInCurrentOnly>false</hideElementsInCurrentOnly>
<bounds x="493" y="324" width="170" height="110"/>
</OView>
<OView class="oracle.dbtools.crest.swingui.logical.TVEntity" oid="D98FDD13-69B7-1BE2-E3C7-F98E08661BC9" otype="Entity" vid="5EDA4A48-7173-A070-2216-B24098599876">
<hideElementsInCurrentOnly>false</hideElementsInCurrentOnly>
<bounds x="1011" y="87" width="170" height="110"/>
</OView>
<OView class="oracle.dbtools.crest.swingui.logical.TVEntity" oid="E1DE09EE-DBCD-46E1-3DE4-4D3421B05C7C" otype="Entity" vid="BBDC788F-D92E-B325-58CE-CDBAC7B07025">
<hideElementsInCurrentOnly>false</hideElementsInCurrentOnly>
<bounds x="1019" y="346" width="170" height="110"/>
</OView>
<OView class="oracle.dbtools.crest.swingui.logical.TVEntity" oid="EA9F11DC-C9C2-3C1F-91A3-B2634528FC9D" otype="Entity" vid="A5E6B471-6D7C-029C-18BA-D65FE1598F6A">
<hideElementsInCurrentOnly>false</hideElementsInCurrentOnly>
<bounds x="173" y="121" width="170" height="57"/>
</OView>
</objectViews>
<connectors>
<Connector class="oracle.dbtools.crest.swingui.logical.TVInheritanceRelation" oid="25DEADE2-2F60-E939-81F9-FFA3FE11325A" otype="Hierarchy relation" vid_source="76315265-ED21-4DF0-F004-4B9954892AA8" vid_target="0F0FEFA8-3D22-4708-108D-319468776358">
<hideElementsInCurrentOnly>false</hideElementsInCurrentOnly>
<backgroundColor>-65536</backgroundColor>
<lineWidth>1</lineWidth>
</Connector>
<Connector class="oracle.dbtools.crest.swingui.logical.TVRelation" oid="3CBBD06D-B990-A85D-7805-085E4D0BC824" otype="Relation" vid_source="BBDC788F-D92E-B325-58CE-CDBAC7B07025" vid_target="D524A4D4-A2C9-6950-BABD-399D3A36982A">
<hideElementsInCurrentOnly>false</hideElementsInCurrentOnly>
<backgroundColor>-16777216</backgroundColor>
<lineWidth>1</lineWidth>
<points>
<point x="1019" y="401"/>
<point x="874" y="401"/>
</points>
</Connector>
<Connector class="oracle.dbtools.crest.swingui.logical.TVRelation" oid="554EDC65-3E15-1985-6A62-07055833BC46" otype="Relation" vid_source="E792199E-87D1-C53E-E9FB-5BDBD3DEB69E" vid_target="D524A4D4-A2C9-6950-BABD-399D3A36982A">
<hideElementsInCurrentOnly>false</hideElementsInCurrentOnly>
<backgroundColor>-16777216</backgroundColor>
<lineWidth>1</lineWidth>
<points>
<point x="1086" y="673"/>
<point x="874" y="457"/>
</points>
</Connector>
<Connector class="oracle.dbtools.crest.swingui.logical.TVInheritanceRelation" oid="87DE8529-FFC0-7EB4-76DE-8D4C61B0D787" otype="Hierarchy relation" vid_source="76315265-ED21-4DF0-F004-4B9954892AA8" vid_target="EA2DB2EC-69EC-6381-B868-70531360F40B">
<hideElementsInCurrentOnly>false</hideElementsInCurrentOnly>
<backgroundColor>-65536</backgroundColor>
<lineWidth>1</lineWidth>
</Connector>
<Connector class="oracle.dbtools.crest.swingui.logical.TVRelation" oid="A3F07829-1403-3F3F-1C89-D6AFB82C3DC4" otype="Relation" vid_source="76315265-ED21-4DF0-F004-4B9954892AA8" vid_target="1B5CB473-4527-CC31-D7AA-FE1A9F851E9E">
<hideElementsInCurrentOnly>false</hideElementsInCurrentOnly>
<backgroundColor>-16777216</backgroundColor>
<lineWidth>1</lineWidth>
<points>
<point x="424" y="379"/>
<point x="493" y="379"/>
</points>
</Connector>
<Connector class="oracle.dbtools.crest.swingui.logical.TVRelation" oid="B8FA951E-5A51-2A43-F4D0-BC8DA334A183" otype="Relation" vid_source="D524A4D4-A2C9-6950-BABD-399D3A36982A" vid_target="1B5CB473-4527-CC31-D7AA-FE1A9F851E9E">
<hideElementsInCurrentOnly>false</hideElementsInCurrentOnly>
<backgroundColor>-16777216</backgroundColor>
<lineWidth>1</lineWidth>
<points>
<point x="749" y="381"/>
<point x="663" y="381"/>
</points>
</Connector>
<Connector class="oracle.dbtools.crest.swingui.logical.TVRelation" oid="BDBD2D3A-C4B6-232C-CB05-25E2D5544D62" otype="Relation" vid_source="1B5CB473-4527-CC31-D7AA-FE1A9F851E9E" vid_target="71791D73-D947-8B21-F959-6CBD87E6363A">
<hideElementsInCurrentOnly>false</hideElementsInCurrentOnly>
<backgroundColor>-16777216</backgroundColor>
<lineWidth>1</lineWidth>
<points>
<point x="578" y="434"/>
<point x="578" y="701"/>
</points>
</Connector>
<Connector class="oracle.dbtools.crest.swingui.logical.TVRelation" oid="C13A4F12-8909-043D-5963-4E3068193917" otype="Relation" vid_source="5EDA4A48-7173-A070-2216-B24098599876" vid_target="D524A4D4-A2C9-6950-BABD-399D3A36982A">
<hideElementsInCurrentOnly>false</hideElementsInCurrentOnly>
<backgroundColor>-16777216</backgroundColor>
<lineWidth>1</lineWidth>
<points>
<point x="1033" y="197"/>
<point x="874" y="338"/>
</points>
</Connector>
<Connector class="oracle.dbtools.crest.swingui.logical.TVRelation" oid="C49B1EA8-13BB-146C-DC3A-52BAA62A61E7" otype="Relation" vid_source="D524A4D4-A2C9-6950-BABD-399D3A36982A" vid_target="D524A4D4-A2C9-6950-BABD-399D3A36982A">
<hideElementsInCurrentOnly>false</hideElementsInCurrentOnly>
<backgroundColor>-16777216</backgroundColor>
<lineWidth>1</lineWidth>
<points>
<point x="874" y="405"/>
<point x="899" y="405"/>
<point x="899" y="485"/>
<point x="822" y="485"/>
<point x="822" y="460"/>
</points>
</Connector>
<Connector class="oracle.dbtools.crest.swingui.logical.TVRelation" oid="CD0CB01C-5C1C-E83E-EE6D-9AC7B2D154DA" otype="Relation" vid_source="EFE57AB2-C9D7-1CC0-5803-789355C7A56A" vid_target="A5E6B471-6D7C-029C-18BA-D65FE1598F6A">
<hideElementsInCurrentOnly>false</hideElementsInCurrentOnly>
<backgroundColor>-16777216</backgroundColor>
<lineWidth>1</lineWidth>
<points>
<point x="585" y="161"/>
<point x="343" y="161"/>
</points>
</Connector>
<Connector class="oracle.dbtools.crest.swingui.logical.TVRelation" oid="EDACBA4D-F884-3C1A-758E-8BBE8CF0C134" otype="Relation" vid_source="A5E6B471-6D7C-029C-18BA-D65FE1598F6A" vid_target="76315265-ED21-4DF0-F004-4B9954892AA8">
<hideElementsInCurrentOnly>false</hideElementsInCurrentOnly>
<backgroundColor>-16777216</backgroundColor>
<lineWidth>1</lineWidth>
<points>
<point x="258" y="178"/>
<point x="258" y="287"/>
</points>
</Connector>
<Connector class="oracle.dbtools.crest.swingui.logical.TVInheritanceRelation" oid="FD260258-4A16-F621-5985-80CD2E5325EA" otype="Hierarchy relation" vid_source="76315265-ED21-4DF0-F004-4B9954892AA8" vid_target="B08BBF9E-FBF6-7B2B-AE60-995903772F2F">
<hideElementsInCurrentOnly>false</hideElementsInCurrentOnly>
<backgroundColor>-65536</backgroundColor>
<lineWidth>1</lineWidth>
</Connector>
</connectors>
</Diagram>