<?xml version = '1.0' encoding = 'UTF-8'?>
<Entity class="oracle.dbtools.crest.model.design.logical.Entity" directorySegmentName="seg_0" id="2C29005A-F23D-293C-F247-0A86B2588A11" name="PROFESION">
<createdBy>PC</createdBy>
<createdTime>2025-09-08 02:53:40 UTC</createdTime>
<ownerDesignName>Tarea N4</ownerDesignName>
<engineerTo>
<item key="1CD3B095-5F88-511B-57FF-183068D72B6E" value="true"/>
</engineerTo>
<adequatelyNormalized>NO</adequatelyNormalized>
<expectedVolumes>0</expectedVolumes>
<fwdEngineeringStrategyName>Single Table</fwdEngineeringStrategyName>
<growthPercent>0</growthPercent>
<growthType>Year</growthType>
<maxVolumes>9999999</maxVolumes>
<minVolumes>0</minVolumes>
<normalForm>Third</normalForm>
<attributes itemClass="oracle.dbtools.crest.model.design.logical.Attribute">
<Attribute name="profesion_id" id="960F4CF9-76C6-6731-8A11-E413AD7BD0CD">
<createdBy>PC</createdBy>
<createdTime>2025-09-08 02:53:49 UTC</createdTime>
<ownerDesignName>Tarea N4</ownerDesignName>
<engineerTo>
<item key="1CD3B095-5F88-511B-57FF-183068D72B6E" value="true"/>
</engineerTo>
<useDomainConstraints>false</useDomainConstraints>
<use>1</use>
<logicalDatatype>LOGDT019</logicalDatatype>
<dataTypePrecision>3</dataTypePrecision>
<ownDataTypeParameters>,3,</ownDataTypeParameters>
</Attribute>
<Attribute name="nombre_profesion" id="FF59F089-A1A9-FC06-4BCD-283915693D96">
<createdBy>PC</createdBy>
<createdTime>2025-09-08 02:54:14 UTC</createdTime>
<ownerDesignName>Tarea N4</ownerDesignName>
<engineerTo>
<item key="1CD3B095-5F88-511B-57FF-183068D72B6E" value="true"/>
</engineerTo>
<useDomainConstraints>false</useDomainConstraints>
<use>1</use>
<logicalDatatype>LOGDT024</logicalDatatype>
<dataTypeSize>200</dataTypeSize>
<ownDataTypeParameters>200,,</ownDataTypeParameters>
</Attribute>
<Attribute name="especialidad" id="C72EB24E-B62F-345D-EC2D-F560EDE7E420">
<createdBy>PC</createdBy>
<createdTime>2025-09-08 02:54:28 UTC</createdTime>
<ownerDesignName>Tarea N4</ownerDesignName>
<engineerTo>
<item key="1CD3B095-5F88-511B-57FF-183068D72B6E" value="true"/>
</engineerTo>
<useDomainConstraints>false</useDomainConstraints>
<use>1</use>
<logicalDatatype>LOGDT024</logicalDatatype>
<dataTypeSize>200</dataTypeSize>
<ownDataTypeParameters>200,,</ownDataTypeParameters>
</Attribute>
</attributes>
<identifiers itemClass="oracle.dbtools.crest.model.design.logical.CandidateKey">
<identifier id="057902A3-714C-FCAC-45A9-A59F7014B39C" name="PROFESION PK">
<createdBy>PC</createdBy>
<createdTime>2025-09-08 02:54:02 UTC</createdTime>
<ownerDesignName>Tarea N4</ownerDesignName>
<engineerTo>
<item key="1CD3B095-5F88-511B-57FF-183068D72B6E" value="true"/>
</engineerTo>
<pk>true</pk>
<usedAttributes>
<attributeRef>960F4CF9-76C6-6731-8A11-E413AD7BD0CD</attributeRef>
</usedAttributes>
</identifier>
</identifiers>
</Entity>