<?xml version = '1.0' encoding = 'UTF-8'?>
<Entity class="oracle.dbtools.crest.model.design.logical.Entity" directorySegmentName="seg_0" id="32EE85A9-BF9C-DA5C-26D2-C99E9D468966" name="POSTULANTE">
<createdBy>PC</createdBy>
<createdTime>2025-09-08 01:51:15 UTC</createdTime>
<ownerDesignName>Tarea N4</ownerDesignName>
<engineerTo>
<item key="1CD3B095-5F88-511B-57FF-183068D72B6E" value="true"/>
</engineerTo>
<adequatelyNormalized>NO</adequatelyNormalized>
<expectedVolumes>0</expectedVolumes>
<fwdEngineeringStrategyName>Single Table</fwdEngineeringStrategyName>
<growthPercent>0</growthPercent>
<growthType>Year</growthType>
<maxVolumes>9999999</maxVolumes>
<minVolumes>0</minVolumes>
<normalForm>Third</normalForm>
<attributes itemClass="oracle.dbtools.crest.model.design.logical.Attribute">
<Attribute name="num_folio" id="6AEA5828-F3DB-F029-8A39-1BE52D6BDE8A">
<createdBy>PC</createdBy>
<createdTime>2025-09-08 01:51:33 UTC</createdTime>
<ownerDesignName>Tarea N4</ownerDesignName>
<engineerTo>
<item key="1CD3B095-5F88-511B-57FF-183068D72B6E" value="true"/>
</engineerTo>
<useDomainConstraints>false</useDomainConstraints>
<use>1</use>
<logicalDatatype>LOGDT019</logicalDatatype>
<dataTypePrecision>4</dataTypePrecision>
<ownDataTypeParameters>,4,</ownDataTypeParameters>
</Attribute>
<Attribute name="nombres" id="955EC937-C1CD-A53A-2E3F-7E378C9E205B">
<createdBy>PC</createdBy>
<createdTime>2025-09-08 01:51:58 UTC</createdTime>
<ownerDesignName>Tarea N4</ownerDesignName>
<engineerTo>
<item key="1CD3B095-5F88-511B-57FF-183068D72B6E" value="true"/>
</engineerTo>
<useDomainConstraints>false</useDomainConstraints>
<use>1</use>
<logicalDatatype>LOGDT024</logicalDatatype>
<dataTypeSize>30</dataTypeSize>
<ownDataTypeParameters>30,,</ownDataTypeParameters>
</Attribute>
<Attribute name="apellido_paterno" id="1415F527-1ED6-BC99-D21A-35612CF59693">
<createdBy>PC</createdBy>
<createdTime>2025-09-08 01:52:19 UTC</createdTime>
<ownerDesignName>Tarea N4</ownerDesignName>
<engineerTo>
<item key="1CD3B095-5F88-511B-57FF-183068D72B6E" value="true"/>
</engineerTo>
<useDomainConstraints>false</useDomainConstraints>
<use>1</use>
<logicalDatatype>LOGDT024</logicalDatatype>
<dataTypeSize>20</dataTypeSize>
<ownDataTypeParameters>20,,</ownDataTypeParameters>
</Attribute>
<Attribute name="apellido_materno" id="E6FEAFD9-53B0-6272-10CB-73A37DB51B1E">
<createdBy>PC</createdBy>
<createdTime>2025-09-08 01:52:34 UTC</createdTime>
<ownerDesignName>Tarea N4</ownerDesignName>
<engineerTo>
<item key="1CD3B095-5F88-511B-57FF-183068D72B6E" value="true"/>
</engineerTo>
<nullsAllowed>true</nullsAllowed>
<useDomainConstraints>false</useDomainConstraints>
<use>1</use>
<logicalDatatype>LOGDT024</logicalDatatype>
<dataTypeSize>20</dataTypeSize>
<ownDataTypeParameters>20,,</ownDataTypeParameters>
</Attribute>
<Attribute name="fecha_nacimiento" id="9FD6E2D8-855A-6324-B7B7-A5EAD4E479D1">
<createdBy>PC</createdBy>
<createdTime>2025-09-08 02:49:28 UTC</createdTime>
<ownerDesignName>Tarea N4</ownerDesignName>
<engineerTo>
<item key="1CD3B095-5F88-511B-57FF-183068D72B6E" value="true"/>
</engineerTo>
<useDomainConstraints>false</useDomainConstraints>
<use>1</use>
<logicalDatatype>LOGDT007</logicalDatatype>
<ownDataTypeParameters>,,</ownDataTypeParameters>
</Attribute>
<Attribute name="genero" id="F558ED5F-CAC4-D97B-7395-27239B0F33F7">
<createdBy>PC</createdBy>
<createdTime>2025-09-08 02:49:43 UTC</createdTime>
<ownerDesignName>Tarea N4</ownerDesignName>
<engineerTo>
<item key="1CD3B095-5F88-511B-57FF-183068D72B6E" value="true"/>
</engineerTo>
<useDomainConstraints>false</useDomainConstraints>
<use>1</use>
<logicalDatatype>LOGDT024</logicalDatatype>
<dataTypeSize>20</dataTypeSize>
<ownDataTypeParameters>20,,</ownDataTypeParameters>
</Attribute>
<Attribute name="email" id="0B64D637-A9B2-B56A-D3E1-26A6FBAB11D0">
<createdBy>PC</createdBy>
<createdTime>2025-09-08 02:50:09 UTC</createdTime>
<ownerDesignName>Tarea N4</ownerDesignName>
<engineerTo>
<item key="1CD3B095-5F88-511B-57FF-183068D72B6E" value="true"/>
</engineerTo>
<useDomainConstraints>false</useDomainConstraints>
<use>1</use>
<logicalDatatype>LOGDT024</logicalDatatype>
<dataTypeSize>50</dataTypeSize>
<ownDataTypeParameters>50,,</ownDataTypeParameters>
</Attribute>
<Attribute name="pagina_web" id="4FD2C35B-7E76-3313-04AC-6112E737AFD5">
<createdBy>PC</createdBy>
<createdTime>2025-09-08 02:00:17 UTC</createdTime>
<ownerDesignName>Tarea N4</ownerDesignName>
<engineerTo>
<item key="1CD3B095-5F88-511B-57FF-183068D72B6E" value="true"/>
</engineerTo>
<nullsAllowed>true</nullsAllowed>
<useDomainConstraints>false</useDomainConstraints>
<use>1</use>
<logicalDatatype>LOGDT024</logicalDatatype>
<dataTypeSize>200</dataTypeSize>
<ownDataTypeParameters>200,,</ownDataTypeParameters>
</Attribute>
<Attribute name="es_chileno" id="8EE3A124-1ECE-7F8B-AF38-771AF45E3893">
<createdBy>PC</createdBy>
<createdTime>2025-09-08 02:30:17 UTC</createdTime>
<generatorID>2A82890F-5819-4E8F-F480-7F5773925BD7</generatorID>
<ownerDesignName>Tarea N4</ownerDesignName>
<engineerTo>
<item key="1CD3B095-5F88-511B-57FF-183068D72B6E" value="true"/>
</engineerTo>
<referedAttribute>90441BAD-B6EE-6540-8F6B-1196CD26C8BB</referedAttribute>
<useDomainConstraints>false</useDomainConstraints>
<use>1</use>
<logicalDatatype>LOGDT024</logicalDatatype>
<dataTypeSize>1</dataTypeSize>
<ownDataTypeParameters>,,</ownDataTypeParameters>
</Attribute>
<Attribute name="grado_id" id="0B641670-3458-B504-372C-74FDEB07EDB0">
<createdBy>PC</createdBy>
<createdTime>2025-09-08 02:58:43 UTC</createdTime>
<generatorID>CDA830E8-92C0-8E4B-2426-5E9D0B10C944</generatorID>
<ownerDesignName>Tarea N4</ownerDesignName>
<engineerTo>
<item key="1CD3B095-5F88-511B-57FF-183068D72B6E" value="true"/>
</engineerTo>
<referedAttribute>7EDEA417-8793-5F45-5867-4404DACDEA9A</referedAttribute>
<useDomainConstraints>false</useDomainConstraints>
<use>1</use>
<logicalDatatype>LOGDT019</logicalDatatype>
<dataTypePrecision>4</dataTypePrecision>
<ownDataTypeParameters>,,</ownDataTypeParameters>
</Attribute>
<Attribute name="pais_id" id="5F351BA8-2249-70C7-DB7F-EC593C47D0FB">
<createdBy>PC</createdBy>
<createdTime>2025-09-08 03:14:14 UTC</createdTime>
<generatorID>463BC4AC-5458-30E4-0D99-5576F8566B59</generatorID>
<ownerDesignName>Tarea N4</ownerDesignName>
<engineerTo>
<item key="1CD3B095-5F88-511B-57FF-183068D72B6E" value="true"/>
</engineerTo>
<referedAttribute>72C17DF6-1D17-CFE9-A05D-F75614361466</referedAttribute>
<useDomainConstraints>false</useDomainConstraints>
<use>1</use>
<logicalDatatype>LOGDT019</logicalDatatype>
<dataTypePrecision>4</dataTypePrecision>
<ownDataTypeParameters>,,</ownDataTypeParameters>
</Attribute>
</attributes>
<identifiers itemClass="oracle.dbtools.crest.model.design.logical.CandidateKey">
<identifier id="5AF9E9A5-DAF5-75C2-301A-0F3D58237FCF" name="POSTULANTE PK">
<createdBy>PC</createdBy>
<createdTime>2025-09-08 01:51:55 UTC</createdTime>
<ownerDesignName>Tarea N4</ownerDesignName>
<engineerTo>
<item key="1CD3B095-5F88-511B-57FF-183068D72B6E" value="true"/>
</engineerTo>
<pk>true</pk>
<usedAttributes>
<attributeRef>8EE3A124-1ECE-7F8B-AF38-771AF45E3893</attributeRef>
<attributeRef>6AEA5828-F3DB-F029-8A39-1BE52D6BDE8A</attributeRef>
</usedAttributes>
</identifier>
<identifier id="011AEE26-4B3A-F886-AA34-A0052B76CFFF" name="pagina_web">
<createdBy>PC</createdBy>
<createdTime>2025-09-08 02:04:58 UTC</createdTime>
<ownerDesignName>Tarea N4</ownerDesignName>
<engineerTo>
<item key="1CD3B095-5F88-511B-57FF-183068D72B6E" value="true"/>
</engineerTo>
<newElementsIDs>4FD2C35B-7E76-3313-04AC-6112E737AFD5</newElementsIDs>
<usedAttributes>
<attributeRef>4FD2C35B-7E76-3313-04AC-6112E737AFD5</attributeRef>
</usedAttributes>
</identifier>
</identifiers>
</Entity>