<?xml version = '1.0' encoding = 'UTF-8'?>
<Entity class="oracle.dbtools.crest.model.design.logical.Entity" directorySegmentName="seg_0" id="5A209AAE-5E6A-B37F-1F1D-8819A5D0028E" name="POSTULACION">
<createdBy>PC</createdBy>
<createdTime>2025-09-08 03:09:28 UTC</createdTime>
<ownerDesignName>Tarea N4</ownerDesignName>
<engineerTo>
<item key="1CD3B095-5F88-511B-57FF-183068D72B6E" value="true"/>
</engineerTo>
<adequatelyNormalized>NO</adequatelyNormalized>
<expectedVolumes>0</expectedVolumes>
<fwdEngineeringStrategyName>Single Table</fwdEngineeringStrategyName>
<growthPercent>0</growthPercent>
<growthType>Year</growthType>
<maxVolumes>9999999</maxVolumes>
<minVolumes>0</minVolumes>
<normalForm>Third</normalForm>
<attributes itemClass="oracle.dbtools.crest.model.design.logical.Attribute">
<Attribute name="postulacion_id" id="0ECBA354-21FA-FF38-4B2B-784B3E64049A">
<createdBy>PC</createdBy>
<createdTime>2025-09-08 03:09:34 UTC</createdTime>
<ownerDesignName>Tarea N4</ownerDesignName>
<engineerTo>
<item key="1CD3B095-5F88-511B-57FF-183068D72B6E" value="true"/>
</engineerTo>
<useDomainConstraints>false</useDomainConstraints>
<use>1</use>
<logicalDatatype>LOGDT019</logicalDatatype>
<dataTypePrecision>4</dataTypePrecision>
<ownDataTypeParameters>,4,</ownDataTypeParameters>
</Attribute>
<Attribute name="fecha_postulacion" id="34DF96BE-2C69-452F-E6F0-3C0532901A7C">
<createdBy>PC</createdBy>
<createdTime>2025-09-08 03:09:49 UTC</createdTime>
<ownerDesignName>Tarea N4</ownerDesignName>
<engineerTo>
<item key="1CD3B095-5F88-511B-57FF-183068D72B6E" value="true"/>
</engineerTo>
<useDomainConstraints>false</useDomainConstraints>
<use>1</use>
<logicalDatatype>LOGDT033</logicalDatatype>
<ownDataTypeParameters>,,</ownDataTypeParameters>
</Attribute>
<Attribute name="pretension_renta_clp" id="ACD85A08-CAD1-F0E2-27AD-FC0AFB6B4811">
<createdBy>PC</createdBy>
<createdTime>2025-09-08 03:10:02 UTC</createdTime>
<ownerDesignName>Tarea N4</ownerDesignName>
<engineerTo>
<item key="1CD3B095-5F88-511B-57FF-183068D72B6E" value="true"/>
</engineerTo>
<nullsAllowed>true</nullsAllowed>
<useDomainConstraints>false</useDomainConstraints>
<use>1</use>
<logicalDatatype>LOGDT019</logicalDatatype>
<dataTypePrecision>7</dataTypePrecision>
<ownDataTypeParameters>,7,</ownDataTypeParameters>
</Attribute>
<Attribute name="nivel_idioma" id="A285B9A8-E0BA-67CA-09C9-A0C873744E86">
<createdBy>PC</createdBy>
<createdTime>2025-09-08 03:10:31 UTC</createdTime>
<ownerDesignName>Tarea N4</ownerDesignName>
<engineerTo>
<item key="1CD3B095-5F88-511B-57FF-183068D72B6E" value="true"/>
</engineerTo>
<nullsAllowed>true</nullsAllowed>
<useDomainConstraints>false</useDomainConstraints>
<use>1</use>
<logicalDatatype>LOGDT024</logicalDatatype>
<dataTypeSize>20</dataTypeSize>
<ownDataTypeParameters>20,,</ownDataTypeParameters>
</Attribute>
<Attribute name="identificador_visa" id="CC556289-602E-ACA5-F257-462B21CD7742">
<createdBy>PC</createdBy>
<createdTime>2025-09-08 03:10:45 UTC</createdTime>
<ownerDesignName>Tarea N4</ownerDesignName>
<engineerTo>
<item key="1CD3B095-5F88-511B-57FF-183068D72B6E" value="true"/>
</engineerTo>
<useDomainConstraints>false</useDomainConstraints>
<use>1</use>
<logicalDatatype>LOGDT024</logicalDatatype>
<dataTypeSize>13</dataTypeSize>
<ownDataTypeParameters>13,,</ownDataTypeParameters>
</Attribute>
<Attribute name="estado_postulacion" id="C8EE2948-3C2F-D416-58DE-D6CD68B0C668">
<createdBy>PC</createdBy>
<createdTime>2025-09-08 03:11:29 UTC</createdTime>
<ownerDesignName>Tarea N4</ownerDesignName>
<engineerTo>
<item key="1CD3B095-5F88-511B-57FF-183068D72B6E" value="true"/>
</engineerTo>
<useDomainConstraints>false</useDomainConstraints>
<use>1</use>
<logicalDatatype>LOGDT024</logicalDatatype>
<dataTypeSize>50</dataTypeSize>
<ownDataTypeParameters>50,,</ownDataTypeParameters>
</Attribute>
<Attribute name="empresa_id" id="3D64E91A-C485-C56E-CB40-775D770E3A2F">
<createdBy>PC</createdBy>
<createdTime>2025-09-08 03:11:52 UTC</createdTime>
<generatorID>33428B6B-F484-0D7F-E437-322A10122B03</generatorID>
<ownerDesignName>Tarea N4</ownerDesignName>
<engineerTo>
<item key="1CD3B095-5F88-511B-57FF-183068D72B6E" value="true"/>
</engineerTo>
<referedAttribute>59C01C50-7300-6F71-D5D5-5EF21E3A49FE</referedAttribute>
<useDomainConstraints>false</useDomainConstraints>
<use>1</use>
<logicalDatatype>LOGDT019</logicalDatatype>
<dataTypePrecision>2</dataTypePrecision>
<ownDataTypeParameters>,,</ownDataTypeParameters>
</Attribute>
</attributes>
<identifiers itemClass="oracle.dbtools.crest.model.design.logical.CandidateKey">
<identifier id="36E319DA-609D-0BA6-637B-C0D479A04146" name="POSTULACION PK">
<createdBy>PC</createdBy>
<createdTime>2025-09-08 03:09:45 UTC</createdTime>
<ownerDesignName>Tarea N4</ownerDesignName>
<engineerTo>
<item key="1CD3B095-5F88-511B-57FF-183068D72B6E" value="true"/>
</engineerTo>
<pk>true</pk>
<usedAttributes>
<attributeRef>0ECBA354-21FA-FF38-4B2B-784B3E64049A</attributeRef>
</usedAttributes>
</identifier>
</identifiers>
</Entity>