<?xml version = '1.0' encoding = 'UTF-8'?>
<Entity class="oracle.dbtools.crest.model.design.logical.Entity" directorySegmentName="seg_0" id="847090A2-AFD5-5896-8DB7-60F7C25C1E58" name="POSTULANTE_PROFESION">
<createdBy>PC</createdBy>
<createdTime>2025-09-08 02:51:28 UTC</createdTime>
<ownerDesignName>Tarea N4</ownerDesignName>
<engineerTo>
<item key="1CD3B095-5F88-511B-57FF-183068D72B6E" value="true"/>
</engineerTo>
<adequatelyNormalized>NO</adequatelyNormalized>
<expectedVolumes>0</expectedVolumes>
<fwdEngineeringStrategyName>Single Table</fwdEngineeringStrategyName>
<growthPercent>0</growthPercent>
<growthType>Year</growthType>
<maxVolumes>9999999</maxVolumes>
<minVolumes>0</minVolumes>
<normalForm>Third</normalForm>
<attributes itemClass="oracle.dbtools.crest.model.design.logical.Attribute">
<Attribute name="postulante_profesion_id" id="89510A37-0013-C308-F9F3-9F6AA81D9DCA">
<createdBy>PC</createdBy>
<createdTime>2025-09-08 02:52:01 UTC</createdTime>
<ownerDesignName>Tarea N4</ownerDesignName>
<engineerTo>
<item key="1CD3B095-5F88-511B-57FF-183068D72B6E" value="true"/>
</engineerTo>
<useDomainConstraints>false</useDomainConstraints>
<use>1</use>
<logicalDatatype>LOGDT019</logicalDatatype>
<ownDataTypeParameters>,,</ownDataTypeParameters>
</Attribute>
<Attribute name="fecha_obtencion_titulo" id="32BB99A2-5A86-089C-FD35-FA77F2E54D87">
<createdBy>PC</createdBy>
<createdTime>2025-09-08 02:52:27 UTC</createdTime>
<ownerDesignName>Tarea N4</ownerDesignName>
<engineerTo>
<item key="1CD3B095-5F88-511B-57FF-183068D72B6E" value="true"/>
</engineerTo>
<useDomainConstraints>false</useDomainConstraints>
<use>1</use>
<logicalDatatype>LOGDT007</logicalDatatype>
<ownDataTypeParameters>,,</ownDataTypeParameters>
</Attribute>
<Attribute name="institucion" id="757D469A-7B6A-F3E8-2E8F-CA2BD7322789">
<createdBy>PC</createdBy>
<createdTime>2025-09-08 02:53:16 UTC</createdTime>
<ownerDesignName>Tarea N4</ownerDesignName>
<engineerTo>
<item key="1CD3B095-5F88-511B-57FF-183068D72B6E" value="true"/>
</engineerTo>
<useDomainConstraints>false</useDomainConstraints>
<use>1</use>
<logicalDatatype>LOGDT024</logicalDatatype>
<dataTypeSize>100</dataTypeSize>
<ownDataTypeParameters>100,,</ownDataTypeParameters>
</Attribute>
<Attribute name="profesion_id" id="96ABE8D1-AE15-1B07-6C83-AD6A5C278216">
<createdBy>PC</createdBy>
<createdTime>2025-09-08 02:55:05 UTC</createdTime>
<generatorID>77707438-BE73-1888-0AEC-AE3FC1895EC4</generatorID>
<ownerDesignName>Tarea N4</ownerDesignName>
<engineerTo>
<item key="1CD3B095-5F88-511B-57FF-183068D72B6E" value="true"/>
</engineerTo>
<referedAttribute>960F4CF9-76C6-6731-8A11-E413AD7BD0CD</referedAttribute>
<useDomainConstraints>false</useDomainConstraints>
<use>1</use>
<logicalDatatype>LOGDT019</logicalDatatype>
<dataTypePrecision>3</dataTypePrecision>
<ownDataTypeParameters>,,</ownDataTypeParameters>
</Attribute>
<Attribute name="es_chileno" id="2876C87C-F12E-E01F-1B6B-CD1CC041BCFD">
<createdBy>PC</createdBy>
<createdTime>2025-09-08 02:56:17 UTC</createdTime>
<generatorID>CDEA028C-CD9B-E0CD-7C83-4297197AA08C</generatorID>
<ownerDesignName>Tarea N4</ownerDesignName>
<engineerTo>
<item key="1CD3B095-5F88-511B-57FF-183068D72B6E" value="true"/>
</engineerTo>
<referedAttribute>8EE3A124-1ECE-7F8B-AF38-771AF45E3893</referedAttribute>
<useDomainConstraints>false</useDomainConstraints>
<use>1</use>
<logicalDatatype>LOGDT024</logicalDatatype>
<dataTypeSize>1</dataTypeSize>
<ownDataTypeParameters>,,</ownDataTypeParameters>
</Attribute>
<Attribute name="num_folio" id="AB3BFCAD-2ABF-990B-58D5-F6C52DBE1E45">
<createdBy>PC</createdBy>
<createdTime>2025-09-08 02:56:17 UTC</createdTime>
<generatorID>CDEA028C-CD9B-E0CD-7C83-4297197AA08C</generatorID>
<ownerDesignName>Tarea N4</ownerDesignName>
<engineerTo>
<item key="1CD3B095-5F88-511B-57FF-183068D72B6E" value="true"/>
</engineerTo>
<referedAttribute>6AEA5828-F3DB-F029-8A39-1BE52D6BDE8A</referedAttribute>
<useDomainConstraints>false</useDomainConstraints>
<use>1</use>
<logicalDatatype>LOGDT019</logicalDatatype>
<dataTypePrecision>4</dataTypePrecision>
<ownDataTypeParameters>,,</ownDataTypeParameters>
</Attribute>
</attributes>
<identifiers itemClass="oracle.dbtools.crest.model.design.logical.CandidateKey">
<identifier id="00EFF060-C05E-8178-FF9E-29C9F15D793E" name="POSTULANTE_PROFESION PK">
<createdBy>PC</createdBy>
<createdTime>2025-09-08 02:52:22 UTC</createdTime>
<ownerDesignName>Tarea N4</ownerDesignName>
<engineerTo>
<item key="1CD3B095-5F88-511B-57FF-183068D72B6E" value="true"/>
</engineerTo>
<pk>true</pk>
<usedAttributes>
<attributeRef>89510A37-0013-C308-F9F3-9F6AA81D9DCA</attributeRef>
</usedAttributes>
</identifier>
</identifiers>
</Entity>