<?xml version = '1.0' encoding = 'UTF-8'?>
<Entity class="oracle.dbtools.crest.model.design.logical.Entity" directorySegmentName="seg_0" id="8F5F1C37-B29B-368A-9D0B-083C7C1D46C7" name="CHILENO">
<createdBy>PC</createdBy>
<createdTime>2025-09-08 02:26:28 UTC</createdTime>
<ownerDesignName>Tarea N4</ownerDesignName>
<engineerTo>
<item key="1CD3B095-5F88-511B-57FF-183068D72B6E" value="true"/>
</engineerTo>
<adequatelyNormalized>NO</adequatelyNormalized>
<expectedVolumes>0</expectedVolumes>
<fwdEngineeringStrategyName>Single Table</fwdEngineeringStrategyName>
<growthPercent>0</growthPercent>
<growthType>Year</growthType>
<hierarchicalParent>48C6A7E3-6E7F-A3DD-2B68-E0AD62363FB0</hierarchicalParent>
<maxVolumes>9999999</maxVolumes>
<minVolumes>0</minVolumes>
<normalForm>Third</normalForm>
<attributes itemClass="oracle.dbtools.crest.model.design.logical.Attribute">
<Attribute name="rut" id="CED3E7FA-860E-4C95-CDD4-5DB11178D44F">
<createdBy>PC</createdBy>
<createdTime>2025-09-08 02:26:54 UTC</createdTime>
<ownerDesignName>Tarea N4</ownerDesignName>
<engineerTo>
<item key="1CD3B095-5F88-511B-57FF-183068D72B6E" value="true"/>
</engineerTo>
<useDomainConstraints>false</useDomainConstraints>
<use>1</use>
<logicalDatatype>LOGDT024</logicalDatatype>
<ownDataTypeParameters>,,</ownDataTypeParameters>
</Attribute>
<Attribute name="digito_verificador" id="5861EF3B-208B-0235-DC64-D6D32C53276E">
<createdBy>PC</createdBy>
<createdTime>2025-09-08 02:27:21 UTC</createdTime>
<ownerDesignName>Tarea N4</ownerDesignName>
<engineerTo>
<item key="1CD3B095-5F88-511B-57FF-183068D72B6E" value="true"/>
</engineerTo>
<useDomainConstraints>false</useDomainConstraints>
<use>1</use>
<logicalDatatype>LOGDT019</logicalDatatype>
<dataTypePrecision>1</dataTypePrecision>
<ownDataTypeParameters>,1,</ownDataTypeParameters>
</Attribute>
</attributes>
<identifiers itemClass="oracle.dbtools.crest.model.design.logical.CandidateKey">
<identifier id="EA832C80-6A69-9596-33C5-5FE8822B14DA" name="CHILENO PK">
<createdBy>PC</createdBy>
<createdTime>2025-09-08 02:27:11 UTC</createdTime>
<ownerDesignName>Tarea N4</ownerDesignName>
<engineerTo>
<item key="1CD3B095-5F88-511B-57FF-183068D72B6E" value="true"/>
</engineerTo>
<pk>true</pk>
<usedAttributes>
<attributeRef>CED3E7FA-860E-4C95-CDD4-5DB11178D44F</attributeRef>
</usedAttributes>
</identifier>
</identifiers>
</Entity>