<?xml version = '1.0' encoding = 'UTF-8'?>
<Table class="oracle.dbtools.crest.model.design.relational.Table" directorySegmentName="seg_0" id="1489A344-3231-7979-56AE-9AD3AE0A0D49" name="MEDICO">
<createdBy>PC</createdBy>
<createdTime>2025-09-14 00:55:44 UTC</createdTime>
<generatorID>880089A6-2CA9-3369-F486-CD52F914D43F</generatorID>
<ownerDesignName>Sumativa_2</ownerDesignName>
<allowColumnReorder>false</allowColumnReorder>
<existDependencyGenerateInDDl>true</existDependencyGenerateInDDl>
<parsed>true</parsed>
<columns itemClass="oracle.dbtools.crest.model.design.relational.Column">
<Column name="id_medico" id="CB537D35-985D-9DBF-6A71-0BCB80E16AEC">
<createdBy>PC</createdBy>
<createdTime>2025-09-14 00:55:44 UTC</createdTime>
<generatorID>C7CD59E0-758B-BB25-E576-070B51A4622F</generatorID>
<ownerDesignName>Sumativa_2</ownerDesignName>
<useDomainConstraints>false</useDomainConstraints>
<use>1</use>
<logicalDatatype>LOGDT019</logicalDatatype>
<dataTypePrecision>4</dataTypePrecision>
<ownDataTypeParameters>,4,</ownDataTypeParameters>
<autoIncrementCycle>false</autoIncrementCycle>
</Column>
<Column name="rut_medico" id="2269B29C-8FD0-D557-69C4-723BA98BDF11">
<createdBy>PC</createdBy>
<createdTime>2025-09-14 00:55:44 UTC</createdTime>
<generatorID>7F00AD69-9766-1B26-1E20-D549E4708D87</generatorID>
<ownerDesignName>Sumativa_2</ownerDesignName>
<useDomainConstraints>false</useDomainConstraints>
<use>1</use>
<logicalDatatype>LOGDT024</logicalDatatype>
<dataTypeSize>12 CHAR</dataTypeSize>
<ownDataTypeParameters>12 CHAR,,</ownDataTypeParameters>
<autoIncrementCycle>false</autoIncrementCycle>
</Column>
<Column name="nombre_medico" id="C912D3BE-F0F8-1F29-7798-47E588DACCA6">
<createdBy>PC</createdBy>
<createdTime>2025-09-14 00:55:44 UTC</createdTime>
<generatorID>EFC656AD-8B68-4950-3BE6-800F18F49A05</generatorID>
<ownerDesignName>Sumativa_2</ownerDesignName>
<useDomainConstraints>false</useDomainConstraints>
<use>1</use>
<logicalDatatype>LOGDT024</logicalDatatype>
<dataTypeSize>100 CHAR</dataTypeSize>
<ownDataTypeParameters>100 CHAR,,</ownDataTypeParameters>
<autoIncrementCycle>false</autoIncrementCycle>
</Column>
<Column name="apellido_medico" id="6E8453F2-F520-BE93-C305-3426B06DCA3D">
<createdBy>PC</createdBy>
<createdTime>2025-09-14 00:55:44 UTC</createdTime>
<generatorID>D09EAD6F-99DF-13F1-F813-67896F1D9EB9</generatorID>
<ownerDesignName>Sumativa_2</ownerDesignName>
<useDomainConstraints>false</useDomainConstraints>
<use>1</use>
<logicalDatatype>LOGDT024</logicalDatatype>
<dataTypeSize>50 CHAR</dataTypeSize>
<ownDataTypeParameters>50 CHAR,,</ownDataTypeParameters>
<autoIncrementCycle>false</autoIncrementCycle>
</Column>
<Column name="fecha_ingreso" id="F2609B3B-8269-BD55-F577-B9D5142B74CE">
<createdBy>PC</createdBy>
<createdTime>2025-09-14 00:55:44 UTC</createdTime>
<generatorID>433674D3-C973-CD01-0B29-34F2751B042B</generatorID>
<ownerDesignName>Sumativa_2</ownerDesignName>
<useDomainConstraints>false</useDomainConstraints>
<use>1</use>
<logicalDatatype>LOGDT007</logicalDatatype>
<ownDataTypeParameters>,,</ownDataTypeParameters>
<autoIncrementCycle>false</autoIncrementCycle>
</Column>
<Column name="telefono" id="60B09FDD-5B7E-21D5-A247-794BB914B43E">
<createdBy>PC</createdBy>
<createdTime>2025-09-14 00:55:44 UTC</createdTime>
<generatorID>7C055A8B-BC1C-7484-E10F-3C44DDDE204E</generatorID>
<ownerDesignName>Sumativa_2</ownerDesignName>
<useDomainConstraints>false</useDomainConstraints>
<use>1</use>
<logicalDatatype>LOGDT019</logicalDatatype>
<dataTypePrecision>9</dataTypePrecision>
<ownDataTypeParameters>,9,</ownDataTypeParameters>
<autoIncrementCycle>false</autoIncrementCycle>
</Column>
<Column name="email" id="89E6B4CC-6CB7-FA71-3C63-DB763643F450">
<createdBy>PC</createdBy>
<createdTime>2025-09-14 00:55:44 UTC</createdTime>
<generatorID>E29C9C77-0514-8D19-2EC3-0BBEF066BED2</generatorID>
<ownerDesignName>Sumativa_2</ownerDesignName>
<useDomainConstraints>false</useDomainConstraints>
<use>1</use>
<logicalDatatype>LOGDT024</logicalDatatype>
<dataTypeSize>50 CHAR</dataTypeSize>
<ownDataTypeParameters>50 CHAR,,</ownDataTypeParameters>
<autoIncrementCycle>false</autoIncrementCycle>
</Column>
<Column name="id_especialidad" id="B579A95E-05AA-62D7-0892-41447B8C4C18">
<createdBy>PC</createdBy>
<createdTime>2025-09-14 00:55:44 UTC</createdTime>
<generatorID>0DB4EFC3-CCCF-98C5-295C-2025BCA8A265</generatorID>
<ownerDesignName>Sumativa_2</ownerDesignName>
<useDomainConstraints>false</useDomainConstraints>
<use>1</use>
<logicalDatatype>LOGDT019</logicalDatatype>
<dataTypePrecision>4</dataTypePrecision>
<ownDataTypeParameters>,,</ownDataTypeParameters>
<previousColumn>false</previousColumn>
<autoIncrementCycle>false</autoIncrementCycle>
<associations>
<colAssociation fkAssociation="E4D15CF3-B65D-040A-4529-FF51A9A852F4" referredColumn="868C5459-8546-1023-D869-4EB6541E28BD"/>
</associations>
</Column>
<Column name="id_afp" id="C226A183-FBB2-9BAB-ABCF-5F1E8B31D608">
<createdBy>PC</createdBy>
<createdTime>2025-09-14 00:55:44 UTC</createdTime>
<generatorID>F9C6C6DF-1DDF-365E-6ED7-92C157F7EEC6</generatorID>
<ownerDesignName>Sumativa_2</ownerDesignName>
<useDomainConstraints>false</useDomainConstraints>
<use>1</use>
<logicalDatatype>LOGDT019</logicalDatatype>
<dataTypePrecision>4</dataTypePrecision>
<ownDataTypeParameters>,,</ownDataTypeParameters>
<previousColumn>false</previousColumn>
<autoIncrementCycle>false</autoIncrementCycle>
<associations>
<colAssociation fkAssociation="F2FA791E-D4DB-93ED-E875-B6F3814EAF14" referredColumn="CF54D3C0-6B13-B5E5-8A7D-5E7EB8A327C6"/>
</associations>
</Column>
<Column name="id_institucion_salud" id="F3F719B4-A09D-2E3A-6D5C-DA0B100FC662">
<createdBy>PC</createdBy>
<createdTime>2025-09-14 00:55:44 UTC</createdTime>
<generatorID>0DC53A5B-714B-5078-158E-9D43C7DB66C2</generatorID>
<ownerDesignName>Sumativa_2</ownerDesignName>
<useDomainConstraints>false</useDomainConstraints>
<use>1</use>
<logicalDatatype>LOGDT019</logicalDatatype>
<dataTypePrecision>4</dataTypePrecision>
<ownDataTypeParameters>,,</ownDataTypeParameters>
<previousColumn>false</previousColumn>
<autoIncrementCycle>false</autoIncrementCycle>
<associations>
<colAssociation fkAssociation="8CCC49C3-45D8-230A-29D1-7E633CC859AF" referredColumn="82E014CA-0EC1-3764-56D2-316860F1779F"/>
</associations>
</Column>
<Column name="id_medico_supervisor" id="C72C51AB-4D27-D55E-FA3D-C00255F78B6F">
<createdBy>PC</createdBy>
<createdTime>2025-09-14 01:03:42 UTC</createdTime>
<generatorID>A2B813BF-922B-F161-7AE2-C3CC6467F89E</generatorID>
<ownerDesignName>Sumativa_2</ownerDesignName>
<useDomainConstraints>false</useDomainConstraints>
<use>1</use>
<logicalDatatype>LOGDT019</logicalDatatype>
<dataTypePrecision>4</dataTypePrecision>
<ownDataTypeParameters>,,</ownDataTypeParameters>
<previousColumn>false</previousColumn>
<autoIncrementCycle>false</autoIncrementCycle>
<associations>
<colAssociation fkAssociation="015998D5-6FF9-74E8-8777-B1518C3E8CE7" referredColumn="CB537D35-985D-9DBF-6A71-0BCB80E16AEC"/>
</associations>
</Column>
</columns>
<indexes itemClass="oracle.dbtools.crest.model.design.relational.Index">
<ind_PK_UK id="DA665B8D-F5D8-8A53-AA59-AD06B0D40AB1" name="PK_MEDICO">
<createdBy>PC</createdBy>
<createdTime>2025-09-14 00:55:44 UTC</createdTime>
<generatorID>6913B752-6C7F-1537-6605-0C7DDC0A07AF</generatorID>
<ownerDesignName>Sumativa_2</ownerDesignName>
<pk>true</pk>
<indexState>Primary Constraint</indexState>
<isSurrogateKey>false</isSurrogateKey>
<indexColumnUsage>
<colUsage columnID="CB537D35-985D-9DBF-6A71-0BCB80E16AEC"/>
</indexColumnUsage>
</ind_PK_UK>
<ind_PK_UK id="67D801BA-7EA6-A8B0-587A-514A6832B5F1" name="MEDICO_rut_medico_UN">
<createdBy>PC</createdBy>
<createdTime>2025-09-14 00:55:44 UTC</createdTime>
<generatorID>B53B4717-9BAA-C94A-D39F-560C9576C95C</generatorID>
<ownerDesignName>Sumativa_2</ownerDesignName>
<indexState>Unique Constraint</indexState>
<isSurrogateKey>false</isSurrogateKey>
<indexColumnUsage>
<colUsage columnID="2269B29C-8FD0-D557-69C4-723BA98BDF11"/>
</indexColumnUsage>
</ind_PK_UK>
<ind_PK_UK id="6B9FC410-B934-8B12-81E0-740EF41FC7CD" name="FK_MEDICO_AFP">
<createdBy>PC</createdBy>
<createdTime>2025-09-14 00:55:44 UTC</createdTime>
<generatorID>3CBBD06D-B990-A85D-7805-085E4D0BC824</generatorID>
<ownerDesignName>Sumativa_2</ownerDesignName>
<indexState>Foreign Key</indexState>
<isSurrogateKey>false</isSurrogateKey>
<indexColumnUsage>
<colUsage columnID="C226A183-FBB2-9BAB-ABCF-5F1E8B31D608"/>
</indexColumnUsage>
</ind_PK_UK>
<ind_PK_UK id="3E9C7131-7E07-2184-FB2C-F88AC99C4CF7" name="FK_MEDICO_ESPECIALIDAD">
<createdBy>PC</createdBy>
<createdTime>2025-09-14 00:55:44 UTC</createdTime>
<generatorID>C13A4F12-8909-043D-5963-4E3068193917</generatorID>
<ownerDesignName>Sumativa_2</ownerDesignName>
<indexState>Foreign Key</indexState>
<isSurrogateKey>false</isSurrogateKey>
<indexColumnUsage>
<colUsage columnID="B579A95E-05AA-62D7-0892-41447B8C4C18"/>
</indexColumnUsage>
</ind_PK_UK>
<ind_PK_UK id="FC68A5A7-9147-E0E2-175F-1882243737D0" name="FK_MEDICO_INSTITUCION_SALUD">
<createdBy>PC</createdBy>
<createdTime>2025-09-14 00:55:44 UTC</createdTime>
<generatorID>554EDC65-3E15-1985-6A62-07055833BC46</generatorID>
<ownerDesignName>Sumativa_2</ownerDesignName>
<indexState>Foreign Key</indexState>
<isSurrogateKey>false</isSurrogateKey>
<indexColumnUsage>
<colUsage columnID="F3F719B4-A09D-2E3A-6D5C-DA0B100FC662"/>
</indexColumnUsage>
</ind_PK_UK>
<ind_PK_UK id="58AF7C1E-1500-9A05-4E05-2F904AFACC3C" name="FK_MEDICO_MEDICO">
<createdBy>PC</createdBy>
<createdTime>2025-09-14 01:03:42 UTC</createdTime>
<generatorID>C49B1EA8-13BB-146C-DC3A-52BAA62A61E7</generatorID>
<ownerDesignName>Sumativa_2</ownerDesignName>
<indexState>Foreign Key</indexState>
<isSurrogateKey>false</isSurrogateKey>
<indexColumnUsage>
<colUsage columnID="C72C51AB-4D27-D55E-FA3D-C00255F78B6F"/>
</indexColumnUsage>
</ind_PK_UK>
</indexes>
</Table>