<?xml version = '1.0' encoding = 'UTF-8'?>
<Table class="oracle.dbtools.crest.model.design.relational.Table" directorySegmentName="seg_0" id="66153E7F-B4F2-BB2A-A4FB-321DBE4920E1" name="AFP">
<createdBy>PC</createdBy>
<createdTime>2025-09-14 00:55:43 UTC</createdTime>
<generatorID>E1DE09EE-DBCD-46E1-3DE4-4D3421B05C7C</generatorID>
<ownerDesignName>Sumativa_2</ownerDesignName>
<allowColumnReorder>false</allowColumnReorder>
<existDependencyGenerateInDDl>true</existDependencyGenerateInDDl>
<parsed>true</parsed>
<columns itemClass="oracle.dbtools.crest.model.design.relational.Column">
<Column name="id_afp" id="CF54D3C0-6B13-B5E5-8A7D-5E7EB8A327C6">
<createdBy>PC</createdBy>
<createdTime>2025-09-14 00:55:43 UTC</createdTime>
<generatorID>0876BBB4-FADC-24A8-A111-8232E7951FF9</generatorID>
<ownerDesignName>Sumativa_2</ownerDesignName>
<useDomainConstraints>false</useDomainConstraints>
<use>1</use>
<logicalDatatype>LOGDT019</logicalDatatype>
<dataTypePrecision>4</dataTypePrecision>
<ownDataTypeParameters>,4,</ownDataTypeParameters>
<autoIncrementCycle>false</autoIncrementCycle>
</Column>
<Column name="nombre_afp" id="A4DF7044-3BF7-7255-53EB-5A9A89BD6830">
<createdBy>PC</createdBy>
<createdTime>2025-09-14 00:55:43 UTC</createdTime>
<generatorID>65638E94-4B27-BF76-0C09-689AF233B473</generatorID>
<ownerDesignName>Sumativa_2</ownerDesignName>
<useDomainConstraints>false</useDomainConstraints>
<use>1</use>
<logicalDatatype>LOGDT024</logicalDatatype>
<dataTypeSize>50 CHAR</dataTypeSize>
<ownDataTypeParameters>50 CHAR,,</ownDataTypeParameters>
<autoIncrementCycle>false</autoIncrementCycle>
</Column>
<Column name="codigo_afp" id="57F6A4DD-E5FC-E4A9-90BC-15D6448F673D">
<createdBy>PC</createdBy>
<createdTime>2025-09-14 00:55:43 UTC</createdTime>
<generatorID>16623FB3-89A2-E9F2-B4F9-FB24872883B0</generatorID>
<ownerDesignName>Sumativa_2</ownerDesignName>
<useDomainConstraints>false</useDomainConstraints>
<use>1</use>
<logicalDatatype>LOGDT019</logicalDatatype>
<dataTypePrecision>8</dataTypePrecision>
<ownDataTypeParameters>,8,</ownDataTypeParameters>
<autoIncrementCycle>false</autoIncrementCycle>
</Column>
</columns>
<indexes itemClass="oracle.dbtools.crest.model.design.relational.Index">
<ind_PK_UK id="CE73A278-F24A-F1E4-0B7E-46A435E329C1" name="PK_AFP">
<createdBy>PC</createdBy>
<createdTime>2025-09-14 00:55:44 UTC</createdTime>
<generatorID>40BE40BC-7FE5-3730-A1AB-0046301DBDDC</generatorID>
<ownerDesignName>Sumativa_2</ownerDesignName>
<pk>true</pk>
<indexState>Primary Constraint</indexState>
<isSurrogateKey>false</isSurrogateKey>
<indexColumnUsage>
<colUsage columnID="CF54D3C0-6B13-B5E5-8A7D-5E7EB8A327C6"/>
</indexColumnUsage>
</ind_PK_UK>
</indexes>
</Table>