<?xml version = '1.0' encoding = 'UTF-8'?>
<Table class="oracle.dbtools.crest.model.design.relational.Table" directorySegmentName="seg_0" id="7448D21A-E86D-5354-210E-F6D12202A9D9" name="REGION">
<createdBy>PC</createdBy>
<createdTime>2025-09-14 00:55:44 UTC</createdTime>
<generatorID>7A8B2925-4AED-559D-BAF8-A27DBBF340B9</generatorID>
<ownerDesignName>Sumativa_2</ownerDesignName>
<allowColumnReorder>false</allowColumnReorder>
<existDependencyGenerateInDDl>true</existDependencyGenerateInDDl>
<parsed>true</parsed>
<columns itemClass="oracle.dbtools.crest.model.design.relational.Column">
<Column name="id_region" id="935BF543-EFD2-9E81-9F00-84204B87EE4A">
<createdBy>PC</createdBy>
<createdTime>2025-09-14 00:55:44 UTC</createdTime>
<generatorID>3B8017FA-41B5-64D4-CF6A-495780DEBC65</generatorID>
<ownerDesignName>Sumativa_2</ownerDesignName>
<useDomainConstraints>false</useDomainConstraints>
<use>1</use>
<logicalDatatype>LOGDT019</logicalDatatype>
<dataTypePrecision>4</dataTypePrecision>
<ownDataTypeParameters>,4,</ownDataTypeParameters>
<autoIncrementCycle>false</autoIncrementCycle>
</Column>
<Column name="nombre_region" id="16542142-C8DF-8463-4715-FE58C1070016">
<createdBy>PC</createdBy>
<createdTime>2025-09-14 00:55:44 UTC</createdTime>
<generatorID>EF4DF6E6-0366-3E96-D50F-7C7882D9B167</generatorID>
<ownerDesignName>Sumativa_2</ownerDesignName>
<useDomainConstraints>false</useDomainConstraints>
<use>1</use>
<logicalDatatype>LOGDT024</logicalDatatype>
<dataTypeSize>50 CHAR</dataTypeSize>
<ownDataTypeParameters>50 CHAR,,</ownDataTypeParameters>
<autoIncrementCycle>false</autoIncrementCycle>
</Column>
<Column name="codigo_region" id="2669BDC1-E3EA-43A1-0BE7-9A58ECA74A0F">
<createdBy>PC</createdBy>
<createdTime>2025-09-14 00:55:44 UTC</createdTime>
<generatorID>9A96093C-09E5-3E04-32A3-0E6582550387</generatorID>
<ownerDesignName>Sumativa_2</ownerDesignName>
<useDomainConstraints>false</useDomainConstraints>
<use>1</use>
<logicalDatatype>LOGDT024</logicalDatatype>
<dataTypeSize>50 CHAR</dataTypeSize>
<ownDataTypeParameters>50 CHAR,,</ownDataTypeParameters>
<autoIncrementCycle>false</autoIncrementCycle>
</Column>
</columns>
<indexes itemClass="oracle.dbtools.crest.model.design.relational.Index">
<ind_PK_UK id="5722D6C1-C728-8780-A6C7-4DDA4264A9E5" name="PK_REGION">
<createdBy>PC</createdBy>
<createdTime>2025-09-14 00:55:44 UTC</createdTime>
<generatorID>BC63C954-4715-0E76-8307-1B36704FA5AA</generatorID>
<ownerDesignName>Sumativa_2</ownerDesignName>
<pk>true</pk>
<indexState>Primary Constraint</indexState>
<isSurrogateKey>false</isSurrogateKey>
<indexColumnUsage>
<colUsage columnID="935BF543-EFD2-9E81-9F00-84204B87EE4A"/>
</indexColumnUsage>
</ind_PK_UK>
<ind_PK_UK id="58C198ED-FB7B-34E0-1D2C-11F5B999DEEE" name="REGION_nombre_region_UN">
<createdBy>PC</createdBy>
<createdTime>2025-09-14 00:55:44 UTC</createdTime>
<generatorID>066D3DFF-CC2D-99F5-7947-7C7C70DF16CE</generatorID>
<ownerDesignName>Sumativa_2</ownerDesignName>
<indexState>Unique Constraint</indexState>
<isSurrogateKey>false</isSurrogateKey>
<indexColumnUsage>
<colUsage columnID="16542142-C8DF-8463-4715-FE58C1070016"/>
</indexColumnUsage>
</ind_PK_UK>
<ind_PK_UK id="58099553-BDCD-D941-5717-87E3D945369E" name="REGION_codigo_region_UN">
<createdBy>PC</createdBy>
<createdTime>2025-09-14 00:55:44 UTC</createdTime>
<generatorID>FD6EB973-DABC-4D45-41B9-092D3E1834C6</generatorID>
<ownerDesignName>Sumativa_2</ownerDesignName>
<indexState>Unique Constraint</indexState>
<isSurrogateKey>false</isSurrogateKey>
<indexColumnUsage>
<colUsage columnID="2669BDC1-E3EA-43A1-0BE7-9A58ECA74A0F"/>
</indexColumnUsage>
</ind_PK_UK>
</indexes>
</Table>