<?xml version = '1.0' encoding = 'UTF-8'?>
<Table class="oracle.dbtools.crest.model.design.relational.Table" directorySegmentName="seg_0" id="7E8F9E00-9ACD-D982-4908-8FB04DB0D514" name="ATENCION_MEDICA">
<createdBy>PC</createdBy>
<createdTime>2025-09-14 00:55:44 UTC</createdTime>
<generatorID>C7B16CC3-9F0E-31EC-FE8E-17122460DAA9</generatorID>
<ownerDesignName>Sumativa_2</ownerDesignName>
<allowColumnReorder>false</allowColumnReorder>
<existDependencyGenerateInDDl>true</existDependencyGenerateInDDl>
<parsed>true</parsed>
<columns itemClass="oracle.dbtools.crest.model.design.relational.Column">
<Column name="id_atencion" id="E4088B1A-AA7E-42E6-B579-0D55FBEECC21">
<createdBy>PC</createdBy>
<createdTime>2025-09-14 00:55:44 UTC</createdTime>
<generatorID>F3DF7759-A419-8B01-11F2-AA9D012C8852</generatorID>
<ownerDesignName>Sumativa_2</ownerDesignName>
<useDomainConstraints>false</useDomainConstraints>
<use>1</use>
<logicalDatatype>LOGDT019</logicalDatatype>
<dataTypePrecision>4</dataTypePrecision>
<ownDataTypeParameters>,4,</ownDataTypeParameters>
<autoIncrementCycle>false</autoIncrementCycle>
</Column>
<Column name="fecha_atencion" id="FBD0603B-196A-0619-C702-DA1FB718D879">
<createdBy>PC</createdBy>
<createdTime>2025-09-14 00:55:44 UTC</createdTime>
<generatorID>21E711FC-F3F5-8DEA-5ED0-AF38AD334A1F</generatorID>
<ownerDesignName>Sumativa_2</ownerDesignName>
<useDomainConstraints>false</useDomainConstraints>
<use>1</use>
<logicalDatatype>LOGDT007</logicalDatatype>
<ownDataTypeParameters>,,</ownDataTypeParameters>
<autoIncrementCycle>false</autoIncrementCycle>
</Column>
<Column name="tipo_atencion" id="7F731A2D-A05D-E9BE-E91B-EFB818EAF120">
<createdBy>PC</createdBy>
<createdTime>2025-09-14 00:55:44 UTC</createdTime>
<generatorID>EB367611-0D6C-411B-373C-DCE2CBABAE88</generatorID>
<ownerDesignName>Sumativa_2</ownerDesignName>
<useDomainConstraints>false</useDomainConstraints>
<use>1</use>
<logicalDatatype>LOGDT024</logicalDatatype>
<dataTypeSize>20</dataTypeSize>
<ownDataTypeParameters>20,,</ownDataTypeParameters>
<autoIncrementCycle>false</autoIncrementCycle>
</Column>
<Column name="hora_atencion" id="1426AC78-A8B2-EFD6-446B-AD21DB4128DC">
<createdBy>PC</createdBy>
<createdTime>2025-09-14 00:55:44 UTC</createdTime>
<generatorID>840F8E14-3ACC-236B-7F74-17705D809625</generatorID>
<ownerDesignName>Sumativa_2</ownerDesignName>
<useDomainConstraints>false</useDomainConstraints>
<use>1</use>
<logicalDatatype>LOGDT015</logicalDatatype>
<ownDataTypeParameters>,,</ownDataTypeParameters>
<autoIncrementCycle>false</autoIncrementCycle>
</Column>
<Column name="diagnostico" id="EA65B701-79F0-EB26-4603-9FBDC6F46A78">
<createdBy>PC</createdBy>
<createdTime>2025-09-14 00:55:44 UTC</createdTime>
<generatorID>5C65E0FA-0270-0568-63AD-337AF7E18B90</generatorID>
<ownerDesignName>Sumativa_2</ownerDesignName>
<useDomainConstraints>false</useDomainConstraints>
<use>1</use>
<logicalDatatype>LOGDT024</logicalDatatype>
<dataTypeSize>200 CHAR</dataTypeSize>
<ownDataTypeParameters>200 CHAR,,</ownDataTypeParameters>
<autoIncrementCycle>false</autoIncrementCycle>
</Column>
<Column name="observaciones" id="7819B171-5389-73F9-397B-63CF29EE3230">
<createdBy>PC</createdBy>
<createdTime>2025-09-14 00:55:44 UTC</createdTime>
<generatorID>EECC4FDD-C9BD-263B-672B-3CBD5DF149CC</generatorID>
<ownerDesignName>Sumativa_2</ownerDesignName>
<useDomainConstraints>false</useDomainConstraints>
<use>1</use>
<logicalDatatype>LOGDT024</logicalDatatype>
<dataTypeSize>500 CHAR</dataTypeSize>
<ownDataTypeParameters>500 CHAR,,</ownDataTypeParameters>
<autoIncrementCycle>false</autoIncrementCycle>
</Column>
<Column name="id_paciente" id="3311EAEB-BB86-54BB-9DF5-3DCF271731A8">
<createdBy>PC</createdBy>
<createdTime>2025-09-14 00:55:44 UTC</createdTime>
<generatorID>F9BEF74D-4393-A947-26BC-1C20832A2020</generatorID>
<ownerDesignName>Sumativa_2</ownerDesignName>
<useDomainConstraints>false</useDomainConstraints>
<use>1</use>
<logicalDatatype>LOGDT019</logicalDatatype>
<dataTypePrecision>7</dataTypePrecision>
<ownDataTypeParameters>,,</ownDataTypeParameters>
<previousColumn>false</previousColumn>
<autoIncrementCycle>false</autoIncrementCycle>
<associations>
<colAssociation fkAssociation="E921D2A6-EEB5-9605-93EA-6B6AE7E82ED0" referredColumn="D5A25F2D-1293-9080-38B1-8B9EAD7F49A3"/>
</associations>
</Column>
<Column name="id_medico" id="DA4105FD-0CAE-AF52-9DDD-F67B077041B7">
<createdBy>PC</createdBy>
<createdTime>2025-09-14 00:55:44 UTC</createdTime>
<generatorID>DB91F993-9847-2B4A-2B3C-F433D1F5E231</generatorID>
<ownerDesignName>Sumativa_2</ownerDesignName>
<useDomainConstraints>false</useDomainConstraints>
<use>1</use>
<logicalDatatype>LOGDT019</logicalDatatype>
<dataTypePrecision>4</dataTypePrecision>
<ownDataTypeParameters>,,</ownDataTypeParameters>
<previousColumn>false</previousColumn>
<autoIncrementCycle>false</autoIncrementCycle>
<associations>
<colAssociation fkAssociation="9C00A51D-10DA-E560-AE35-C9D11FDF4EBB" referredColumn="CB537D35-985D-9DBF-6A71-0BCB80E16AEC"/>
</associations>
</Column>
</columns>
<indexes itemClass="oracle.dbtools.crest.model.design.relational.Index">
<ind_PK_UK id="3AE7AEE7-C6C7-8661-8B82-8E13B0C55DB5" name="PK_ATENCION_MEDICA">
<createdBy>PC</createdBy>
<createdTime>2025-09-14 00:55:44 UTC</createdTime>
<generatorID>67831C28-41CB-93F5-57D9-0C873B3DEB85</generatorID>
<ownerDesignName>Sumativa_2</ownerDesignName>
<pk>true</pk>
<indexState>Primary Constraint</indexState>
<isSurrogateKey>false</isSurrogateKey>
<indexColumnUsage>
<colUsage columnID="E4088B1A-AA7E-42E6-B579-0D55FBEECC21"/>
</indexColumnUsage>
</ind_PK_UK>
<ind_PK_UK id="48142892-0F83-E184-E2E1-39DC0648BB09" name="FK_ATENCION_MEDICA_MEDICO">
<createdBy>PC</createdBy>
<createdTime>2025-09-14 00:55:44 UTC</createdTime>
<generatorID>B8FA951E-5A51-2A43-F4D0-BC8DA334A183</generatorID>
<ownerDesignName>Sumativa_2</ownerDesignName>
<indexState>Foreign Key</indexState>
<isSurrogateKey>false</isSurrogateKey>
<indexColumnUsage>
<colUsage columnID="DA4105FD-0CAE-AF52-9DDD-F67B077041B7"/>
</indexColumnUsage>
</ind_PK_UK>
<ind_PK_UK id="78968007-85E6-CE73-BF93-70E2A17CDB58" name="FK_ATENCION_MEDICA_PACIENTE">
<createdBy>PC</createdBy>
<createdTime>2025-09-14 00:55:44 UTC</createdTime>
<generatorID>A3F07829-1403-3F3F-1C89-D6AFB82C3DC4</generatorID>
<ownerDesignName>Sumativa_2</ownerDesignName>
<indexState>Foreign Key</indexState>
<isSurrogateKey>false</isSurrogateKey>
<indexColumnUsage>
<colUsage columnID="3311EAEB-BB86-54BB-9DF5-3DCF271731A8"/>
</indexColumnUsage>
</ind_PK_UK>
</indexes>
</Table>