<?xml version = '1.0' encoding = 'UTF-8'?>
<Table class="oracle.dbtools.crest.model.design.relational.Table" directorySegmentName="seg_0" id="B65C0F74-F105-3865-6B75-221E13D1058B" name="ESPECIALIDAD">
<createdBy>PC</createdBy>
<createdTime>2025-09-14 00:55:44 UTC</createdTime>
<generatorID>D98FDD13-69B7-1BE2-E3C7-F98E08661BC9</generatorID>
<ownerDesignName>Sumativa_2</ownerDesignName>
<allowColumnReorder>false</allowColumnReorder>
<existDependencyGenerateInDDl>true</existDependencyGenerateInDDl>
<parsed>true</parsed>
<columns itemClass="oracle.dbtools.crest.model.design.relational.Column">
<Column name="id_especialidad" id="868C5459-8546-1023-D869-4EB6541E28BD">
<createdBy>PC</createdBy>
<createdTime>2025-09-14 00:55:44 UTC</createdTime>
<generatorID>B7F09ECD-7662-C937-18B0-F75475768448</generatorID>
<ownerDesignName>Sumativa_2</ownerDesignName>
<useDomainConstraints>false</useDomainConstraints>
<use>1</use>
<logicalDatatype>LOGDT019</logicalDatatype>
<dataTypePrecision>4</dataTypePrecision>
<ownDataTypeParameters>,4,</ownDataTypeParameters>
<autoIncrementCycle>false</autoIncrementCycle>
</Column>
<Column name="nombre_especialidad" id="A381F663-DA0D-E0CE-2DC2-5A59E50DE6A1">
<createdBy>PC</createdBy>
<createdTime>2025-09-14 00:55:44 UTC</createdTime>
<generatorID>DB044398-7649-CF92-1BF4-4B87F1FCE64F</generatorID>
<ownerDesignName>Sumativa_2</ownerDesignName>
<useDomainConstraints>false</useDomainConstraints>
<use>1</use>
<logicalDatatype>LOGDT024</logicalDatatype>
<dataTypeSize>50 CHAR</dataTypeSize>
<ownDataTypeParameters>50 CHAR,,</ownDataTypeParameters>
<autoIncrementCycle>false</autoIncrementCycle>
</Column>
<Column name="descripcion" id="448712C2-9283-2030-37C5-E5F09BA8E144">
<createdBy>PC</createdBy>
<createdTime>2025-09-14 00:55:44 UTC</createdTime>
<generatorID>20786C6A-1442-D4F9-8DC0-FCDC5D67025D</generatorID>
<ownerDesignName>Sumativa_2</ownerDesignName>
<useDomainConstraints>false</useDomainConstraints>
<use>1</use>
<logicalDatatype>LOGDT024</logicalDatatype>
<dataTypeSize>200 CHAR</dataTypeSize>
<ownDataTypeParameters>200 CHAR,,</ownDataTypeParameters>
<autoIncrementCycle>false</autoIncrementCycle>
</Column>
</columns>
<indexes itemClass="oracle.dbtools.crest.model.design.relational.Index">
<ind_PK_UK id="F15BA378-B96D-10B1-82B4-98A99A0FEC08" name="PK_ESPECIALIDAD">
<createdBy>PC</createdBy>
<createdTime>2025-09-14 00:55:44 UTC</createdTime>
<generatorID>B8B6787E-4564-7B21-4A0F-5F88A75DC450</generatorID>
<ownerDesignName>Sumativa_2</ownerDesignName>
<pk>true</pk>
<indexState>Primary Constraint</indexState>
<isSurrogateKey>false</isSurrogateKey>
<indexColumnUsage>
<colUsage columnID="868C5459-8546-1023-D869-4EB6541E28BD"/>
</indexColumnUsage>
</ind_PK_UK>
<ind_PK_UK id="BF29B89A-EBA2-AA65-6510-1EA6705B55AF" name="ESPECIALIDAD_nombre_especialidad_UN">
<createdBy>PC</createdBy>
<createdTime>2025-09-14 00:55:44 UTC</createdTime>
<generatorID>2D1B541F-0847-FA50-DF7D-92FAE5F679AA</generatorID>
<ownerDesignName>Sumativa_2</ownerDesignName>
<indexState>Unique Constraint</indexState>
<isSurrogateKey>false</isSurrogateKey>
<indexColumnUsage>
<colUsage columnID="A381F663-DA0D-E0CE-2DC2-5A59E50DE6A1"/>
</indexColumnUsage>
</ind_PK_UK>
</indexes>
</Table>