<?xml version = '1.0' encoding = 'UTF-8'?>
<Diagram class="oracle.dbtools.crest.swingui.logical.DPVLogical" name="Logical" id="4702CC2C-CCF5-7794-9F87-02575C1CF609">
<createdBy>PC</createdBy>
<modifiedBy>PC</modifiedBy>
<createdTime>2025-08-15 23:34:08 UTC</createdTime>
<autoRoute>false</autoRoute>
<boxInbox>true</boxInbox>
<showLegend>false</showLegend>
<showLabels>false</showLabels>
<showRelAttributes>false</showRelAttributes>
<gridEnabled>false</gridEnabled>
<showGrid>false</showGrid>
<diagramColor>-1</diagramColor>
<display>false</display>
<notation>0</notation>
<objectViews>
<OView class="oracle.dbtools.crest.swingui.logical.TVEntity" oid="0C2908A6-99E8-29E4-EE72-80267E9B1279" otype="Entity" vid="932BF5D4-2D31-B563-AE09-72C5B94D8036">
<hideElementsInCurrentOnly>false</hideElementsInCurrentOnly>
<bounds x="623" y="41" width="170" height="140"/>
</OView>
<OView class="oracle.dbtools.crest.swingui.logical.TVEntity" oid="4FE61C86-088A-7627-FF73-AEF5169F43F0" otype="Entity" vid="AD7FD1B0-AEC7-BC79-F717-FEF04C1AEAFB">
<hideElementsInCurrentOnly>false</hideElementsInCurrentOnly>
<bounds x="357" y="49" width="169" height="142"/>
</OView>
<OView class="oracle.dbtools.crest.swingui.logical.TVEntity" oid="5130789D-18F6-1ABC-BFD2-410BC7CA821F" otype="Entity" vid="277C0467-73EC-5BC1-610F-F5C5B5354292">
<hideElementsInCurrentOnly>false</hideElementsInCurrentOnly>
<bounds x="308" y="294" width="170" height="154"/>
</OView>
<OView class="oracle.dbtools.crest.swingui.logical.TVEntity" oid="E0291584-679F-2525-93AB-BB5B4711FACE" otype="Entity" vid="9258826F-B26C-DB47-3AA7-C4DEFA317D25">
<hideElementsInCurrentOnly>false</hideElementsInCurrentOnly>
<bounds x="65" y="54" width="170" height="146"/>
</OView>
</objectViews>
<connectors>
<Connector class="oracle.dbtools.crest.swingui.logical.TVRelation" oid="0CDD0479-665D-44D5-F8A4-509D9C357875" otype="Relation" vid_source="277C0467-73EC-5BC1-610F-F5C5B5354292" vid_target="9258826F-B26C-DB47-3AA7-C4DEFA317D25">
<hideElementsInCurrentOnly>false</hideElementsInCurrentOnly>
<backgroundColor>-16777216</backgroundColor>
<lineWidth>1</lineWidth>
<points>
<point x="316" y="294"/>
<point x="222" y="200"/>
</points>
</Connector>
<Connector class="oracle.dbtools.crest.swingui.logical.TVRelation" oid="5AB7B6D7-75E9-5974-9A00-6522A4DDEE43" otype="Relation" vid_source="277C0467-73EC-5BC1-610F-F5C5B5354292" vid_target="AD7FD1B0-AEC7-BC79-F717-FEF04C1AEAFB">
<hideElementsInCurrentOnly>false</hideElementsInCurrentOnly>
<backgroundColor>-16777216</backgroundColor>
<lineWidth>1</lineWidth>
<points>
<point x="402" y="294"/>
<point x="402" y="191"/>
</points>
</Connector>
<Connector class="oracle.dbtools.crest.swingui.logical.TVRelation" oid="835338F3-FCB2-41C1-4F95-6518B8C95E70" otype="Relation" vid_source="9258826F-B26C-DB47-3AA7-C4DEFA317D25" vid_target="AD7FD1B0-AEC7-BC79-F717-FEF04C1AEAFB">
<hideElementsInCurrentOnly>false</hideElementsInCurrentOnly>
<backgroundColor>-16777216</backgroundColor>
<lineWidth>1</lineWidth>
<points>
<point x="235" y="107"/>
<point x="357" y="107"/>
</points>
</Connector>
<Connector class="oracle.dbtools.crest.swingui.logical.TVRelation" oid="92C32B08-7A53-4CFC-AB28-EB2EC40DFD75" otype="Relation" vid_source="932BF5D4-2D31-B563-AE09-72C5B94D8036" vid_target="AD7FD1B0-AEC7-BC79-F717-FEF04C1AEAFB">
<hideElementsInCurrentOnly>false</hideElementsInCurrentOnly>
<backgroundColor>-16777216</backgroundColor>
<lineWidth>1</lineWidth>
<points>
<point x="623" y="115"/>
<point x="526" y="115"/>
</points>
</Connector>
</connectors>
<displays>
<Display class="oracle.dbtools.crest.swingui.logical.DPVLogical" name="Display_1" id="B8B6ED6C-E2F7-3BF3-F515-CCAA1C965172">
<createdBy>PC</createdBy>
<modifiedBy>PC</modifiedBy>
<createdTime>2025-08-16 01:59:44 UTC</createdTime>
<autoRoute>false</autoRoute>
<boxInbox>true</boxInbox>
<showLegend>false</showLegend>
<showLabels>false</showLabels>
<showRelAttributes>false</showRelAttributes>
<gridEnabled>false</gridEnabled>
<showGrid>false</showGrid>
<diagramColor>-1</diagramColor>
<display>true</display>
<notation>2</notation>
<objectViews>
<OView class="oracle.dbtools.crest.swingui.logical.TVEntity" oid="0C2908A6-99E8-29E4-EE72-80267E9B1279" otype="Entity" vid="613E5120-69B2-CA5A-3B5E-5E3E192E58BC">
<hideElementsInCurrentOnly>false</hideElementsInCurrentOnly>
<bounds x="335" y="292" width="170" height="140"/>
</OView>
<OView class="oracle.dbtools.crest.swingui.logical.TVEntity" oid="4FE61C86-088A-7627-FF73-AEF5169F43F0" otype="Entity" vid="B01051C9-550C-4B2F-4737-8E45FD2F2CA5">
<hideElementsInCurrentOnly>false</hideElementsInCurrentOnly>
<bounds x="32" y="289" width="169" height="142"/>
</OView>
<OView class="oracle.dbtools.crest.swingui.logical.TVEntity" oid="5130789D-18F6-1ABC-BFD2-410BC7CA821F" otype="Entity" vid="A1319A51-C163-8131-DE1D-8076FCE858FA">
<hideElementsInCurrentOnly>false</hideElementsInCurrentOnly>
<bounds x="42" y="27" width="170" height="154"/>
</OView>
<OView class="oracle.dbtools.crest.swingui.logical.TVEntity" oid="E0291584-679F-2525-93AB-BB5B4711FACE" otype="Entity" vid="BFB658C7-ACB4-C54B-E558-7A187D65F219">
<hideElementsInCurrentOnly>false</hideElementsInCurrentOnly>
<bounds x="334" y="36" width="170" height="146"/>
</OView>
</objectViews>
<connectors>
<Connector class="oracle.dbtools.crest.swingui.logical.TVRelation" oid="0CDD0479-665D-44D5-F8A4-509D9C357875" otype="Relation" vid_source="A1319A51-C163-8131-DE1D-8076FCE858FA" vid_target="BFB658C7-ACB4-C54B-E558-7A187D65F219">
<hideElementsInCurrentOnly>false</hideElementsInCurrentOnly>
<backgroundColor>-16777216</backgroundColor>
<lineWidth>1</lineWidth>
<points>
<point x="212" y="108"/>
<point x="334" y="108"/>
</points>
</Connector>
<Connector class="oracle.dbtools.crest.swingui.logical.TVRelation" oid="5AB7B6D7-75E9-5974-9A00-6522A4DDEE43" otype="Relation" vid_source="A1319A51-C163-8131-DE1D-8076FCE858FA" vid_target="B01051C9-550C-4B2F-4737-8E45FD2F2CA5">
<hideElementsInCurrentOnly>false</hideElementsInCurrentOnly>
<backgroundColor>-16777216</backgroundColor>
<lineWidth>1</lineWidth>
<points>
<point x="121" y="181"/>
<point x="121" y="289"/>
</points>
</Connector>
<Connector class="oracle.dbtools.crest.swingui.logical.TVRelation" oid="835338F3-FCB2-41C1-4F95-6518B8C95E70" otype="Relation" vid_source="BFB658C7-ACB4-C54B-E558-7A187D65F219" vid_target="B01051C9-550C-4B2F-4737-8E45FD2F2CA5">
<hideElementsInCurrentOnly>false</hideElementsInCurrentOnly>
<backgroundColor>-16777216</backgroundColor>
<lineWidth>1</lineWidth>
<points>
<point x="334" y="179"/>
<point x="201" y="289"/>
</points>
</Connector>
<Connector class="oracle.dbtools.crest.swingui.logical.TVRelation" oid="92C32B08-7A53-4CFC-AB28-EB2EC40DFD75" otype="Relation" vid_source="613E5120-69B2-CA5A-3B5E-5E3E192E58BC" vid_target="B01051C9-550C-4B2F-4737-8E45FD2F2CA5">
<hideElementsInCurrentOnly>false</hideElementsInCurrentOnly>
<backgroundColor>-16777216</backgroundColor>
<lineWidth>1</lineWidth>
<points>
<point x="335" y="361"/>
<point x="201" y="361"/>
</points>
</Connector>
</connectors>
</Display>
</displays>
</Diagram>