<?xml version = '1.0' encoding = 'UTF-8'?>
<Diagram class="oracle.dbtools.crest.swingui.logical.DPVLogical" name="Logical" id="DB99651E-941A-AA18-E9CD-1A141F83222E">
<createdBy>PC</createdBy>
<modifiedBy>PC</modifiedBy>
<createdTime>2025-09-07 22:59:14 UTC</createdTime>
<autoRoute>false</autoRoute>
<boxInbox>true</boxInbox>
<showLegend>false</showLegend>
<showLabels>false</showLabels>
<showRelAttributes>false</showRelAttributes>
<gridEnabled>false</gridEnabled>
<showGrid>false</showGrid>
<diagramColor>-1</diagramColor>
<display>false</display>
<notation>0</notation>
<objectViews>
<OView class="oracle.dbtools.crest.swingui.logical.TVEntity" oid="2723367B-6AE5-C19E-530B-9631AE9D0033" otype="Entity" vid="1775C7E3-4444-54F8-7DD6-5880053F4190">
<hideElementsInCurrentOnly>false</hideElementsInCurrentOnly>
<bounds x="14" y="221" width="201" height="74"/>
</OView>
<OView class="oracle.dbtools.crest.swingui.logical.TVEntity" oid="2C29005A-F23D-293C-F247-0A86B2588A11" otype="Entity" vid="EEBC0C23-9EB4-B2F1-AEDE-667709135AB2">
<hideElementsInCurrentOnly>false</hideElementsInCurrentOnly>
<bounds x="22" y="439" width="212" height="90"/>
</OView>
<OView class="oracle.dbtools.crest.swingui.logical.TVEntity" oid="32EE85A9-BF9C-DA5C-26D2-C99E9D468966" otype="Entity" vid="96C220A9-990E-BE9E-B765-658200156EB7">
<hideElementsInCurrentOnly>false</hideElementsInCurrentOnly>
<bounds x="250" y="205" width="225" height="213"/>
</OView>
<OView class="oracle.dbtools.crest.swingui.logical.TVEntity" oid="48C6A7E3-6E7F-A3DD-2B68-E0AD62363FB0" otype="Entity" vid="7E2C55DC-E6B6-1CEF-AE7A-7DBFF3DB1232">
<hideElementsInCurrentOnly>false</hideElementsInCurrentOnly>
<bounds x="102" y="22" width="423" height="158"/>
</OView>
<OView class="oracle.dbtools.crest.swingui.logical.TVEntity" oid="4F759CE2-2BA0-B5CF-C43B-AC1523F2FFF2" otype="Entity" vid="C0CA68AA-ABD2-5971-8D55-CA1C7D8A54B9">
<hideElementsInCurrentOnly>false</hideElementsInCurrentOnly>
<bounds x="763" y="286" width="188" height="71"/>
</OView>
<OView class="oracle.dbtools.crest.swingui.logical.TVEntity" oid="5A209AAE-5E6A-B37F-1F1D-8819A5D0028E" otype="Entity" vid="671E2061-90B8-AC54-66A6-9C16510F9253">
<hideElementsInCurrentOnly>false</hideElementsInCurrentOnly>
<bounds x="499" y="229" width="221" height="151"/>
</OView>
<OView class="oracle.dbtools.crest.swingui.logical.TVEntity" oid="61FA2ED3-D296-A682-F8EA-99725647448C" otype="Entity" vid="2DD66C40-F237-60F1-63F9-C59F985E0548">
<hideElementsInCurrentOnly>false</hideElementsInCurrentOnly>
<bounds x="773" y="58" width="216" height="178"/>
</OView>
<OView class="oracle.dbtools.crest.swingui.logical.TVEntity" oid="847090A2-AFD5-5896-8DB7-60F7C25C1E58" otype="Entity" vid="304237F9-9F15-D052-5369-D209628E3484">
<hideElementsInCurrentOnly>false</hideElementsInCurrentOnly>
<bounds x="299" y="472" width="300" height="126"/>
</OView>
<OView class="oracle.dbtools.crest.swingui.logical.TVEntity" oid="8F5F1C37-B29B-368A-9D0B-083C7C1D46C7" otype="Entity" vid="394D2295-9886-DE79-3D69-197CB8E8A82D">
<hideElementsInCurrentOnly>false</hideElementsInCurrentOnly>
<bounds x="112" y="92" width="197" height="78"/>
</OView>
<OView class="oracle.dbtools.crest.swingui.logical.TVEntity" oid="BA86985B-40AC-252F-F0D7-7845E5997494" otype="Entity" vid="0504C503-FB0F-84D8-9C23-DFA104DC2534">
<hideElementsInCurrentOnly>false</hideElementsInCurrentOnly>
<bounds x="998" y="325" width="220" height="117"/>
</OView>
<OView class="oracle.dbtools.crest.swingui.logical.TVEntity" oid="D032465F-ABD4-AF5C-DC61-179E82AFACD5" otype="Entity" vid="66A3074F-767C-74D9-C3E3-3A937093E8F9">
<hideElementsInCurrentOnly>false</hideElementsInCurrentOnly>
<bounds x="320" y="93" width="195" height="71"/>
</OView>
</objectViews>
<connectors>
<Connector class="oracle.dbtools.crest.swingui.logical.TVRelation" oid="2A82890F-5819-4E8F-F480-7F5773925BD7" otype="Relation" vid_source="7E2C55DC-E6B6-1CEF-AE7A-7DBFF3DB1232" vid_target="96C220A9-990E-BE9E-B765-658200156EB7">
<hideElementsInCurrentOnly>false</hideElementsInCurrentOnly>
<backgroundColor>-16777216</backgroundColor>
<lineWidth>1</lineWidth>
<points>
<point x="362" y="180"/>
<point x="362" y="205"/>
</points>
</Connector>
<Connector class="oracle.dbtools.crest.swingui.logical.TVRelation" oid="33428B6B-F484-0D7F-E437-322A10122B03" otype="Relation" vid_source="2DD66C40-F237-60F1-63F9-C59F985E0548" vid_target="671E2061-90B8-AC54-66A6-9C16510F9253">
<hideElementsInCurrentOnly>false</hideElementsInCurrentOnly>
<backgroundColor>-16777216</backgroundColor>
<lineWidth>1</lineWidth>
<points>
<point x="773" y="232"/>
<point x="720" y="232"/>
</points>
</Connector>
<Connector class="oracle.dbtools.crest.swingui.logical.TVRelation" oid="463BC4AC-5458-30E4-0D99-5576F8566B59" otype="Relation" vid_source="C0CA68AA-ABD2-5971-8D55-CA1C7D8A54B9" vid_target="96C220A9-990E-BE9E-B765-658200156EB7">
<hideElementsInCurrentOnly>false</hideElementsInCurrentOnly>
<backgroundColor>-16777216</backgroundColor>
<lineWidth>1</lineWidth>
<points>
<point x="763" y="336"/>
<point x="475" y="336"/>
</points>
</Connector>
<Connector class="oracle.dbtools.crest.swingui.logical.TVRelation" oid="5D066FFC-F162-F999-CDC3-64544CB8F37A" otype="Relation" vid_source="96C220A9-990E-BE9E-B765-658200156EB7" vid_target="671E2061-90B8-AC54-66A6-9C16510F9253">
<hideElementsInCurrentOnly>false</hideElementsInCurrentOnly>
<backgroundColor>-16777216</backgroundColor>
<lineWidth>1</lineWidth>
<points>
<point x="475" y="304"/>
<point x="499" y="304"/>
</points>
</Connector>
<Connector class="oracle.dbtools.crest.swingui.logical.TVRelation" oid="6057C8CF-4DBF-A15A-FC1A-6BA9829CDB2C" otype="Relation" vid_source="C0CA68AA-ABD2-5971-8D55-CA1C7D8A54B9" vid_target="0504C503-FB0F-84D8-9C23-DFA104DC2534">
<hideElementsInCurrentOnly>false</hideElementsInCurrentOnly>
<backgroundColor>-16777216</backgroundColor>
<lineWidth>1</lineWidth>
<points>
<point x="951" y="341"/>
<point x="998" y="341"/>
</points>
</Connector>
<Connector class="oracle.dbtools.crest.swingui.logical.TVInheritanceRelation" oid="67A2A3BA-6B09-D2D5-28D2-73D45D29F636" otype="Hierarchy relation" vid_source="7E2C55DC-E6B6-1CEF-AE7A-7DBFF3DB1232" vid_target="394D2295-9886-DE79-3D69-197CB8E8A82D">
<hideElementsInCurrentOnly>false</hideElementsInCurrentOnly>
<backgroundColor>-65536</backgroundColor>
<lineWidth>1</lineWidth>
</Connector>
<Connector class="oracle.dbtools.crest.swingui.logical.TVRelation" oid="75990133-AEE9-BD11-A9A9-3DF5D22EAB61" otype="Relation" vid_source="C0CA68AA-ABD2-5971-8D55-CA1C7D8A54B9" vid_target="2DD66C40-F237-60F1-63F9-C59F985E0548">
<hideElementsInCurrentOnly>false</hideElementsInCurrentOnly>
<backgroundColor>-16777216</backgroundColor>
<lineWidth>1</lineWidth>
<points>
<point x="847" y="286"/>
<point x="847" y="236"/>
</points>
</Connector>
<Connector class="oracle.dbtools.crest.swingui.logical.TVRelation" oid="77707438-BE73-1888-0AEC-AE3FC1895EC4" otype="Relation" vid_source="EEBC0C23-9EB4-B2F1-AEDE-667709135AB2" vid_target="304237F9-9F15-D052-5369-D209628E3484">
<hideElementsInCurrentOnly>false</hideElementsInCurrentOnly>
<backgroundColor>-16777216</backgroundColor>
<lineWidth>1</lineWidth>
<points>
<point x="234" y="500"/>
<point x="299" y="500"/>
</points>
</Connector>
<Connector class="oracle.dbtools.crest.swingui.logical.TVRelation" oid="CDA830E8-92C0-8E4B-2426-5E9D0B10C944" otype="Relation" vid_source="1775C7E3-4444-54F8-7DD6-5880053F4190" vid_target="96C220A9-990E-BE9E-B765-658200156EB7">
<hideElementsInCurrentOnly>false</hideElementsInCurrentOnly>
<backgroundColor>-16777216</backgroundColor>
<lineWidth>1</lineWidth>
<points>
<point x="215" y="258"/>
<point x="250" y="258"/>
</points>
</Connector>
<Connector class="oracle.dbtools.crest.swingui.logical.TVRelation" oid="CDEA028C-CD9B-E0CD-7C83-4297197AA08C" otype="Relation" vid_source="96C220A9-990E-BE9E-B765-658200156EB7" vid_target="304237F9-9F15-D052-5369-D209628E3484">
<hideElementsInCurrentOnly>false</hideElementsInCurrentOnly>
<backgroundColor>-16777216</backgroundColor>
<lineWidth>1</lineWidth>
<points>
<point x="387" y="418"/>
<point x="387" y="472"/>
</points>
</Connector>
<Connector class="oracle.dbtools.crest.swingui.logical.TVInheritanceRelation" oid="F00CC912-EEAF-9ABC-5E91-D041232B55F1" otype="Hierarchy relation" vid_source="7E2C55DC-E6B6-1CEF-AE7A-7DBFF3DB1232" vid_target="66A3074F-767C-74D9-C3E3-3A937093E8F9">
<hideElementsInCurrentOnly>false</hideElementsInCurrentOnly>
<backgroundColor>-65536</backgroundColor>
<lineWidth>1</lineWidth>
</Connector>
</connectors>
</Diagram>