<?xml version = '1.0' encoding = 'UTF-8'?>
<Entity class="oracle.dbtools.crest.model.design.logical.Entity" directorySegmentName="seg_0" id="1276A41B-26D6-36EC-1952-96C79924D52C" name="PILOTO">
<createdBy>PC</createdBy>
<createdTime>2025-08-25 03:08:54 UTC</createdTime>
<ownerDesignName>Oracle_Clase_2</ownerDesignName>
<engineerTo>
<item key="4D531B62-56BC-5DFB-6C58-171E058C26F8" value="true"/>
</engineerTo>
<adequatelyNormalized>NO</adequatelyNormalized>
<expectedVolumes>0</expectedVolumes>
<fwdEngineeringStrategyName>Single Table</fwdEngineeringStrategyName>
<growthPercent>0</growthPercent>
<growthType>Year</growthType>
<maxVolumes>9999999</maxVolumes>
<minVolumes>0</minVolumes>
<normalForm>Third</normalForm>
<attributes itemClass="oracle.dbtools.crest.model.design.logical.Attribute">
<Attribute name="rut" id="286303DE-CF90-20F1-B64F-1D049A19F028">
<createdBy>PC</createdBy>
<createdTime>2025-08-25 03:12:35 UTC</createdTime>
<generatorID>A20CC685-1284-1B84-DD23-1562FE052992</generatorID>
<ownerDesignName>Oracle_Clase_2</ownerDesignName>
<engineerTo>
<item key="4D531B62-56BC-5DFB-6C58-171E058C26F8" value="true"/>
</engineerTo>
<referedAttribute>069EDA5C-20B1-9E73-6DEA-55FB595433F4</referedAttribute>
<useDomainConstraints>false</useDomainConstraints>
<use>1</use>
<logicalDatatype>LOGDT024</logicalDatatype>
<dataTypeSize>12</dataTypeSize>
<ownDataTypeParameters>,,</ownDataTypeParameters>
</Attribute>
<Attribute name="horas_vuelo" id="1F5766CE-574B-6680-DE3F-3ED9BF4E23D3">
<createdBy>PC</createdBy>
<createdTime>2025-08-25 03:08:59 UTC</createdTime>
<ownerDesignName>Oracle_Clase_2</ownerDesignName>
<engineerTo>
<item key="4D531B62-56BC-5DFB-6C58-171E058C26F8" value="true"/>
</engineerTo>
<useDomainConstraints>false</useDomainConstraints>
<use>1</use>
<logicalDatatype>LOGDT019</logicalDatatype>
<ownDataTypeParameters>,,</ownDataTypeParameters>
</Attribute>
</attributes>
<identifiers itemClass="oracle.dbtools.crest.model.design.logical.CandidateKey">
<identifier id="97E6299C-15D0-7E92-9B0B-F5C1A5EFD016" name="PILOTO PK">
<createdBy>PC</createdBy>
<createdTime>2025-08-25 03:10:04 UTC</createdTime>
<ownerDesignName>Oracle_Clase_2</ownerDesignName>
<engineerTo>
<item key="4D531B62-56BC-5DFB-6C58-171E058C26F8" value="true"/>
</engineerTo>
<pk>true</pk>
<usedAttributes>
<attributeRef>286303DE-CF90-20F1-B64F-1D049A19F028</attributeRef>
</usedAttributes>
</identifier>
</identifiers>
</Entity>