<?xml version = '1.0' encoding = 'UTF-8'?>
<Entity class="oracle.dbtools.crest.model.design.logical.Entity" directorySegmentName="seg_0" id="825AB069-F6D8-F444-B6C0-7BA0AC3B12F7" name="AVION">
<createdBy>PC</createdBy>
<createdTime>2025-08-25 02:15:48 UTC</createdTime>
<ownerDesignName>Oracle_Clase_2</ownerDesignName>
<engineerTo>
<item key="4D531B62-56BC-5DFB-6C58-171E058C26F8" value="true"/>
</engineerTo>
<adequatelyNormalized>NO</adequatelyNormalized>
<expectedVolumes>0</expectedVolumes>
<fwdEngineeringStrategyName>Single Table</fwdEngineeringStrategyName>
<growthPercent>0</growthPercent>
<growthType>Year</growthType>
<maxVolumes>9999999</maxVolumes>
<minVolumes>0</minVolumes>
<normalForm>Third</normalForm>
<attributes itemClass="oracle.dbtools.crest.model.design.logical.Attribute">
<Attribute name="matricula" id="21D959AC-A282-8102-9C21-AF5A52CCCFF4">
<createdBy>PC</createdBy>
<createdTime>2025-08-25 02:16:07 UTC</createdTime>
<ownerDesignName>Oracle_Clase_2</ownerDesignName>
<engineerTo>
<item key="4D531B62-56BC-5DFB-6C58-171E058C26F8" value="true"/>
</engineerTo>
<useDomainConstraints>false</useDomainConstraints>
<use>1</use>
<logicalDatatype>LOGDT019</logicalDatatype>
<dataTypePrecision>6</dataTypePrecision>
<ownDataTypeParameters>,6,</ownDataTypeParameters>
</Attribute>
<Attribute name="marca" id="67762ED7-7B06-3CC6-FC26-58F1B48D386E">
<createdBy>PC</createdBy>
<createdTime>2025-08-25 02:17:00 UTC</createdTime>
<ownerDesignName>Oracle_Clase_2</ownerDesignName>
<engineerTo>
<item key="4D531B62-56BC-5DFB-6C58-171E058C26F8" value="true"/>
</engineerTo>
<useDomainConstraints>false</useDomainConstraints>
<use>1</use>
<logicalDatatype>LOGDT024</logicalDatatype>
<dataTypeSize>50</dataTypeSize>
<ownDataTypeParameters>50,,</ownDataTypeParameters>
</Attribute>
<Attribute name="modelo" id="1990AA56-0444-9A50-25EC-7A0138F2E273">
<createdBy>PC</createdBy>
<createdTime>2025-08-25 02:17:31 UTC</createdTime>
<ownerDesignName>Oracle_Clase_2</ownerDesignName>
<engineerTo>
<item key="4D531B62-56BC-5DFB-6C58-171E058C26F8" value="true"/>
</engineerTo>
<useDomainConstraints>false</useDomainConstraints>
<use>1</use>
<logicalDatatype>LOGDT024</logicalDatatype>
<dataTypeSize>50</dataTypeSize>
<ownDataTypeParameters>50,,</ownDataTypeParameters>
</Attribute>
<Attribute name="capacidad" id="67FCE23C-9D09-34B8-82EC-4EAAA9695608">
<createdBy>PC</createdBy>
<createdTime>2025-08-25 02:17:45 UTC</createdTime>
<ownerDesignName>Oracle_Clase_2</ownerDesignName>
<engineerTo>
<item key="4D531B62-56BC-5DFB-6C58-171E058C26F8" value="true"/>
</engineerTo>
<useDomainConstraints>false</useDomainConstraints>
<use>1</use>
<logicalDatatype>LOGDT019</logicalDatatype>
<dataTypePrecision>4</dataTypePrecision>
<ownDataTypeParameters>,4,</ownDataTypeParameters>
</Attribute>
</attributes>
<identifiers itemClass="oracle.dbtools.crest.model.design.logical.CandidateKey">
<identifier id="F12E6C10-87F0-EB87-761C-417B868EC22E" name="AVION PK">
<createdBy>PC</createdBy>
<createdTime>2025-08-25 02:16:38 UTC</createdTime>
<ownerDesignName>Oracle_Clase_2</ownerDesignName>
<engineerTo>
<item key="4D531B62-56BC-5DFB-6C58-171E058C26F8" value="true"/>
</engineerTo>
<pk>true</pk>
<usedAttributes>
<attributeRef>21D959AC-A282-8102-9C21-AF5A52CCCFF4</attributeRef>
</usedAttributes>
</identifier>
</identifiers>
</Entity>