<?xml version = '1.0' encoding = 'UTF-8'?>
<Entity class="oracle.dbtools.crest.model.design.logical.Entity" directorySegmentName="seg_0" id="B9E274F6-DC93-8D14-005F-83788AAF02BD" name="ADMINISTRATIVO">
<createdBy>PC</createdBy>
<createdTime>2025-08-25 03:10:11 UTC</createdTime>
<ownerDesignName>Oracle_Clase_2</ownerDesignName>
<engineerTo>
<item key="4D531B62-56BC-5DFB-6C58-171E058C26F8" value="true"/>
</engineerTo>
<adequatelyNormalized>NO</adequatelyNormalized>
<expectedVolumes>0</expectedVolumes>
<fwdEngineeringStrategyName>Single Table</fwdEngineeringStrategyName>
<growthPercent>0</growthPercent>
<growthType>Year</growthType>
<maxVolumes>9999999</maxVolumes>
<minVolumes>0</minVolumes>
<normalForm>Third</normalForm>
<attributes itemClass="oracle.dbtools.crest.model.design.logical.Attribute">
<Attribute name="rut" id="6C6716D9-0FDD-CC88-3EC9-E2F6033D6E82">
<createdBy>PC</createdBy>
<createdTime>2025-08-25 03:10:59 UTC</createdTime>
<generatorID>321DD395-CA59-F5E0-FF48-FC33861266F7</generatorID>
<ownerDesignName>Oracle_Clase_2</ownerDesignName>
<engineerTo>
<item key="4D531B62-56BC-5DFB-6C58-171E058C26F8" value="true"/>
</engineerTo>
<referedAttribute>069EDA5C-20B1-9E73-6DEA-55FB595433F4</referedAttribute>
<useDomainConstraints>false</useDomainConstraints>
<use>1</use>
<logicalDatatype>LOGDT024</logicalDatatype>
<dataTypeSize>12</dataTypeSize>
<ownDataTypeParameters>,,</ownDataTypeParameters>
</Attribute>
<Attribute name="horas_extra" id="A8A0C244-7574-A457-3A51-D953775C8181">
<createdBy>PC</createdBy>
<createdTime>2025-08-25 03:10:24 UTC</createdTime>
<ownerDesignName>Oracle_Clase_2</ownerDesignName>
<engineerTo>
<item key="4D531B62-56BC-5DFB-6C58-171E058C26F8" value="true"/>
</engineerTo>
<useDomainConstraints>false</useDomainConstraints>
<use>1</use>
<logicalDatatype>LOGDT019</logicalDatatype>
<ownDataTypeParameters>,,</ownDataTypeParameters>
</Attribute>
</attributes>
<identifiers itemClass="oracle.dbtools.crest.model.design.logical.CandidateKey">
<identifier id="5174FEA7-B5AB-E538-D2BD-18C92AD509C9" name="ADMINISTRATIVO PK">
<createdBy>PC</createdBy>
<createdTime>2025-08-25 03:11:08 UTC</createdTime>
<ownerDesignName>Oracle_Clase_2</ownerDesignName>
<engineerTo>
<item key="4D531B62-56BC-5DFB-6C58-171E058C26F8" value="true"/>
</engineerTo>
<pk>true</pk>
<usedAttributes>
<attributeRef>6C6716D9-0FDD-CC88-3EC9-E2F6033D6E82</attributeRef>
</usedAttributes>
</identifier>
</identifiers>
</Entity>