<?xml version = '1.0' encoding = 'UTF-8'?>
<Entity class="oracle.dbtools.crest.model.design.logical.Entity" directorySegmentName="seg_0" id="FBB0A30F-F45E-C514-514D-CEA8CA6900B2" name="RESERVA">
<createdBy>PC</createdBy>
<createdTime>2025-08-25 03:21:55 UTC</createdTime>
<ownerDesignName>Oracle_Clase_2</ownerDesignName>
<engineerTo>
<item key="4D531B62-56BC-5DFB-6C58-171E058C26F8" value="true"/>
</engineerTo>
<adequatelyNormalized>NO</adequatelyNormalized>
<expectedVolumes>0</expectedVolumes>
<fwdEngineeringStrategyName>Single Table</fwdEngineeringStrategyName>
<growthPercent>0</growthPercent>
<growthType>Year</growthType>
<maxVolumes>9999999</maxVolumes>
<minVolumes>0</minVolumes>
<normalForm>Third</normalForm>
<attributes itemClass="oracle.dbtools.crest.model.design.logical.Attribute">
<Attribute name="numero_reserva" id="F22D12D2-262C-9E92-5EC0-C007C26646DA">
<createdBy>PC</createdBy>
<createdTime>2025-08-25 03:22:01 UTC</createdTime>
<ownerDesignName>Oracle_Clase_2</ownerDesignName>
<engineerTo>
<item key="4D531B62-56BC-5DFB-6C58-171E058C26F8" value="true"/>
</engineerTo>
<useDomainConstraints>false</useDomainConstraints>
<use>1</use>
<logicalDatatype>LOGDT019</logicalDatatype>
<ownDataTypeParameters>,,</ownDataTypeParameters>
</Attribute>
<Attribute name="fecha_reserva" id="B23E79DD-98D6-D20C-2138-FA6E0CB11D27">
<createdBy>PC</createdBy>
<createdTime>2025-08-25 03:22:15 UTC</createdTime>
<ownerDesignName>Oracle_Clase_2</ownerDesignName>
<engineerTo>
<item key="4D531B62-56BC-5DFB-6C58-171E058C26F8" value="true"/>
</engineerTo>
<useDomainConstraints>false</useDomainConstraints>
<use>1</use>
<logicalDatatype>LOGDT007</logicalDatatype>
<ownDataTypeParameters>,,</ownDataTypeParameters>
</Attribute>
<Attribute name="fecha_viaje" id="205293A7-3C5C-9C9E-0CFD-958ED407426C">
<createdBy>PC</createdBy>
<createdTime>2025-08-25 03:22:33 UTC</createdTime>
<ownerDesignName>Oracle_Clase_2</ownerDesignName>
<engineerTo>
<item key="4D531B62-56BC-5DFB-6C58-171E058C26F8" value="true"/>
</engineerTo>
<useDomainConstraints>false</useDomainConstraints>
<use>1</use>
<logicalDatatype>LOGDT007</logicalDatatype>
<ownDataTypeParameters>,,</ownDataTypeParameters>
</Attribute>
<Attribute name="estado" id="CFBB0C4A-4ED7-03FE-72BE-423BFA6BC578">
<createdBy>PC</createdBy>
<createdTime>2025-08-25 03:22:46 UTC</createdTime>
<ownerDesignName>Oracle_Clase_2</ownerDesignName>
<engineerTo>
<item key="4D531B62-56BC-5DFB-6C58-171E058C26F8" value="true"/>
</engineerTo>
<useDomainConstraints>false</useDomainConstraints>
<use>1</use>
<logicalDatatype>LOGDT024</logicalDatatype>
<dataTypeSize>20</dataTypeSize>
<ownDataTypeParameters>20,,</ownDataTypeParameters>
</Attribute>
<Attribute name="rut" id="972D6F91-4769-7FCC-C158-FA8F695EA579">
<createdBy>PC</createdBy>
<createdTime>2025-08-25 03:25:17 UTC</createdTime>
<generatorID>AD4B23A0-5A2D-91E3-33FE-F6823E6002B5</generatorID>
<ownerDesignName>Oracle_Clase_2</ownerDesignName>
<engineerTo>
<item key="4D531B62-56BC-5DFB-6C58-171E058C26F8" value="true"/>
</engineerTo>
<referedAttribute>069EDA5C-20B1-9E73-6DEA-55FB595433F4</referedAttribute>
<useDomainConstraints>false</useDomainConstraints>
<use>1</use>
<logicalDatatype>LOGDT024</logicalDatatype>
<dataTypeSize>12</dataTypeSize>
<ownDataTypeParameters>,,</ownDataTypeParameters>
</Attribute>
<Attribute name="documento" id="5F4AD8B0-7E09-9662-0AF4-AFF6E512FB3F">
<createdBy>PC</createdBy>
<createdTime>2025-08-25 03:26:16 UTC</createdTime>
<generatorID>7CE86336-0129-D09A-113E-4DE687BC6E72</generatorID>
<ownerDesignName>Oracle_Clase_2</ownerDesignName>
<engineerTo>
<item key="4D531B62-56BC-5DFB-6C58-171E058C26F8" value="true"/>
</engineerTo>
<referedAttribute>803BC0E9-8CE3-D602-677D-83EB53283FED</referedAttribute>
<useDomainConstraints>false</useDomainConstraints>
<use>1</use>
<logicalDatatype>LOGDT024</logicalDatatype>
<dataTypeSize>30</dataTypeSize>
<ownDataTypeParameters>,,</ownDataTypeParameters>
</Attribute>
<Attribute name="numero_vuelo" id="D3A20D5A-4D2E-4080-9C06-D2554260A599">
<createdBy>PC</createdBy>
<createdTime>2025-08-25 03:26:53 UTC</createdTime>
<generatorID>6C09A099-4479-25AA-34D1-92294711293F</generatorID>
<ownerDesignName>Oracle_Clase_2</ownerDesignName>
<engineerTo>
<item key="4D531B62-56BC-5DFB-6C58-171E058C26F8" value="true"/>
</engineerTo>
<referedAttribute>4C7B2394-6FDF-989F-EC1D-7F6C79858E02</referedAttribute>
<useDomainConstraints>false</useDomainConstraints>
<use>1</use>
<logicalDatatype>LOGDT019</logicalDatatype>
<ownDataTypeParameters>,,</ownDataTypeParameters>
</Attribute>
</attributes>
<identifiers itemClass="oracle.dbtools.crest.model.design.logical.CandidateKey">
<identifier id="FD81637F-DAA5-B5C8-ED8E-ACF25669ED0A" name="RESERVA PK">
<createdBy>PC</createdBy>
<createdTime>2025-08-25 03:22:14 UTC</createdTime>
<ownerDesignName>Oracle_Clase_2</ownerDesignName>
<engineerTo>
<item key="4D531B62-56BC-5DFB-6C58-171E058C26F8" value="true"/>
</engineerTo>
<pk>true</pk>
<usedAttributes>
<attributeRef>F22D12D2-262C-9E92-5EC0-C007C26646DA</attributeRef>
</usedAttributes>
</identifier>
</identifiers>
</Entity>